E_ID,Eq_Name,Price
,NA,NA
,NA,NA
,NA,NA
,NA,NA
,NA,NA
,NA,NA
,NA,NA
,NA,NA
,NA,NA
,NA,NA
,NA,NA
,NA,NA
,NA,NA
,NA,NA
,NA,NA
,NA,NA
,NA,NA
,NA,NA
,NA,NA
,NA,NA
,NA,NA
,NA,NA
,NA,NA
,NA,NA
,NA,NA
,NA,NA
,NA,NA
,NA,NA
,NA,NA
,NA,NA
,NA,NA
,NA,NA
,NA,NA
,NA,NA
,NA,NA
,NA,NA
,NA,NA
,NA,NA
,NA,NA
,NA,NA
,NA,NA
,NA,NA
,NA,NA
,NA,NA
,NA,NA
,NA,NA
,NA,NA
,NA,NA
,NA,NA
,NA,NA
,NA,NA
,NA,NA
,NA,NA
,NA,NA
,NA,NA
,NA,NA
,NA,NA
,NA,NA
,NA,NA
,NA,NA
,NA,NA
,NA,NA
,NA,NA
,NA,NA
,NA,NA
,NA,NA
,NA,NA
,NA,NA
,NA,NA
,NA,NA
,NA,NA
,NA,NA
,NA,NA
,NA,NA
,NA,NA
,NA,NA
,NA,NA
,NA,NA
,NA,NA
,NA,NA
,NA,NA
,NA,NA
,NA,NA
,NA,NA
,NA,NA
,NA,NA
,NA,NA
,NA,NA
,NA,NA
,NA,NA
,NA,NA
,NA,NA
,NA,NA
,NA,NA
,NA,NA
,NA,NA
,NA,NA
,NA,NA
,NA,NA
,NA,NA
,NA,NA
,NA,NA
,NA,NA
,NA,NA
,NA,NA
,NA,NA
,NA,NA
,NA,NA
,NA,NA
,NA,NA
,NA,NA
,NA,NA
,NA,NA
,NA,NA
,NA,NA
,NA,NA
,NA,NA
,NA,NA
,NA,NA
,NA,NA
,NA,NA
,NA,NA
,NA,NA
,NA,NA
,NA,NA
,NA,NA
,NA,NA
,NA,NA
,NA,NA
,NA,NA
,NA,NA
,NA,NA
,NA,NA
,NA,NA
,NA,NA
,NA,NA
,NA,NA
,NA,NA
,NA,NA
,NA,NA
,NA,NA
,NA,NA
,NA,NA
,NA,NA
,NA,NA
,NA,NA
,NA,NA
,NA,NA
,NA,NA
,NA,NA
,NA,NA
,NA,NA
,NA,NA
,NA,NA
,NA,NA
,NA,NA
,NA,NA
,NA,NA
,NA,NA
,NA,NA
,NA,NA
,NA,NA
,NA,NA
,NA,NA
,NA,NA
,NA,NA
,NA,NA
,NA,NA
,NA,NA
,NA,NA
,NA,NA
,NA,NA
,NA,NA
,NA,NA
,NA,NA
,NA,NA
,NA,NA
,NA,NA
,NA,NA
,NA,NA
,NA,NA
,NA,NA
,NA,NA
,NA,NA
,NA,NA
,NA,NA
,NA,NA
,NA,NA
,NA,NA
,NA,NA
,NA,NA
,NA,NA
,NA,NA
,NA,NA
,NA,NA
,NA,NA
,NA,NA
,NA,NA
,NA,NA
,NA,NA
,NA,NA
,NA,NA
,NA,NA
,NA,NA
,NA,NA
,NA,NA
,NA,NA
,NA,NA
,NA,NA
,NA,NA
,NA,NA
,NA,NA
,NA,NA
,NA,NA
,NA,NA
,NA,NA
,NA,NA
,NA,NA
,NA,NA
,NA,NA
,NA,NA
,NA,NA
,NA,NA
,NA,NA
,NA,NA
,NA,NA
,NA,NA
,NA,NA
,NA,NA
,NA,NA
,NA,NA
,NA,NA
,NA,NA
,NA,NA
,NA,NA
,NA,NA
,NA,NA
,NA,NA
,NA,NA
,NA,NA
,NA,NA
,NA,NA
,NA,NA
,NA,NA
,NA,NA
,NA,NA
,NA,NA
,NA,NA
,NA,NA
,NA,NA
,NA,NA
,NA,NA
,NA,NA
,NA,NA
,NA,NA
,NA,NA
,NA,NA
,NA,NA
,NA,NA
,NA,NA
,NA,NA
,NA,NA
,NA,NA
,NA,NA
,NA,NA
,NA,NA
,NA,NA
,NA,NA
,NA,NA
,NA,NA
,NA,NA
,NA,NA
,NA,NA
,NA,NA
,NA,NA
,NA,NA
,NA,NA
,NA,NA
,NA,NA
,NA,NA
,NA,NA
,NA,NA
,NA,NA
,NA,NA
,NA,NA
,NA,NA
,NA,NA
,NA,NA
,NA,NA
,NA,NA
,NA,NA
,NA,NA
,NA,NA
,NA,NA
,NA,NA
,NA,NA
,NA,NA
,NA,NA
,NA,NA
,NA,NA
,NA,NA
,NA,NA
,NA,NA
,NA,NA
,NA,NA
,NA,NA
,NA,NA
,NA,NA
,NA,NA
,NA,NA
,NA,NA
,NA,NA
,NA,NA
,NA,NA
,NA,NA
,NA,NA
,NA,NA
,NA,NA
,NA,NA
,NA,NA
,NA,NA
,NA,NA
,NA,NA
,NA,NA
,NA,NA
,NA,NA
,NA,NA
,NA,NA
,NA,NA
,NA,NA
,NA,NA
,NA,NA
,NA,NA
,NA,NA
,NA,NA
,NA,NA
,NA,NA
,NA,NA
,NA,NA
,NA,NA
,NA,NA
,NA,NA
,NA,NA
,NA,NA
,NA,NA
,NA,NA
,NA,NA
,NA,NA
,NA,NA
,NA,NA
,NA,NA
,NA,NA
,NA,NA
,NA,NA
,NA,NA
,NA,NA
,NA,NA
,NA,NA
,NA,NA
,NA,NA
,NA,NA
,NA,NA
,NA,NA
,NA,NA
,NA,NA
,NA,NA
,NA,NA
,NA,NA
,NA,NA
,NA,NA
,NA,NA
,NA,NA
,NA,NA
,NA,NA
,NA,NA
,NA,NA
,NA,NA
,NA,NA
,NA,NA
,NA,NA
,NA,NA
,NA,NA
,NA,NA
,NA,NA
,NA,NA
,NA,NA
,NA,NA
,NA,NA
,NA,NA
,NA,NA
,NA,NA
,NA,NA
,NA,NA
,NA,NA
,NA,NA
,NA,NA
,NA,NA
,NA,NA
,NA,NA
,NA,NA
,NA,NA
,NA,NA
,NA,NA
,NA,NA
,NA,NA
,NA,NA
,NA,NA
,NA,NA
,NA,NA
,NA,NA
,NA,NA
,NA,NA
,NA,NA
,NA,NA
,NA,NA
,NA,NA
,NA,NA
,NA,NA
,NA,NA
,NA,NA
,NA,NA
,NA,NA
,NA,NA
,NA,NA
,NA,NA
,NA,NA
,NA,NA
,NA,NA
,NA,NA
,NA,NA
,NA,NA
,NA,NA
,NA,NA
,NA,NA
,NA,NA
,NA,NA
,NA,NA
,NA,NA
,NA,NA
,NA,NA
,NA,NA
,NA,NA
,NA,NA
,NA,NA
,NA,NA
,NA,NA
,NA,NA
,NA,NA
,NA,NA
,NA,NA
,NA,NA
,NA,NA
,NA,NA
,NA,NA
,NA,NA
,NA,NA
,NA,NA
,NA,NA
,NA,NA
,NA,NA
,NA,NA
,NA,NA
,NA,NA
,NA,NA
,NA,NA
,NA,NA
,NA,NA
,NA,NA
,NA,NA
,NA,NA
,NA,NA
,NA,NA
,NA,NA
,NA,NA
,NA,NA
,NA,NA
,NA,NA
,NA,NA
,NA,NA
,NA,NA
,NA,NA
,NA,NA
,NA,NA
,NA,NA
,NA,NA
,NA,NA
,NA,NA
,NA,NA
,NA,NA
,NA,NA
,NA,NA
,NA,NA
,NA,NA
,NA,NA
,NA,NA
,NA,NA
,NA,NA
,NA,NA
,NA,NA
,NA,NA
,NA,NA
,NA,NA
,NA,NA
,NA,NA
,NA,NA
,NA,NA
,NA,NA
,NA,NA
,NA,NA
,NA,NA
,NA,NA
,NA,NA
,NA,NA
,NA,NA
,NA,NA
,NA,NA
,NA,NA
,NA,NA
,NA,NA
,NA,NA
,NA,NA
,NA,NA
,NA,NA
,NA,NA
,NA,NA
,NA,NA
,NA,NA
,NA,NA
,NA,NA
,NA,NA
,NA,NA
,NA,NA
,NA,NA
,NA,NA
,NA,NA
,NA,NA
,NA,NA
,NA,NA
,NA,NA
,NA,NA
,NA,NA
,NA,NA
,NA,NA
,NA,NA
,NA,NA
,NA,NA
,NA,NA
,NA,NA
,NA,NA
,NA,NA
,NA,NA
,NA,NA
,NA,NA
,NA,NA
,NA,NA
,NA,NA
,NA,NA
,NA,NA
,NA,NA
,NA,NA
,NA,NA
,NA,NA
,NA,NA
,NA,NA
,NA,NA
,NA,NA
,NA,NA
,NA,NA
,NA,NA
,NA,NA
,NA,NA
,NA,NA
,NA,NA
,NA,NA
,NA,NA
,NA,NA
,NA,NA
,NA,NA
,NA,NA
,NA,NA
,NA,NA
,NA,NA
,NA,NA
,NA,NA
,NA,NA
,NA,NA
,NA,NA
,NA,NA
,NA,NA
,NA,NA
,NA,NA
,NA,NA
,NA,NA
,NA,NA
,NA,NA
,NA,NA
,NA,NA
,NA,NA
,NA,NA
,NA,NA
,NA,NA
,NA,NA
,NA,NA
,NA,NA
,NA,NA
,NA,NA
,NA,NA
,NA,NA
,NA,NA
,NA,NA
,NA,NA
,NA,NA
,NA,NA
,NA,NA
,NA,NA
,NA,NA
,NA,NA
,NA,NA
,NA,NA
,NA,NA
,NA,NA
,NA,NA
,NA,NA
,NA,NA
,NA,NA
,NA,NA
,NA,NA
,NA,NA
,NA,NA
,NA,NA
,NA,NA
,NA,NA
,NA,NA
,NA,NA
,NA,NA
,NA,NA
,NA,NA
,NA,NA
,NA,NA
,NA,NA
,NA,NA
,NA,NA
,NA,NA
,NA,NA
,NA,NA
,NA,NA
,NA,NA
,NA,NA
,NA,NA
,NA,NA
,NA,NA
,NA,NA
,NA,NA
,NA,NA
,NA,NA
,NA,NA
,NA,NA
,NA,NA
,NA,NA
,NA,NA
,NA,NA
,NA,NA
,NA,NA
,NA,NA
,NA,NA
,NA,NA
,NA,NA
,NA,NA
,NA,NA
,NA,NA
,NA,NA
,NA,NA
,NA,NA
,NA,NA
,NA,NA
,NA,NA
,NA,NA
,NA,NA
,NA,NA
,NA,NA
,NA,NA
,NA,NA
,NA,NA
,NA,NA
,NA,NA
,NA,NA
,NA,NA
,NA,NA
,NA,NA
,NA,NA
,NA,NA
,NA,NA
,NA,NA
,NA,NA
,NA,NA
,NA,NA
,NA,NA
,NA,NA
,NA,NA
,NA,NA
,NA,NA
,NA,NA
,NA,NA
,NA,NA
,NA,NA
,NA,NA
,NA,NA
,NA,NA
,NA,NA
,NA,NA
,NA,NA
,NA,NA
,NA,NA
,NA,NA
,NA,NA
,NA,NA
,NA,NA
,NA,NA
,NA,NA
,NA,NA
,NA,NA
,NA,NA
,NA,NA
,NA,NA
,NA,NA
,NA,NA
,NA,NA
,NA,NA
,NA,NA
,NA,NA
,NA,NA
,NA,NA
,NA,NA
,NA,NA
,NA,NA
,NA,NA
,NA,NA
,NA,NA
,NA,NA
,NA,NA
,NA,NA
,NA,NA
,NA,NA
,NA,NA
,NA,NA
,NA,NA
,NA,NA
,NA,NA
,NA,NA
,NA,NA
,NA,NA
,NA,NA
,NA,NA
,NA,NA
,NA,NA
,NA,NA
,NA,NA
,NA,NA
,NA,NA
,NA,NA
,NA,NA
,NA,NA
,NA,NA
,NA,NA
,NA,NA
,NA,NA
,NA,NA
,NA,NA
,NA,NA
,NA,NA
,NA,NA
,NA,NA
,NA,NA
,NA,NA
,NA,NA
,NA,NA
,NA,NA
,NA,NA
,NA,NA
,NA,NA
,NA,NA
,NA,NA
,NA,NA
,NA,NA
,NA,NA
,NA,NA
,NA,NA
,NA,NA
,NA,NA
,NA,NA
,NA,NA
,NA,NA
,NA,NA
,NA,NA
,NA,NA
,NA,NA
,NA,NA
,NA,NA
,NA,NA
,NA,NA
,NA,NA
,NA,NA
,NA,NA
,NA,NA
,NA,NA
,NA,NA
,NA,NA
,NA,NA
,NA,NA
,NA,NA
,NA,NA
,NA,NA
,NA,NA
,NA,NA
,NA,NA
,NA,NA
,NA,NA
,NA,NA
,NA,NA
,NA,NA
,NA,NA
,NA,NA
,NA,NA
,NA,NA
,NA,NA
,NA,NA
,NA,NA
,NA,NA
,NA,NA
,NA,NA
,NA,NA
,NA,NA
,NA,NA
,NA,NA
,NA,NA
,NA,NA
,NA,NA
,NA,NA
,NA,NA
,NA,NA
,NA,NA
,NA,NA
,NA,NA
,NA,NA
,NA,NA
,NA,NA
,NA,NA
,NA,NA
,NA,NA
,NA,NA
,NA,NA
,NA,NA
,NA,NA
,NA,NA
,NA,NA
,NA,NA
,NA,NA
,NA,NA
,NA,NA
,NA,NA
,NA,NA
,NA,NA
,NA,NA
,NA,NA
,NA,NA
,NA,NA
,NA,NA
,NA,NA
,NA,NA
,NA,NA
,NA,NA
,NA,NA
,NA,NA
,NA,NA
,NA,NA
,NA,NA
,NA,NA
,NA,NA
,NA,NA
,NA,NA
,NA,NA
,NA,NA
,NA,NA
,NA,NA
,NA,NA
,NA,NA
,NA,NA
,NA,NA
,NA,NA
,NA,NA
,NA,NA
,NA,NA
,NA,NA
,NA,NA
,NA,NA
,NA,NA
,NA,NA
,NA,NA
,NA,NA
,NA,NA
,NA,NA
,NA,NA
,NA,NA
,NA,NA
,NA,NA
,NA,NA
,NA,NA
,NA,NA
,NA,NA
,NA,NA
,NA,NA
,NA,NA
,NA,NA
,NA,NA
,NA,NA
,NA,NA
,NA,NA
,NA,NA
,NA,NA
,NA,NA
,NA,NA
,NA,NA
,NA,NA
,NA,NA
,NA,NA
,NA,NA
,NA,NA
,NA,NA
,NA,NA
,NA,NA
,NA,NA
,NA,NA
,NA,NA
,NA,NA
,NA,NA
,NA,NA
,NA,NA
,NA,NA
,NA,NA
,NA,NA
,NA,NA
,NA,NA
,NA,NA
,NA,NA
,NA,NA
,NA,NA
,NA,NA
,NA,NA
,NA,NA
,NA,NA
,NA,NA
,NA,NA
,NA,NA
,NA,NA
,NA,NA
,NA,NA
,NA,NA
,NA,NA
,NA,NA
,NA,NA
,NA,NA
,NA,NA
,NA,NA
,NA,NA
,NA,NA
,NA,NA
,NA,NA
,NA,NA
,NA,NA
,NA,NA
,NA,NA
,NA,NA
,NA,NA
,NA,NA
,NA,NA
,NA,NA
,NA,NA
,NA,NA
,NA,NA
,NA,NA
,NA,NA
,NA,NA
,NA,NA
,NA,NA
,NA,NA
,NA,NA
,NA,NA
,NA,NA
,NA,NA
,NA,NA
,NA,NA
,NA,NA
,NA,NA
,NA,NA
,NA,NA
,NA,NA
,NA,NA
,NA,NA
,NA,NA
,NA,NA
,NA,NA
,NA,NA
,NA,NA
,NA,NA
,NA,NA
,NA,NA
,NA,NA
,NA,NA
,NA,NA
,NA,NA
,NA,NA
,NA,NA
,NA,NA
,NA,NA
,NA,NA
,NA,NA
,NA,NA
,NA,NA
,NA,NA
,NA,NA
,NA,NA
,NA,NA
,NA,NA
,NA,NA
,NA,NA
,NA,NA
,NA,NA
,NA,NA
,NA,NA
,NA,NA
,NA,NA
,NA,NA
,NA,NA
,NA,NA
,NA,NA
,NA,NA
,NA,NA
,NA,NA
,NA,NA
,NA,NA
,NA,NA
,NA,NA
,NA,NA
,NA,NA
,NA,NA
,NA,NA
,NA,NA
,NA,NA
,NA,NA
,NA,NA
,NA,NA
,NA,NA
,NA,NA
,NA,NA
,NA,NA
,NA,NA
,NA,NA
,NA,NA
,NA,NA
,NA,NA
,NA,NA
,NA,NA
,NA,NA
,NA,NA
,NA,NA
,NA,NA
,NA,NA
,NA,NA
,NA,NA
,NA,NA
,NA,NA
,NA,NA
,NA,NA
,NA,NA
,NA,NA
,NA,NA
,NA,NA
,NA,NA
,NA,NA
,NA,NA
,NA,NA
,NA,NA
,NA,NA
,NA,NA
,NA,NA
,NA,NA
,NA,NA
,NA,NA
,NA,NA
,NA,NA
,NA,NA
,NA,NA
,NA,NA
,NA,NA
,NA,NA
,NA,NA
,NA,NA
,NA,NA
,NA,NA
,NA,NA
,NA,NA
,NA,NA
,NA,NA
,NA,NA
,NA,NA
,NA,NA
,NA,NA
,NA,NA
,NA,NA
,NA,NA
,NA,NA
,NA,NA
,NA,NA
,NA,NA
,NA,NA
,NA,NA
,NA,NA
,NA,NA
,NA,NA
,NA,NA
,NA,NA
,NA,NA
,NA,NA
,NA,NA
,NA,NA
,NA,NA
,NA,NA
,NA,NA
,NA,NA
,NA,NA
,NA,NA
,NA,NA
,NA,NA
,NA,NA
,NA,NA
,NA,NA
,NA,NA
,NA,NA
,NA,NA
,NA,NA
,NA,NA
,NA,NA
,NA,NA
,NA,NA
,NA,NA
,NA,NA
,NA,NA
,NA,NA
,NA,NA
,NA,NA
,NA,NA
,NA,NA
,NA,NA
,NA,NA
,NA,NA
,NA,NA
,NA,NA
,NA,NA
,NA,NA
,NA,NA
,NA,NA
,NA,NA
,NA,NA
,NA,NA
,NA,NA
,NA,NA
,NA,NA
,NA,NA
,NA,NA
,NA,NA
,NA,NA
,NA,NA
,NA,NA
,NA,NA
,NA,NA
,NA,NA
,NA,NA
,NA,NA
,NA,NA
,NA,NA
,NA,NA
,NA,NA
,NA,NA
,NA,NA
,NA,NA
,NA,NA
,NA,NA
,NA,NA
,NA,NA
,NA,NA
,NA,NA
,NA,NA
,NA,NA
,NA,NA
,NA,NA
,NA,NA
,NA,NA
,NA,NA
,NA,NA
,NA,NA
,NA,NA
,NA,NA
,NA,NA
,NA,NA
,NA,NA
,NA,NA
,NA,NA
,NA,NA
,NA,NA
,NA,NA
,NA,NA
,NA,NA
,NA,NA
,NA,NA
,NA,NA
,NA,NA
,NA,NA
,NA,NA
,NA,NA
,NA,NA
,NA,NA
,NA,NA
,NA,NA
,NA,NA
,NA,NA
,NA,NA
,NA,NA
,NA,NA
,NA,NA
,NA,NA
,NA,NA
,NA,NA
,NA,NA
,NA,NA
,NA,NA
,NA,NA
,NA,NA
,NA,NA
,NA,NA
,NA,NA
,NA,NA
,NA,NA
,NA,NA
,NA,NA
,NA,NA
,NA,NA
,NA,NA
,NA,NA
,NA,NA
,NA,NA
,NA,NA
,NA,NA
,NA,NA
,NA,NA
,NA,NA
,NA,NA
,NA,NA
,NA,NA
,NA,NA
,NA,NA
,NA,NA
,NA,NA
,NA,NA
,NA,NA
,NA,NA
,NA,NA
,NA,NA
,NA,NA
,NA,NA
,NA,NA
,NA,NA
,NA,NA
,NA,NA
,NA,NA
,NA,NA
,NA,NA
,NA,NA
,NA,NA
,NA,NA
,NA,NA
,NA,NA
,NA,NA
,NA,NA
,NA,NA
,NA,NA
,NA,NA
,NA,NA
,NA,NA
,NA,NA
,NA,NA
,NA,NA
,NA,NA
,NA,NA
,NA,NA
,NA,NA
,NA,NA
,NA,NA
,NA,NA
,NA,NA
,NA,NA
,NA,NA
,NA,NA
,NA,NA
,NA,NA
,NA,NA
,NA,NA
,NA,NA
,NA,NA
,NA,NA
,NA,NA
,NA,NA
,NA,NA
,NA,NA
,NA,NA
,NA,NA
,NA,NA
,NA,NA
,NA,NA
,NA,NA
,NA,NA
,NA,NA
,NA,NA
,NA,NA
,NA,NA
,NA,NA
,NA,NA
,NA,NA
,NA,NA
,NA,NA
,NA,NA
,NA,NA
,NA,NA
,NA,NA
,NA,NA
,NA,NA
,NA,NA
,NA,NA
,NA,NA
,NA,NA
,NA,NA
,NA,NA
,NA,NA
,NA,NA
,NA,NA
,NA,NA
,NA,NA
,NA,NA
,NA,NA
,NA,NA
,NA,NA
,NA,NA
,NA,NA
,NA,NA
,NA,NA
,NA,NA
,NA,NA
,NA,NA
,NA,NA
,NA,NA
,NA,NA
,NA,NA
,NA,NA
,NA,NA
,NA,NA
,NA,NA
,NA,NA
,NA,NA
,NA,NA
,NA,NA
,NA,NA
,NA,NA
,NA,NA
,NA,NA
,NA,NA
,NA,NA
,NA,NA
,NA,NA
,NA,NA
,NA,NA
,NA,NA
,NA,NA
,NA,NA
,NA,NA
,NA,NA
,NA,NA
,NA,NA
,NA,NA
,NA,NA
,NA,NA
,NA,NA
,NA,NA
,NA,NA
,NA,NA
,NA,NA
,NA,NA
,NA,NA
,NA,NA
,NA,NA
,NA,NA
,NA,NA
,NA,NA
,NA,NA
,NA,NA
,NA,NA
,NA,NA
,NA,NA
,NA,NA
,NA,NA
,NA,NA
,NA,NA
,NA,NA
,NA,NA
,NA,NA
,NA,NA
,NA,NA
,NA,NA
,NA,NA
,NA,NA
,NA,NA
,NA,NA
,NA,NA
,NA,NA
,NA,NA
,NA,NA
,NA,NA
,NA,NA
,NA,NA
,NA,NA
,NA,NA
,NA,NA
,NA,NA
,NA,NA
,NA,NA
,NA,NA
,NA,NA
,NA,NA
,NA,NA
,NA,NA
,NA,NA
,NA,NA
,NA,NA
,NA,NA
,NA,NA
,NA,NA
,NA,NA
,NA,NA
,NA,NA
,NA,NA
,NA,NA
,NA,NA
,NA,NA
,NA,NA
,NA,NA
,NA,NA
,NA,NA
,NA,NA
,NA,NA
,NA,NA
,NA,NA
,NA,NA
,NA,NA
,NA,NA
,NA,NA
,NA,NA
,NA,NA
,NA,NA
,NA,NA
,NA,NA
,NA,NA
,NA,NA
,NA,NA
,NA,NA
,NA,NA
,NA,NA
,NA,NA
,NA,NA
,NA,NA
,NA,NA
,NA,NA
,NA,NA
,NA,NA
,NA,NA
,NA,NA
,NA,NA
,NA,NA
,NA,NA
,NA,NA
,NA,NA
,NA,NA
,NA,NA
,NA,NA
,NA,NA
,NA,NA
,NA,NA
,NA,NA
,NA,NA
,NA,NA
,NA,NA
,NA,NA
,NA,NA
,NA,NA
,NA,NA
,NA,NA
,NA,NA
,NA,NA
,NA,NA
,NA,NA
,NA,NA
,NA,NA
,NA,NA
,NA,NA
,NA,NA
,NA,NA
,NA,NA
,NA,NA
,NA,NA
,NA,NA
,NA,NA
,NA,NA
,NA,NA
,NA,NA
,NA,NA
,NA,NA
,NA,NA
,NA,NA
,NA,NA
,NA,NA
,NA,NA
,NA,NA
,NA,NA
,NA,NA
,NA,NA
,NA,NA
,NA,NA
,NA,NA
,NA,NA
,NA,NA
,NA,NA
,NA,NA
,NA,NA
,NA,NA
,NA,NA
,NA,NA
,NA,NA
,NA,NA
,NA,NA
,NA,NA
,NA,NA
,NA,NA
,NA,NA
,NA,NA
,NA,NA
,NA,NA
,NA,NA
,NA,NA
,NA,NA
,NA,NA
,NA,NA
,NA,NA
,NA,NA
,NA,NA
,NA,NA
,NA,NA
,NA,NA
,NA,NA
,NA,NA
,NA,NA
,NA,NA
,NA,NA
,NA,NA
,NA,NA
,NA,NA
,NA,NA
,NA,NA
,NA,NA
,NA,NA
,NA,NA
,NA,NA
,NA,NA
,NA,NA
,NA,NA
,NA,NA
,NA,NA
,NA,NA
,NA,NA
,NA,NA
,NA,NA
,NA,NA
,NA,NA
,NA,NA
,NA,NA
,NA,NA
,NA,NA
,NA,NA
,NA,NA
,NA,NA
,NA,NA
,NA,NA
,NA,NA
,NA,NA
,NA,NA
,NA,NA
,NA,NA
,NA,NA
,NA,NA
,NA,NA
,NA,NA
,NA,NA
,NA,NA
,NA,NA
,NA,NA
,NA,NA
,NA,NA
,NA,NA
,NA,NA
,NA,NA
,NA,NA
,NA,NA
,NA,NA
,NA,NA
,NA,NA
,NA,NA
,NA,NA
,NA,NA
,NA,NA
,NA,NA
,NA,NA
,NA,NA
,NA,NA
,NA,NA
,NA,NA
,NA,NA
,NA,NA
,NA,NA
,NA,NA
,NA,NA
,NA,NA
,NA,NA
,NA,NA
,NA,NA
,NA,NA
,NA,NA
,NA,NA
,NA,NA
,NA,NA
,NA,NA
,NA,NA
,NA,NA
,NA,NA
,NA,NA
,NA,NA
,NA,NA
,NA,NA
,NA,NA
,NA,NA
,NA,NA
,NA,NA
,NA,NA
,NA,NA
,NA,NA
,NA,NA
,NA,NA
,NA,NA
,NA,NA
,NA,NA
,NA,NA
,NA,NA
,NA,NA
,NA,NA
,NA,NA
,NA,NA
,NA,NA
,NA,NA
,NA,NA
,NA,NA
,NA,NA
,NA,NA
,NA,NA
,NA,NA
,NA,NA
,NA,NA
,NA,NA
,NA,NA
,NA,NA
,NA,NA
,NA,NA
,NA,NA
,NA,NA
,NA,NA
,NA,NA
,NA,NA
,NA,NA
,NA,NA
,NA,NA
,NA,NA
,NA,NA
,NA,NA
,NA,NA
,NA,NA
,NA,NA
,NA,NA
,NA,NA
,NA,NA
,NA,NA
,NA,NA
,NA,NA
,NA,NA
,NA,NA
,NA,NA
,NA,NA
,NA,NA
,NA,NA
,NA,NA
,NA,NA
,NA,NA
,NA,NA
,NA,NA
,NA,NA
,NA,NA
,NA,NA
,NA,NA
,NA,NA
,NA,NA
,NA,NA
,NA,NA
,NA,NA
,NA,NA
,NA,NA
,NA,NA
,NA,NA
,NA,NA
,NA,NA
,NA,NA
,NA,NA
,NA,NA
,NA,NA
,NA,NA
,NA,NA
,NA,NA
,NA,NA
,NA,NA
,NA,NA
,NA,NA
,NA,NA
,NA,NA
,NA,NA
,NA,NA
,NA,NA
,NA,NA
,NA,NA
,NA,NA
,NA,NA
,NA,NA
,NA,NA
,NA,NA
,NA,NA
,NA,NA
,NA,NA
,NA,NA
,NA,NA
,NA,NA
,NA,NA
,NA,NA
,NA,NA
,NA,NA
,NA,NA
,NA,NA
,NA,NA
,NA,NA
,NA,NA
,NA,NA
,NA,NA
,NA,NA
,NA,NA
,NA,NA
,NA,NA
,NA,NA
,NA,NA
,NA,NA
,NA,NA
,NA,NA
,NA,NA
,NA,NA
,NA,NA
,NA,NA
,NA,NA
,NA,NA
,NA,NA
,NA,NA
,NA,NA
,NA,NA
,NA,NA
,NA,NA
,NA,NA
,NA,NA
,NA,NA
,NA,NA
,NA,NA
,NA,NA
,NA,NA
,NA,NA
,NA,NA
,NA,NA
,NA,NA
,NA,NA
,NA,NA
,NA,NA
,NA,NA
,NA,NA
,NA,NA
,NA,NA
,NA,NA
,NA,NA
,NA,NA
,NA,NA
,NA,NA
,NA,NA
,NA,NA
,NA,NA
,NA,NA
,NA,NA
,NA,NA
,NA,NA
,NA,NA
,NA,NA
,NA,NA
,NA,NA
,NA,NA
,NA,NA
,NA,NA
,NA,NA
,NA,NA
,NA,NA
,NA,NA
,NA,NA
,NA,NA
,NA,NA
,NA,NA
,NA,NA
,NA,NA
,NA,NA
,NA,NA
,NA,NA
,NA,NA
,NA,NA
,NA,NA
,NA,NA
,NA,NA
,NA,NA
,NA,NA
,NA,NA
,NA,NA
,NA,NA
,NA,NA
,NA,NA
,NA,NA
,NA,NA
,NA,NA
,NA,NA
,NA,NA
,NA,NA
,NA,NA
,NA,NA
,NA,NA
,NA,NA
,NA,NA
,NA,NA
,NA,NA
,NA,NA
,NA,NA
,NA,NA
,NA,NA
,NA,NA
,NA,NA
,NA,NA
,NA,NA
,NA,NA
,NA,NA
,NA,NA
,NA,NA
,NA,NA
,NA,NA
,NA,NA
,NA,NA
,NA,NA
,NA,NA
,NA,NA
,NA,NA
,NA,NA
,NA,NA
,NA,NA
,NA,NA
,NA,NA
,NA,NA
,NA,NA
,NA,NA
,NA,NA
,NA,NA
,NA,NA
,NA,NA
,NA,NA
,NA,NA
,NA,NA
,NA,NA
,NA,NA
,NA,NA
,NA,NA
,NA,NA
,NA,NA
,NA,NA
,NA,NA
,NA,NA
,NA,NA
,NA,NA
,NA,NA
,NA,NA
,NA,NA
,NA,NA
,NA,NA
,NA,NA
,NA,NA
,NA,NA
,NA,NA
,NA,NA
,NA,NA
,NA,NA
,NA,NA
,NA,NA
,NA,NA
,NA,NA
,NA,NA
,NA,NA
,NA,NA
,NA,NA
,NA,NA
,NA,NA
,NA,NA
,NA,NA
,NA,NA
,NA,NA
,NA,NA
,NA,NA
,NA,NA
,NA,NA
,NA,NA
,NA,NA
,NA,NA
,NA,NA
,NA,NA
,NA,NA
,NA,NA
,NA,NA
,NA,NA
,NA,NA
,NA,NA
,NA,NA
,NA,NA
,NA,NA
,NA,NA
,NA,NA
,NA,NA
,NA,NA
,NA,NA
,NA,NA
,NA,NA
,NA,NA
,NA,NA
,NA,NA
,NA,NA
,NA,NA
,NA,NA
,NA,NA
,NA,NA
,NA,NA
,NA,NA
,NA,NA
,NA,NA
,NA,NA
,NA,NA
,NA,NA
,NA,NA
,NA,NA
,NA,NA
,NA,NA
,NA,NA
,NA,NA
,NA,NA
,NA,NA
,NA,NA
,NA,NA
,NA,NA
,NA,NA
,NA,NA
,NA,NA
,NA,NA
,NA,NA
,NA,NA
,NA,NA
,NA,NA
,NA,NA
,NA,NA
,NA,NA
,NA,NA
,NA,NA
,NA,NA
,NA,NA
,NA,NA
,NA,NA
,NA,NA
,NA,NA
,NA,NA
,NA,NA
,NA,NA
,NA,NA
,NA,NA
,NA,NA
,NA,NA
,NA,NA
,NA,NA
,NA,NA
,NA,NA
,NA,NA
,NA,NA
,NA,NA
,NA,NA
,NA,NA
,NA,NA
,NA,NA
,NA,NA
,NA,NA
,NA,NA
,NA,NA
,NA,NA
,NA,NA
,NA,NA
,NA,NA
,NA,NA
,NA,NA
,NA,NA
,NA,NA
,NA,NA
,NA,NA
,NA,NA
,NA,NA
,NA,NA
,NA,NA
,NA,NA
,NA,NA
,NA,NA
,NA,NA
,NA,NA
,NA,NA
,NA,NA
,NA,NA
,NA,NA
,NA,NA
,NA,NA
,NA,NA
,NA,NA
,NA,NA
,NA,NA
,NA,NA
,NA,NA
,NA,NA
,NA,NA
,NA,NA
,NA,NA
,NA,NA
,NA,NA
,NA,NA
,NA,NA
,NA,NA
,NA,NA
,NA,NA
,NA,NA
,NA,NA
,NA,NA
,NA,NA
,NA,NA
,NA,NA
,NA,NA
,NA,NA
,NA,NA
,NA,NA
,NA,NA
,NA,NA
,NA,NA
,NA,NA
,NA,NA
,NA,NA
,NA,NA
,NA,NA
,NA,NA
,NA,NA
,NA,NA
,NA,NA
,NA,NA
,NA,NA
,NA,NA
,NA,NA
,NA,NA
,NA,NA
,NA,NA
,NA,NA
,NA,NA
,NA,NA
,NA,NA
,NA,NA
,NA,NA
,NA,NA
,NA,NA
,NA,NA
,NA,NA
,NA,NA
,NA,NA
,NA,NA
,NA,NA
,NA,NA
,NA,NA
,NA,NA
,NA,NA
,NA,NA
,NA,NA
,NA,NA
,NA,NA
,NA,NA
,NA,NA
,NA,NA
,NA,NA
,NA,NA
,NA,NA
,NA,NA
,NA,NA
,NA,NA
,NA,NA
,NA,NA
,NA,NA
,NA,NA
,NA,NA
,NA,NA
,NA,NA
,NA,NA
,NA,NA
,NA,NA
,NA,NA
,NA,NA
,NA,NA
,NA,NA
,NA,NA
,NA,NA
,NA,NA
,NA,NA
,NA,NA
,NA,NA
,NA,NA
,NA,NA
,NA,NA
,NA,NA
,NA,NA
,NA,NA
,NA,NA
,NA,NA
,NA,NA
,NA,NA
,NA,NA
,NA,NA
,NA,NA
,NA,NA
,NA,NA
,NA,NA
,NA,NA
,NA,NA
,NA,NA
,NA,NA
,NA,NA
,NA,NA
,NA,NA
,NA,NA
,NA,NA
,NA,NA
,NA,NA
,NA,NA
,NA,NA
,NA,NA
,NA,NA
,NA,NA
,NA,NA
,NA,NA
,NA,NA
,NA,NA
,NA,NA
,NA,NA
,NA,NA
,NA,NA
,NA,NA
,NA,NA
,NA,NA
,NA,NA
,NA,NA
,NA,NA
,NA,NA
,NA,NA
,NA,NA
,NA,NA
,NA,NA
,NA,NA
,NA,NA
,NA,NA
,NA,NA
,NA,NA
,NA,NA
,NA,NA
,NA,NA
,NA,NA
,NA,NA
,NA,NA
,NA,NA
,NA,NA
,NA,NA
,NA,NA
,NA,NA
,NA,NA
,NA,NA
,NA,NA
,NA,NA
,NA,NA
,NA,NA
,NA,NA
,NA,NA
,NA,NA
,NA,NA
,NA,NA
,NA,NA
,NA,NA
,NA,NA
,NA,NA
,NA,NA
,NA,NA
,NA,NA
,NA,NA
,NA,NA
,NA,NA
,NA,NA
,NA,NA
,NA,NA
,NA,NA
,NA,NA
,NA,NA
,NA,NA
,NA,NA
,NA,NA
,NA,NA
,NA,NA
,NA,NA
,NA,NA
,NA,NA
,NA,NA
,NA,NA
,NA,NA
,NA,NA
,NA,NA
,NA,NA
,NA,NA
,NA,NA
,NA,NA
,NA,NA
,NA,NA
,NA,NA
,NA,NA
,NA,NA
,NA,NA
,NA,NA
,NA,NA
,NA,NA
,NA,NA
,NA,NA
,NA,NA
,NA,NA
,NA,NA
,NA,NA
,NA,NA
,NA,NA
,NA,NA
,NA,NA
,NA,NA
,NA,NA
,NA,NA
,NA,NA
,NA,NA
,NA,NA
,NA,NA
,NA,NA
,NA,NA
,NA,NA
,NA,NA
,NA,NA
,NA,NA
,NA,NA
,NA,NA
,NA,NA
,NA,NA
,NA,NA
,NA,NA
,NA,NA
,NA,NA
,NA,NA
,NA,NA
,NA,NA
,NA,NA
,NA,NA
,NA,NA
,NA,NA
,NA,NA
,NA,NA
,NA,NA
,NA,NA
,NA,NA
,NA,NA
,NA,NA
,NA,NA
,NA,NA
,NA,NA
,NA,NA
,NA,NA
,NA,NA
,NA,NA
,NA,NA
,NA,NA
,NA,NA
,NA,NA
,NA,NA
,NA,NA
,NA,NA
,NA,NA
,NA,NA
,NA,NA
,NA,NA
,NA,NA
,NA,NA
,NA,NA
,NA,NA
,NA,NA
,NA,NA
,NA,NA
,NA,NA
,NA,NA
,NA,NA
,NA,NA
,NA,NA
,NA,NA
,NA,NA
,NA,NA
,NA,NA
,NA,NA
,NA,NA
,NA,NA
,NA,NA
,NA,NA
,NA,NA
,NA,NA
,NA,NA
,NA,NA
,NA,NA
,NA,NA
,NA,NA
,NA,NA
,NA,NA
,NA,NA
,NA,NA
,NA,NA
,NA,NA
,NA,NA
,NA,NA
,NA,NA
,NA,NA
,NA,NA
,NA,NA
,NA,NA
,NA,NA
,NA,NA
,NA,NA
,NA,NA
,NA,NA
,NA,NA
,NA,NA
,NA,NA
,NA,NA
,NA,NA
,NA,NA
,NA,NA
,NA,NA
,NA,NA
,NA,NA
,NA,NA
,NA,NA
,NA,NA
,NA,NA
,NA,NA
,NA,NA
,NA,NA
,NA,NA
,NA,NA
,NA,NA
,NA,NA
,NA,NA
,NA,NA
,NA,NA
,NA,NA
,NA,NA
,NA,NA
,NA,NA
,NA,NA
,NA,NA
,NA,NA
,NA,NA
,NA,NA
,NA,NA
,NA,NA
,NA,NA
,NA,NA
,NA,NA
,NA,NA
,NA,NA
,NA,NA
,NA,NA
,NA,NA
,NA,NA
,NA,NA
,NA,NA
,NA,NA
,NA,NA
,NA,NA
,NA,NA
,NA,NA
,NA,NA
,NA,NA
,NA,NA
,NA,NA
,NA,NA
,NA,NA
,NA,NA
,NA,NA
,NA,NA
,NA,NA
,NA,NA
,NA,NA
,NA,NA
,NA,NA
,NA,NA
,NA,NA
,NA,NA
,NA,NA
,NA,NA
,NA,NA
,NA,NA
,NA,NA
,NA,NA
,NA,NA
,NA,NA
,NA,NA
,NA,NA
,NA,NA
,NA,NA
,NA,NA
,NA,NA
,NA,NA
,NA,NA
,NA,NA
,NA,NA
,NA,NA
,NA,NA
,NA,NA
,NA,NA
,NA,NA
,NA,NA
,NA,NA
,NA,NA
,NA,NA
,NA,NA
,NA,NA
,NA,NA
,NA,NA
,NA,NA
,NA,NA
,NA,NA
,NA,NA
,NA,NA
,NA,NA
,NA,NA
,NA,NA
,NA,NA
,NA,NA
,NA,NA
,NA,NA
,NA,NA
,NA,NA
,NA,NA
,NA,NA
,NA,NA
,NA,NA
,NA,NA
,NA,NA
,NA,NA
,NA,NA
,NA,NA
,NA,NA
,NA,NA
,NA,NA
,NA,NA
,NA,NA
,NA,NA
,NA,NA
,NA,NA
,NA,NA
,NA,NA
,NA,NA
,NA,NA
,NA,NA
,NA,NA
,NA,NA
,NA,NA
,NA,NA
,NA,NA
,NA,NA
,NA,NA
,NA,NA
,NA,NA
,NA,NA
,NA,NA
,NA,NA
,NA,NA
,NA,NA
,NA,NA
,NA,NA
,NA,NA
,NA,NA
,NA,NA
,NA,NA
,NA,NA
,NA,NA
,NA,NA
,NA,NA
,NA,NA
,NA,NA
,NA,NA
,NA,NA
,NA,NA
,NA,NA
,NA,NA
,NA,NA
,NA,NA
,NA,NA
,NA,NA
,NA,NA
,NA,NA
,NA,NA
,NA,NA
,NA,NA
,NA,NA
,NA,NA
,NA,NA
,NA,NA
,NA,NA
,NA,NA
,NA,NA
,NA,NA
,NA,NA
,NA,NA
,NA,NA
,NA,NA
,NA,NA
,NA,NA
,NA,NA
,NA,NA
,NA,NA
,NA,NA
,NA,NA
,NA,NA
,NA,NA
,NA,NA
,NA,NA
,NA,NA
,NA,NA
,NA,NA
,NA,NA
,NA,NA
,NA,NA
,NA,NA
,NA,NA
,NA,NA
,NA,NA
,NA,NA
,NA,NA
,NA,NA
,NA,NA
,NA,NA
,NA,NA
,NA,NA
,NA,NA
,NA,NA
,NA,NA
,NA,NA
,NA,NA
,NA,NA
,NA,NA
,NA,NA
,NA,NA
,NA,NA
,NA,NA
,NA,NA
,NA,NA
,NA,NA
,NA,NA
,NA,NA
,NA,NA
,NA,NA
,NA,NA
,NA,NA
,NA,NA
,NA,NA
,NA,NA
,NA,NA
,NA,NA
,NA,NA
,NA,NA
,NA,NA
,NA,NA
,NA,NA
,NA,NA
,NA,NA
,NA,NA
,NA,NA
,NA,NA
,NA,NA
,NA,NA
,NA,NA
,NA,NA
,NA,NA
,NA,NA
,NA,NA
,NA,NA
,NA,NA
,NA,NA
,NA,NA
,NA,NA
,NA,NA
,NA,NA
,NA,NA
,NA,NA
,NA,NA
,NA,NA
,NA,NA
,NA,NA
,NA,NA
,NA,NA
,NA,NA
,NA,NA
,NA,NA
,NA,NA
,NA,NA
,NA,NA
,NA,NA
,NA,NA
,NA,NA
,NA,NA
,NA,NA
,NA,NA
,NA,NA
,NA,NA
,NA,NA
,NA,NA
,NA,NA
,NA,NA
,NA,NA
,NA,NA
,NA,NA
,NA,NA
,NA,NA
,NA,NA
,NA,NA
,NA,NA
,NA,NA
,NA,NA
,NA,NA
,NA,NA
,NA,NA
,NA,NA
,NA,NA
,NA,NA
,NA,NA
,NA,NA
,NA,NA
,NA,NA
,NA,NA
,NA,NA
,NA,NA
,NA,NA
,NA,NA
,NA,NA
,NA,NA
,NA,NA
,NA,NA
,NA,NA
,NA,NA
,NA,NA
,NA,NA
,NA,NA
,NA,NA
,NA,NA
,NA,NA
,NA,NA
,NA,NA
,NA,NA
,NA,NA
,NA,NA
,NA,NA
,NA,NA
,NA,NA
,NA,NA
,NA,NA
,NA,NA
,NA,NA
,NA,NA
,NA,NA
,NA,NA
,NA,NA
,NA,NA
,NA,NA
,NA,NA
,NA,NA
,NA,NA
,NA,NA
,NA,NA
,NA,NA
,NA,NA
,NA,NA
,NA,NA
,NA,NA
,NA,NA
,NA,NA
,NA,NA
,NA,NA
,NA,NA
,NA,NA
,NA,NA
,NA,NA
,NA,NA
,NA,NA
,NA,NA
,NA,NA
,NA,NA
,NA,NA
,NA,NA
,NA,NA
,NA,NA
,NA,NA
,NA,NA
,NA,NA
,NA,NA
,NA,NA
,NA,NA
,NA,NA
,NA,NA
,NA,NA
,NA,NA
,NA,NA
,NA,NA
,NA,NA
,NA,NA
,NA,NA
,NA,NA
,NA,NA
,NA,NA
,NA,NA
,NA,NA
,NA,NA
,NA,NA
,NA,NA
,NA,NA
,NA,NA
,NA,NA
,NA,NA
,NA,NA
,NA,NA
,NA,NA
,NA,NA
,NA,NA
,NA,NA
,NA,NA
,NA,NA
,NA,NA
,NA,NA
,NA,NA
,NA,NA
,NA,NA
,NA,NA
,NA,NA
,NA,NA
,NA,NA
,NA,NA
,NA,NA
,NA,NA
,NA,NA
,NA,NA
,NA,NA
,NA,NA
,NA,NA
,NA,NA
,NA,NA
,NA,NA
,NA,NA
,NA,NA
,NA,NA
,NA,NA
,NA,NA
,NA,NA
,NA,NA
,NA,NA
,NA,NA
,NA,NA
,NA,NA
,NA,NA
,NA,NA
,NA,NA
,NA,NA
,NA,NA
,NA,NA
,NA,NA
,NA,NA
,NA,NA
,NA,NA
,NA,NA
,NA,NA
,NA,NA
,NA,NA
,NA,NA
,NA,NA
,NA,NA
,NA,NA
,NA,NA
,NA,NA
,NA,NA
,NA,NA
,NA,NA
,NA,NA
,NA,NA
,NA,NA
,NA,NA
,NA,NA
,NA,NA
,NA,NA
,NA,NA
,NA,NA
,NA,NA
,NA,NA
,NA,NA
,NA,NA
,NA,NA
,NA,NA
,NA,NA
,NA,NA
,NA,NA
,NA,NA
,NA,NA
,NA,NA
,NA,NA
,NA,NA
,NA,NA
,NA,NA
,NA,NA
,NA,NA
,NA,NA
,NA,NA
,NA,NA
,NA,NA
,NA,NA
,NA,NA
,NA,NA
,NA,NA
,NA,NA
,NA,NA
,NA,NA
,NA,NA
,NA,NA
,NA,NA
,NA,NA
,NA,NA
,NA,NA
,NA,NA
,NA,NA
,NA,NA
,NA,NA
,NA,NA
,NA,NA
,NA,NA
,NA,NA
,NA,NA
,NA,NA
,NA,NA
,NA,NA
,NA,NA
,NA,NA
,NA,NA
,NA,NA
,NA,NA
,NA,NA
,NA,NA
,NA,NA
,NA,NA
,NA,NA
,NA,NA
,NA,NA
,NA,NA
,NA,NA
,NA,NA
,NA,NA
,NA,NA
,NA,NA
,NA,NA
,NA,NA
,NA,NA
,NA,NA
,NA,NA
,NA,NA
,NA,NA
,NA,NA
,NA,NA
,NA,NA
,NA,NA
,NA,NA
,NA,NA
,NA,NA
,NA,NA
,NA,NA
,NA,NA
,NA,NA
,NA,NA
,NA,NA
,NA,NA
,NA,NA
,NA,NA
,NA,NA
,NA,NA
,NA,NA
,NA,NA
,NA,NA
,NA,NA
,NA,NA
,NA,NA
,NA,NA
,NA,NA
,NA,NA
,NA,NA
,NA,NA
,NA,NA
,NA,NA
,NA,NA
,NA,NA
,NA,NA
,NA,NA
,NA,NA
,NA,NA
,NA,NA
,NA,NA
,NA,NA
,NA,NA
,NA,NA
,NA,NA
,NA,NA
,NA,NA
,NA,NA
,NA,NA
,NA,NA
,NA,NA
,NA,NA
,NA,NA
,NA,NA
,NA,NA
,NA,NA
,NA,NA
,NA,NA
,NA,NA
,NA,NA
,NA,NA
,NA,NA
,NA,NA
,NA,NA
,NA,NA
,NA,NA
,NA,NA
,NA,NA
,NA,NA
,NA,NA
,NA,NA
,NA,NA
,NA,NA
,NA,NA
,NA,NA
,NA,NA
,NA,NA
,NA,NA
,NA,NA
,NA,NA
,NA,NA
,NA,NA
,NA,NA
,NA,NA
,NA,NA
,NA,NA
,NA,NA
,NA,NA
,NA,NA
,NA,NA
,NA,NA
,NA,NA
,NA,NA
,NA,NA
,NA,NA
,NA,NA
,NA,NA
,NA,NA
,NA,NA
,NA,NA
,NA,NA
,NA,NA
,NA,NA
,NA,NA
,NA,NA
,NA,NA
,NA,NA
,NA,NA
,NA,NA
,NA,NA
,NA,NA
,NA,NA
,NA,NA
,NA,NA
,NA,NA
,NA,NA
,NA,NA
,NA,NA
,NA,NA
,NA,NA
,NA,NA
,NA,NA
,NA,NA
,NA,NA
,NA,NA
,NA,NA
,NA,NA
,NA,NA
,NA,NA
,NA,NA
,NA,NA
,NA,NA
,NA,NA
,NA,NA
,NA,NA
,NA,NA
,NA,NA
,NA,NA
,NA,NA
,NA,NA
,NA,NA
,NA,NA
,NA,NA
,NA,NA
,NA,NA
,NA,NA
,NA,NA
,NA,NA
,NA,NA
,NA,NA
,NA,NA
,NA,NA
,NA,NA
,NA,NA
,NA,NA
,NA,NA
,NA,NA
,NA,NA
,NA,NA
,NA,NA
,NA,NA
,NA,NA
,NA,NA
,NA,NA
,NA,NA
,NA,NA
,NA,NA
,NA,NA
,NA,NA
,NA,NA
,NA,NA
,NA,NA
,NA,NA
,NA,NA
,NA,NA
,NA,NA
,NA,NA
,NA,NA
,NA,NA
,NA,NA
,NA,NA
,NA,NA
,NA,NA
,NA,NA
,NA,NA
,NA,NA
,NA,NA
,NA,NA
,NA,NA
,NA,NA
,NA,NA
,NA,NA
,NA,NA
,NA,NA
,NA,NA
,NA,NA
,NA,NA
,NA,NA
,NA,NA
,NA,NA
,NA,NA
,NA,NA
,NA,NA
,NA,NA
,NA,NA
,NA,NA
,NA,NA
,NA,NA
,NA,NA
,NA,NA
,NA,NA
,NA,NA
,NA,NA
,NA,NA
,NA,NA
,NA,NA
,NA,NA
,NA,NA
,NA,NA
,NA,NA
,NA,NA
,NA,NA
,NA,NA
,NA,NA
,NA,NA
,NA,NA
,NA,NA
,NA,NA
,NA,NA
,NA,NA
,NA,NA
,NA,NA
,NA,NA
,NA,NA
,NA,NA
,NA,NA
,NA,NA
,NA,NA
,NA,NA
,NA,NA
,NA,NA
,NA,NA
,NA,NA
,NA,NA
,NA,NA
,NA,NA
,NA,NA
,NA,NA
,NA,NA
,NA,NA
,NA,NA
,NA,NA
,NA,NA
,NA,NA
,NA,NA
,NA,NA
,NA,NA
,NA,NA
,NA,NA
,NA,NA
,NA,NA
,NA,NA
,NA,NA
,NA,NA
,NA,NA
,NA,NA
,NA,NA
,NA,NA
,NA,NA
,NA,NA
,NA,NA
,NA,NA
,NA,NA
,NA,NA
,NA,NA
,NA,NA
,NA,NA
,NA,NA
,NA,NA
,NA,NA
,NA,NA
,NA,NA
,NA,NA
,NA,NA
,NA,NA
,NA,NA
,NA,NA
,NA,NA
,NA,NA
,NA,NA
,NA,NA
,NA,NA
,NA,NA
,NA,NA
,NA,NA
,NA,NA
,NA,NA
,NA,NA
,NA,NA
,NA,NA
,NA,NA
,NA,NA
,NA,NA
,NA,NA
,NA,NA
,NA,NA
,NA,NA
,NA,NA
,NA,NA
,NA,NA
,NA,NA
,NA,NA
,NA,NA
,NA,NA
,NA,NA
,NA,NA
,NA,NA
,NA,NA
,NA,NA
,NA,NA
,NA,NA
,NA,NA
,NA,NA
,NA,NA
,NA,NA
,NA,NA
,NA,NA
,NA,NA
,NA,NA
,NA,NA
,NA,NA
,NA,NA
,NA,NA
,NA,NA
,NA,NA
,NA,NA
,NA,NA
,NA,NA
,NA,NA
,NA,NA
,NA,NA
,NA,NA
,NA,NA
,NA,NA
,NA,NA
,NA,NA
,NA,NA
,NA,NA
,NA,NA
,NA,NA
,NA,NA
,NA,NA
,NA,NA
,NA,NA
,NA,NA
,NA,NA
,NA,NA
,NA,NA
,NA,NA
,NA,NA
,NA,NA
,NA,NA
,NA,NA
,NA,NA
,NA,NA
,NA,NA
,NA,NA
,NA,NA
,NA,NA
,NA,NA
,NA,NA
,NA,NA
,NA,NA
,NA,NA
,NA,NA
,NA,NA
,NA,NA
,NA,NA
,NA,NA
,NA,NA
,NA,NA
,NA,NA
,NA,NA
,NA,NA
,NA,NA
,NA,NA
,NA,NA
,NA,NA
,NA,NA
,NA,NA
,NA,NA
,NA,NA
,NA,NA
,NA,NA
,NA,NA
,NA,NA
,NA,NA
,NA,NA
,NA,NA
,NA,NA
,NA,NA
,NA,NA
,NA,NA
,NA,NA
,NA,NA
,NA,NA
,NA,NA
,NA,NA
,NA,NA
,NA,NA
,NA,NA
,NA,NA
,NA,NA
,NA,NA
,NA,NA
,NA,NA
,NA,NA
,NA,NA
,NA,NA
,NA,NA
,NA,NA
,NA,NA
,NA,NA
,NA,NA
,NA,NA
,NA,NA
,NA,NA
,NA,NA
,NA,NA
,NA,NA
,NA,NA
,NA,NA
,NA,NA
,NA,NA
,NA,NA
,NA,NA
,NA,NA
,NA,NA
,NA,NA
,NA,NA
,NA,NA
,NA,NA
,NA,NA
,NA,NA
,NA,NA
,NA,NA
,NA,NA
,NA,NA
,NA,NA
,NA,NA
,NA,NA
,NA,NA
,NA,NA
,NA,NA
,NA,NA
,NA,NA
,NA,NA
,NA,NA
,NA,NA
,NA,NA
,NA,NA
,NA,NA
,NA,NA
,NA,NA
,NA,NA
,NA,NA
,NA,NA
,NA,NA
,NA,NA
,NA,NA
,NA,NA
,NA,NA
,NA,NA
,NA,NA
,NA,NA
,NA,NA
,NA,NA
,NA,NA
,NA,NA
,NA,NA
,NA,NA
,NA,NA
,NA,NA
,NA,NA
,NA,NA
,NA,NA
,NA,NA
,NA,NA
,NA,NA
,NA,NA
,NA,NA
,NA,NA
,NA,NA
,NA,NA
,NA,NA
,NA,NA
,NA,NA
,NA,NA
,NA,NA
,NA,NA
,NA,NA
,NA,NA
,NA,NA
,NA,NA
,NA,NA
,NA,NA
,NA,NA
,NA,NA
,NA,NA
,NA,NA
,NA,NA
,NA,NA
,NA,NA
,NA,NA
,NA,NA
,NA,NA
,NA,NA
,NA,NA
,NA,NA
,NA,NA
,NA,NA
,NA,NA
,NA,NA
,NA,NA
,NA,NA
,NA,NA
,NA,NA
,NA,NA
,NA,NA
,NA,NA
,NA,NA
,NA,NA
,NA,NA
,NA,NA
,NA,NA
,NA,NA
,NA,NA
,NA,NA
,NA,NA
,NA,NA
,NA,NA
,NA,NA
,NA,NA
,NA,NA
,NA,NA
,NA,NA
,NA,NA
,NA,NA
,NA,NA
,NA,NA
,NA,NA
,NA,NA
,NA,NA
,NA,NA
,NA,NA
,NA,NA
,NA,NA
,NA,NA
,NA,NA
,NA,NA
,NA,NA
,NA,NA
,NA,NA
,NA,NA
,NA,NA
,NA,NA
,NA,NA
,NA,NA
,NA,NA
,NA,NA
,NA,NA
,NA,NA
,NA,NA
,NA,NA
,NA,NA
,NA,NA
,NA,NA
,NA,NA
,NA,NA
,NA,NA
,NA,NA
,NA,NA
,NA,NA
,NA,NA
,NA,NA
,NA,NA
,NA,NA
,NA,NA
,NA,NA
,NA,NA
,NA,NA
,NA,NA
,NA,NA
,NA,NA
,NA,NA
,NA,NA
,NA,NA
,NA,NA
,NA,NA
,NA,NA
,NA,NA
,NA,NA
,NA,NA
,NA,NA
,NA,NA
,NA,NA
,NA,NA
,NA,NA
,NA,NA
,NA,NA
,NA,NA
,NA,NA
,NA,NA
,NA,NA
,NA,NA
,NA,NA
,NA,NA
,NA,NA
,NA,NA
,NA,NA
,NA,NA
,NA,NA
,NA,NA
,NA,NA
,NA,NA
,NA,NA
,NA,NA
,NA,NA
,NA,NA
,NA,NA
,NA,NA
,NA,NA
,NA,NA
,NA,NA
,NA,NA
,NA,NA
,NA,NA
,NA,NA
,NA,NA
,NA,NA
,NA,NA
,NA,NA
,NA,NA
,NA,NA
,NA,NA
,NA,NA
,NA,NA
,NA,NA
,NA,NA
,NA,NA
,NA,NA
,NA,NA
,NA,NA
,NA,NA
,NA,NA
,NA,NA
,NA,NA
,NA,NA
,NA,NA
,NA,NA
,NA,NA
,NA,NA
,NA,NA
,NA,NA
,NA,NA
,NA,NA
,NA,NA
,NA,NA
,NA,NA
,NA,NA
,NA,NA
,NA,NA
,NA,NA
,NA,NA
,NA,NA
,NA,NA
,NA,NA
,NA,NA
,NA,NA
,NA,NA
,NA,NA
,NA,NA
,NA,NA
,NA,NA
,NA,NA
,NA,NA
,NA,NA
,NA,NA
,NA,NA
,NA,NA
,NA,NA
,NA,NA
,NA,NA
,NA,NA
,NA,NA
,NA,NA
,NA,NA
,NA,NA
,NA,NA
,NA,NA
,NA,NA
,NA,NA
,NA,NA
,NA,NA
,NA,NA
,NA,NA
,NA,NA
,NA,NA
,NA,NA
,NA,NA
,NA,NA
,NA,NA
,NA,NA
,NA,NA
,NA,NA
,NA,NA
,NA,NA
,NA,NA
,NA,NA
,NA,NA
,NA,NA
,NA,NA
,NA,NA
,NA,NA
,NA,NA
,NA,NA
,NA,NA
,NA,NA
,NA,NA
,NA,NA
,NA,NA
,NA,NA
,NA,NA
,NA,NA
,NA,NA
,NA,NA
,NA,NA
,NA,NA
,NA,NA
,NA,NA
,NA,NA
,NA,NA
,NA,NA
,NA,NA
,NA,NA
,NA,NA
,NA,NA
,NA,NA
,NA,NA
,NA,NA
,NA,NA
,NA,NA
,NA,NA
,NA,NA
,NA,NA
,NA,NA
,NA,NA
,NA,NA
,NA,NA
,NA,NA
,NA,NA
,NA,NA
,NA,NA
,NA,NA
,NA,NA
,NA,NA
,NA,NA
,NA,NA
,NA,NA
,NA,NA
,NA,NA
,NA,NA
,NA,NA
,NA,NA
,NA,NA
,NA,NA
,NA,NA
,NA,NA
,NA,NA
,NA,NA
,NA,NA
,NA,NA
,NA,NA
,NA,NA
,NA,NA
,NA,NA
,NA,NA
,NA,NA
,NA,NA
,NA,NA
,NA,NA
,NA,NA
,NA,NA
,NA,NA
,NA,NA
,NA,NA
,NA,NA
,NA,NA
,NA,NA
,NA,NA
,NA,NA
,NA,NA
,NA,NA
,NA,NA
,NA,NA
,NA,NA
,NA,NA
,NA,NA
,NA,NA
,NA,NA
,NA,NA
,NA,NA
,NA,NA
,NA,NA
,NA,NA
,NA,NA
,NA,NA
,NA,NA
,NA,NA
,NA,NA
,NA,NA
,NA,NA
,NA,NA
,NA,NA
,NA,NA
,NA,NA
,NA,NA
,NA,NA
,NA,NA
,NA,NA
,NA,NA
,NA,NA
,NA,NA
,NA,NA
,NA,NA
,NA,NA
,NA,NA
,NA,NA
,NA,NA
,NA,NA
,NA,NA
,NA,NA
,NA,NA
,NA,NA
,NA,NA
,NA,NA
,NA,NA
,NA,NA
,NA,NA
,NA,NA
,NA,NA
,NA,NA
,NA,NA
,NA,NA
,NA,NA
,NA,NA
,NA,NA
,NA,NA
,NA,NA
,NA,NA
,NA,NA
,NA,NA
,NA,NA
,NA,NA
,NA,NA
,NA,NA
,NA,NA
,NA,NA
,NA,NA
,NA,NA
,NA,NA
,NA,NA
,NA,NA
,NA,NA
,NA,NA
,NA,NA
,NA,NA
,NA,NA
,NA,NA
,NA,NA
,NA,NA
,NA,NA
,NA,NA
,NA,NA
,NA,NA
,NA,NA
,NA,NA
,NA,NA
,NA,NA
,NA,NA
,NA,NA
,NA,NA
,NA,NA
,NA,NA
,NA,NA
,NA,NA
,NA,NA
,NA,NA
,NA,NA
,NA,NA
,NA,NA
,NA,NA
,NA,NA
,NA,NA
,NA,NA
,NA,NA
,NA,NA
,NA,NA
,NA,NA
,NA,NA
,NA,NA
,NA,NA
,NA,NA
,NA,NA
,NA,NA
,NA,NA
,NA,NA
,NA,NA
,NA,NA
,NA,NA
,NA,NA
,NA,NA
,NA,NA
,NA,NA
,NA,NA
,NA,NA
,NA,NA
,NA,NA
,NA,NA
,NA,NA
,NA,NA
,NA,NA
,NA,NA
,NA,NA
,NA,NA
,NA,NA
,NA,NA
,NA,NA
,NA,NA
,NA,NA
,NA,NA
,NA,NA
,NA,NA
,NA,NA
,NA,NA
,NA,NA
,NA,NA
,NA,NA
,NA,NA
,NA,NA
,NA,NA
,NA,NA
,NA,NA
,NA,NA
,NA,NA
,NA,NA
,NA,NA
,NA,NA
,NA,NA
,NA,NA
,NA,NA
,NA,NA
,NA,NA
,NA,NA
,NA,NA
,NA,NA
,NA,NA
,NA,NA
,NA,NA
,NA,NA
,NA,NA
,NA,NA
,NA,NA
,NA,NA
,NA,NA
,NA,NA
,NA,NA
,NA,NA
,NA,NA
,NA,NA
,NA,NA
,NA,NA
,NA,NA
,NA,NA
,NA,NA
,NA,NA
,NA,NA
,NA,NA
,NA,NA
,NA,NA
,NA,NA
,NA,NA
,NA,NA
,NA,NA
,NA,NA
,NA,NA
,NA,NA
,NA,NA
,NA,NA
,NA,NA
,NA,NA
,NA,NA
,NA,NA
,NA,NA
,NA,NA
,NA,NA
,NA,NA
,NA,NA
,NA,NA
,NA,NA
,NA,NA
,NA,NA
,NA,NA
,NA,NA
,NA,NA
,NA,NA
,NA,NA
,NA,NA
,NA,NA
,NA,NA
,NA,NA
,NA,NA
,NA,NA
,NA,NA
,NA,NA
,NA,NA
,NA,NA
,NA,NA
,NA,NA
,NA,NA
,NA,NA
,NA,NA
,NA,NA
,NA,NA
,NA,NA
,NA,NA
,NA,NA
,NA,NA
,NA,NA
,NA,NA
,NA,NA
,NA,NA
,NA,NA
,NA,NA
,NA,NA
,NA,NA
,NA,NA
,NA,NA
,NA,NA
,NA,NA
,NA,NA
,NA,NA
,NA,NA
,NA,NA
,NA,NA
,NA,NA
,NA,NA
,NA,NA
,NA,NA
,NA,NA
,NA,NA
,NA,NA
,NA,NA
,NA,NA
,NA,NA
,NA,NA
,NA,NA
,NA,NA
,NA,NA
,NA,NA
,NA,NA
,NA,NA
,NA,NA
,NA,NA
,NA,NA
,NA,NA
,NA,NA
,NA,NA
,NA,NA
,NA,NA
,NA,NA
,NA,NA
,NA,NA
,NA,NA
,NA,NA
,NA,NA
,NA,NA
,NA,NA
,NA,NA
,NA,NA
,NA,NA
,NA,NA
,NA,NA
,NA,NA
,NA,NA
,NA,NA
,NA,NA
,NA,NA
,NA,NA
,NA,NA
,NA,NA
,NA,NA
,NA,NA
,NA,NA
,NA,NA
,NA,NA
,NA,NA
,NA,NA
,NA,NA
,NA,NA
,NA,NA
,NA,NA
,NA,NA
,NA,NA
,NA,NA
,NA,NA
,NA,NA
,NA,NA
,NA,NA
,NA,NA
,NA,NA
,NA,NA
,NA,NA
,NA,NA
,NA,NA
,NA,NA
,NA,NA
,NA,NA
,NA,NA
,NA,NA
,NA,NA
,NA,NA
,NA,NA
,NA,NA
,NA,NA
,NA,NA
,NA,NA
,NA,NA
,NA,NA
,NA,NA
,NA,NA
,NA,NA
,NA,NA
,NA,NA
,NA,NA
,NA,NA
,NA,NA
,NA,NA
,NA,NA
,NA,NA
,NA,NA
,NA,NA
,NA,NA
,NA,NA
,NA,NA
,NA,NA
,NA,NA
,NA,NA
,NA,NA
,NA,NA
,NA,NA
,NA,NA
,NA,NA
,NA,NA
,NA,NA
,NA,NA
,NA,NA
,NA,NA
,NA,NA
,NA,NA
,NA,NA
,NA,NA
,NA,NA
,NA,NA
,NA,NA
,NA,NA
,NA,NA
,NA,NA
,NA,NA
,NA,NA
,NA,NA
,NA,NA
,NA,NA
,NA,NA
,NA,NA
,NA,NA
,NA,NA
,NA,NA
,NA,NA
,NA,NA
,NA,NA
,NA,NA
,NA,NA
,NA,NA
,NA,NA
,NA,NA
,NA,NA
,NA,NA
,NA,NA
,NA,NA
,NA,NA
,NA,NA
,NA,NA
,NA,NA
,NA,NA
,NA,NA
,NA,NA
,NA,NA
,NA,NA
,NA,NA
,NA,NA
,NA,NA
,NA,NA
,NA,NA
,NA,NA
,NA,NA
,NA,NA
,NA,NA
,NA,NA
,NA,NA
,NA,NA
,NA,NA
,NA,NA
,NA,NA
,NA,NA
,NA,NA
,NA,NA
,NA,NA
,NA,NA
,NA,NA
,NA,NA
,NA,NA
,NA,NA
,NA,NA
,NA,NA
,NA,NA
,NA,NA
,NA,NA
,NA,NA
,NA,NA
,NA,NA
,NA,NA
,NA,NA
,NA,NA
,NA,NA
,NA,NA
,NA,NA
,NA,NA
,NA,NA
,NA,NA
,NA,NA
,NA,NA
,NA,NA
,NA,NA
,NA,NA
,NA,NA
,NA,NA
,NA,NA
,NA,NA
,NA,NA
,NA,NA
,NA,NA
,NA,NA
,NA,NA
,NA,NA
,NA,NA
,NA,NA
,NA,NA
,NA,NA
,NA,NA
,NA,NA
,NA,NA
,NA,NA
,NA,NA
,NA,NA
,NA,NA
,NA,NA
,NA,NA
,NA,NA
,NA,NA
,NA,NA
,NA,NA
,NA,NA
,NA,NA
,NA,NA
,NA,NA
,NA,NA
,NA,NA
,NA,NA
,NA,NA
,NA,NA
,NA,NA
,NA,NA
,NA,NA
,NA,NA
,NA,NA
,NA,NA
,NA,NA
,NA,NA
,NA,NA
,NA,NA
,NA,NA
,NA,NA
,NA,NA
,NA,NA
,NA,NA
,NA,NA
,NA,NA
,NA,NA
,NA,NA
,NA,NA
,NA,NA
,NA,NA
,NA,NA
,NA,NA
,NA,NA
,NA,NA
,NA,NA
,NA,NA
,NA,NA
,NA,NA
,NA,NA
,NA,NA
,NA,NA
,NA,NA
,NA,NA
,NA,NA
,NA,NA
,NA,NA
,NA,NA
,NA,NA
,NA,NA
,NA,NA
,NA,NA
,NA,NA
,NA,NA
,NA,NA
,NA,NA
,NA,NA
,NA,NA
,NA,NA
,NA,NA
,NA,NA
,NA,NA
,NA,NA
,NA,NA
,NA,NA
,NA,NA
,NA,NA
,NA,NA
,NA,NA
,NA,NA
,NA,NA
,NA,NA
,NA,NA
,NA,NA
,NA,NA
,NA,NA
,NA,NA
,NA,NA
,NA,NA
,NA,NA
,NA,NA
,NA,NA
,NA,NA
,NA,NA
,NA,NA
,NA,NA
,NA,NA
,NA,NA
,NA,NA
,NA,NA
,NA,NA
,NA,NA
,NA,NA
,NA,NA
,NA,NA
,NA,NA
,NA,NA
,NA,NA
,NA,NA
,NA,NA
,NA,NA
,NA,NA
,NA,NA
,NA,NA
,NA,NA
,NA,NA
,NA,NA
,NA,NA
,NA,NA
,NA,NA
,NA,NA
,NA,NA
,NA,NA
,NA,NA
,NA,NA
,NA,NA
,NA,NA
,NA,NA
,NA,NA
,NA,NA
,NA,NA
,NA,NA
,NA,NA
,NA,NA
,NA,NA
,NA,NA
,NA,NA
,NA,NA
,NA,NA
,NA,NA
,NA,NA
,NA,NA
,NA,NA
,NA,NA
,NA,NA
,NA,NA
,NA,NA
,NA,NA
,NA,NA
,NA,NA
,NA,NA
,NA,NA
,NA,NA
,NA,NA
,NA,NA
,NA,NA
,NA,NA
,NA,NA
,NA,NA
,NA,NA
,NA,NA
,NA,NA
,NA,NA
,NA,NA
,NA,NA
,NA,NA
,NA,NA
,NA,NA
,NA,NA
,NA,NA
,NA,NA
,NA,NA
,NA,NA
,NA,NA
,NA,NA
,NA,NA
,NA,NA
,NA,NA
,NA,NA
,NA,NA
,NA,NA
,NA,NA
,NA,NA
,NA,NA
,NA,NA
,NA,NA
,NA,NA
,NA,NA
,NA,NA
,NA,NA
,NA,NA
,NA,NA
,NA,NA
,NA,NA
,NA,NA
,NA,NA
,NA,NA
,NA,NA
,NA,NA
,NA,NA
,NA,NA
,NA,NA
,NA,NA
,NA,NA
,NA,NA
,NA,NA
,NA,NA
,NA,NA
,NA,NA
,NA,NA
,NA,NA
,NA,NA
,NA,NA
,NA,NA
,NA,NA
,NA,NA
,NA,NA
,NA,NA
,NA,NA
,NA,NA
,NA,NA
,NA,NA
,NA,NA
,NA,NA
,NA,NA
,NA,NA
,NA,NA
,NA,NA
,NA,NA
,NA,NA
,NA,NA
,NA,NA
,NA,NA
,NA,NA
,NA,NA
,NA,NA
,NA,NA
,NA,NA
,NA,NA
,NA,NA
,NA,NA
,NA,NA
,NA,NA
,NA,NA
,NA,NA
,NA,NA
,NA,NA
,NA,NA
,NA,NA
,NA,NA
,NA,NA
,NA,NA
,NA,NA
,NA,NA
,NA,NA
,NA,NA
,NA,NA
,NA,NA
,NA,NA
,NA,NA
,NA,NA
,NA,NA
,NA,NA
,NA,NA
,NA,NA
,NA,NA
,NA,NA
,NA,NA
,NA,NA
,NA,NA
,NA,NA
,NA,NA
,NA,NA
,NA,NA
,NA,NA
,NA,NA
,NA,NA
,NA,NA
,NA,NA
,NA,NA
,NA,NA
,NA,NA
,NA,NA
,NA,NA
,NA,NA
,NA,NA
,NA,NA
,NA,NA
,NA,NA
,NA,NA
,NA,NA
,NA,NA
,NA,NA
,NA,NA
,NA,NA
,NA,NA
,NA,NA
,NA,NA
,NA,NA
,NA,NA
,NA,NA
,NA,NA
,NA,NA
,NA,NA
,NA,NA
,NA,NA
,NA,NA
,NA,NA
,NA,NA
,NA,NA
,NA,NA
,NA,NA
,NA,NA
,NA,NA
,NA,NA
,NA,NA
,NA,NA
,NA,NA
,NA,NA
,NA,NA
,NA,NA
,NA,NA
,NA,NA
,NA,NA
,NA,NA
,NA,NA
,NA,NA
,NA,NA
,NA,NA
,NA,NA
,NA,NA
,NA,NA
,NA,NA
,NA,NA
,NA,NA
,NA,NA
,NA,NA
,NA,NA
,NA,NA
,NA,NA
,NA,NA
,NA,NA
,NA,NA
,NA,NA
,NA,NA
,NA,NA
,NA,NA
,NA,NA
,NA,NA
,NA,NA
,NA,NA
,NA,NA
,NA,NA
,NA,NA
,NA,NA
,NA,NA
,NA,NA
,NA,NA
,NA,NA
,NA,NA
,NA,NA
,NA,NA
,NA,NA
,NA,NA
,NA,NA
,NA,NA
,NA,NA
,NA,NA
,NA,NA
,NA,NA
,NA,NA
,NA,NA
,NA,NA
,NA,NA
,NA,NA
,NA,NA
,NA,NA
,NA,NA
,NA,NA
,NA,NA
,NA,NA
,NA,NA
,NA,NA
,NA,NA
,NA,NA
,NA,NA
,NA,NA
,NA,NA
,NA,NA
,NA,NA
,NA,NA
,NA,NA
,NA,NA
,NA,NA
,NA,NA
,NA,NA
,NA,NA
,NA,NA
,NA,NA
,NA,NA
,NA,NA
,NA,NA
,NA,NA
,NA,NA
,NA,NA
,NA,NA
,NA,NA
,NA,NA
,NA,NA
,NA,NA
,NA,NA
,NA,NA
,NA,NA
,NA,NA
,NA,NA
,NA,NA
,NA,NA
,NA,NA
,NA,NA
,NA,NA
,NA,NA
,NA,NA
,NA,NA
,NA,NA
,NA,NA
,NA,NA
,NA,NA
,NA,NA
,NA,NA
,NA,NA
,NA,NA
,NA,NA
,NA,NA
,NA,NA
,NA,NA
,NA,NA
,NA,NA
,NA,NA
,NA,NA
,NA,NA
,NA,NA
,NA,NA
,NA,NA
,NA,NA
,NA,NA
,NA,NA
,NA,NA
,NA,NA
,NA,NA
,NA,NA
,NA,NA
,NA,NA
,NA,NA
,NA,NA
,NA,NA
,NA,NA
,NA,NA
,NA,NA
,NA,NA
,NA,NA
,NA,NA
,NA,NA
,NA,NA
,NA,NA
,NA,NA
,NA,NA
,NA,NA
,NA,NA
,NA,NA
,NA,NA
,NA,NA
,NA,NA
,NA,NA
,NA,NA
,NA,NA
,NA,NA
,NA,NA
,NA,NA
,NA,NA
,NA,NA
,NA,NA
,NA,NA
,NA,NA
,NA,NA
,NA,NA
,NA,NA
,NA,NA
,NA,NA
,NA,NA
,NA,NA
,NA,NA
,NA,NA
,NA,NA
,NA,NA
,NA,NA
,NA,NA
,NA,NA
,NA,NA
,NA,NA
,NA,NA
,NA,NA
,NA,NA
,NA,NA
,NA,NA
,NA,NA
,NA,NA
,NA,NA
,NA,NA
,NA,NA
,NA,NA
,NA,NA
,NA,NA
,NA,NA
,NA,NA
,NA,NA
,NA,NA
,NA,NA
,NA,NA
,NA,NA
,NA,NA
,NA,NA
,NA,NA
,NA,NA
,NA,NA
,NA,NA
,NA,NA
,NA,NA
,NA,NA
,NA,NA
,NA,NA
,NA,NA
,NA,NA
,NA,NA
,NA,NA
,NA,NA
,NA,NA
,NA,NA
,NA,NA
,NA,NA
,NA,NA
,NA,NA
,NA,NA
,NA,NA
,NA,NA
,NA,NA
,NA,NA
,NA,NA
,NA,NA
,NA,NA
,NA,NA
,NA,NA
,NA,NA
,NA,NA
,NA,NA
,NA,NA
,NA,NA
,NA,NA
,NA,NA
,NA,NA
,NA,NA
,NA,NA
,NA,NA
,NA,NA
,NA,NA
,NA,NA
,NA,NA
,NA,NA
,NA,NA
,NA,NA
,NA,NA
,NA,NA
,NA,NA
,NA,NA
,NA,NA
,NA,NA
,NA,NA
,NA,NA
,NA,NA
,NA,NA
,NA,NA
,NA,NA
,NA,NA
,NA,NA
,NA,NA
,NA,NA
,NA,NA
,NA,NA
,NA,NA
,NA,NA
,NA,NA
,NA,NA
,NA,NA
,NA,NA
,NA,NA
,NA,NA
,NA,NA
,NA,NA
,NA,NA
,NA,NA
,NA,NA
,NA,NA
,NA,NA
,NA,NA
,NA,NA
,NA,NA
,NA,NA
,NA,NA
,NA,NA
,NA,NA
,NA,NA
,NA,NA
,NA,NA
,NA,NA
,NA,NA
,NA,NA
,NA,NA
,NA,NA
,NA,NA
,NA,NA
,NA,NA
,NA,NA
,NA,NA
,NA,NA
,NA,NA
,NA,NA
,NA,NA
,NA,NA
,NA,NA
,NA,NA
,NA,NA
,NA,NA
,NA,NA
,NA,NA
,NA,NA
,NA,NA
,NA,NA
,NA,NA
,NA,NA
,NA,NA
,NA,NA
,NA,NA
,NA,NA
,NA,NA
,NA,NA
,NA,NA
,NA,NA
,NA,NA
,NA,NA
,NA,NA
,NA,NA
,NA,NA
,NA,NA
,NA,NA
,NA,NA
,NA,NA
,NA,NA
,NA,NA
,NA,NA
,NA,NA
,NA,NA
,NA,NA
,NA,NA
,NA,NA
,NA,NA
,NA,NA
,NA,NA
,NA,NA
,NA,NA
,NA,NA
,NA,NA
,NA,NA
,NA,NA
,NA,NA
,NA,NA
,NA,NA
,NA,NA
,NA,NA
,NA,NA
,NA,NA
,NA,NA
,NA,NA
,NA,NA
,NA,NA
,NA,NA
,NA,NA
,NA,NA
,NA,NA
,NA,NA
,NA,NA
,NA,NA
,NA,NA
,NA,NA
,NA,NA
,NA,NA
,NA,NA
,NA,NA
,NA,NA
,NA,NA
,NA,NA
,NA,NA
,NA,NA
,NA,NA
,NA,NA
,NA,NA
,NA,NA
,NA,NA
,NA,NA
,NA,NA
,NA,NA
,NA,NA
,NA,NA
,NA,NA
,NA,NA
,NA,NA
,NA,NA
,NA,NA
,NA,NA
,NA,NA
,NA,NA
,NA,NA
,NA,NA
,NA,NA
,NA,NA
,NA,NA
,NA,NA
,NA,NA
,NA,NA
,NA,NA
,NA,NA
,NA,NA
,NA,NA
,NA,NA
,NA,NA
,NA,NA
,NA,NA
,NA,NA
,NA,NA
,NA,NA
,NA,NA
,NA,NA
,NA,NA
,NA,NA
,NA,NA
,NA,NA
,NA,NA
,NA,NA
,NA,NA
,NA,NA
,NA,NA
,NA,NA
,NA,NA
,NA,NA
,NA,NA
,NA,NA
,NA,NA
,NA,NA
,NA,NA
,NA,NA
,NA,NA
,NA,NA
,NA,NA
,NA,NA
,NA,NA
,NA,NA
,NA,NA
,NA,NA
,NA,NA
,NA,NA
,NA,NA
,NA,NA
,NA,NA
,NA,NA
,NA,NA
,NA,NA
,NA,NA
,NA,NA
,NA,NA
,NA,NA
,NA,NA
,NA,NA
,NA,NA
,NA,NA
,NA,NA
,NA,NA
,NA,NA
,NA,NA
,NA,NA
,NA,NA
,NA,NA
,NA,NA
,NA,NA
,NA,NA
,NA,NA
,NA,NA
,NA,NA
,NA,NA
,NA,NA
,NA,NA
,NA,NA
,NA,NA
,NA,NA
,NA,NA
,NA,NA
,NA,NA
,NA,NA
,NA,NA
,NA,NA
,NA,NA
,NA,NA
,NA,NA
,NA,NA
,NA,NA
,NA,NA
,NA,NA
,NA,NA
,NA,NA
,NA,NA
,NA,NA
,NA,NA
,NA,NA
,NA,NA
,NA,NA
,NA,NA
,NA,NA
,NA,NA
,NA,NA
,NA,NA
,NA,NA
,NA,NA
,NA,NA
,NA,NA
,NA,NA
,NA,NA
,NA,NA
,NA,NA
,NA,NA
,NA,NA
,NA,NA
,NA,NA
,NA,NA
,NA,NA
,NA,NA
,NA,NA
,NA,NA
,NA,NA
,NA,NA
,NA,NA
,NA,NA
,NA,NA
,NA,NA
,NA,NA
,NA,NA
,NA,NA
,NA,NA
,NA,NA
,NA,NA
,NA,NA
,NA,NA
,NA,NA
,NA,NA
,NA,NA
,NA,NA
,NA,NA
,NA,NA
,NA,NA
,NA,NA
,NA,NA
,NA,NA
,NA,NA
,NA,NA
,NA,NA
,NA,NA
,NA,NA
,NA,NA
,NA,NA
,NA,NA
,NA,NA
,NA,NA
,NA,NA
,NA,NA
,NA,NA
,NA,NA
,NA,NA
,NA,NA
,NA,NA
,NA,NA
,NA,NA
,NA,NA
,NA,NA
,NA,NA
,NA,NA
,NA,NA
,NA,NA
,NA,NA
,NA,NA
,NA,NA
,NA,NA
,NA,NA
,NA,NA
,NA,NA
,NA,NA
,NA,NA
,NA,NA
,NA,NA
,NA,NA
,NA,NA
,NA,NA
,NA,NA
,NA,NA
,NA,NA
,NA,NA
,NA,NA
,NA,NA
,NA,NA
,NA,NA
,NA,NA
,NA,NA
,NA,NA
,NA,NA
,NA,NA
,NA,NA
,NA,NA
,NA,NA
,NA,NA
,NA,NA
,NA,NA
,NA,NA
,NA,NA
,NA,NA
,NA,NA
,NA,NA
,NA,NA
,NA,NA
,NA,NA
,NA,NA
,NA,NA
,NA,NA
,NA,NA
,NA,NA
,NA,NA
,NA,NA
,NA,NA
,NA,NA
,NA,NA
,NA,NA
,NA,NA
,NA,NA
,NA,NA
,NA,NA
,NA,NA
,NA,NA
,NA,NA
,NA,NA
,NA,NA
,NA,NA
,NA,NA
,NA,NA
,NA,NA
,NA,NA
,NA,NA
,NA,NA
,NA,NA
,NA,NA
,NA,NA
,NA,NA
,NA,NA
,NA,NA
,NA,NA
,NA,NA
,NA,NA
,NA,NA
,NA,NA
,NA,NA
,NA,NA
,NA,NA
,NA,NA
,NA,NA
,NA,NA
,NA,NA
,NA,NA
,NA,NA
,NA,NA
,NA,NA
,NA,NA
,NA,NA
,NA,NA
,NA,NA
,NA,NA
,NA,NA
,NA,NA
,NA,NA
,NA,NA
,NA,NA
,NA,NA
,NA,NA
,NA,NA
,NA,NA
,NA,NA
,NA,NA
,NA,NA
,NA,NA
,NA,NA
,NA,NA
,NA,NA
,NA,NA
,NA,NA
,NA,NA
,NA,NA
,NA,NA
,NA,NA
,NA,NA
,NA,NA
,NA,NA
,NA,NA
,NA,NA
,NA,NA
,NA,NA
,NA,NA
,NA,NA
,NA,NA
,NA,NA
,NA,NA
,NA,NA
,NA,NA
,NA,NA
,NA,NA
,NA,NA
,NA,NA
,NA,NA
,NA,NA
,NA,NA
,NA,NA
,NA,NA
,NA,NA
,NA,NA
,NA,NA
,NA,NA
,NA,NA
,NA,NA
,NA,NA
,NA,NA
,NA,NA
,NA,NA
,NA,NA
,NA,NA
,NA,NA
,NA,NA
,NA,NA
,NA,NA
,NA,NA
,NA,NA
,NA,NA
,NA,NA
,NA,NA
,NA,NA
,NA,NA
,NA,NA
,NA,NA
,NA,NA
,NA,NA
,NA,NA
,NA,NA
,NA,NA
,NA,NA
,NA,NA
,NA,NA
,NA,NA
,NA,NA
,NA,NA
,NA,NA
,NA,NA
,NA,NA
,NA,NA
,NA,NA
,NA,NA
,NA,NA
,NA,NA
,NA,NA
,NA,NA
,NA,NA
,NA,NA
,NA,NA
,NA,NA
,NA,NA
,NA,NA
,NA,NA
,NA,NA
,NA,NA
,NA,NA
,NA,NA
,NA,NA
,NA,NA
,NA,NA
,NA,NA
,NA,NA
,NA,NA
,NA,NA
,NA,NA
,NA,NA
,NA,NA
,NA,NA
,NA,NA
,NA,NA
,NA,NA
,NA,NA
,NA,NA
,NA,NA
,NA,NA
,NA,NA
,NA,NA
,NA,NA
,NA,NA
,NA,NA
,NA,NA
,NA,NA
,NA,NA
,NA,NA
,NA,NA
,NA,NA
,NA,NA
,NA,NA
,NA,NA
,NA,NA
,NA,NA
,NA,NA
,NA,NA
,NA,NA
,NA,NA
,NA,NA
,NA,NA
,NA,NA
,NA,NA
,NA,NA
,NA,NA
,NA,NA
,NA,NA
,NA,NA
,NA,NA
,NA,NA
,NA,NA
,NA,NA
,NA,NA
,NA,NA
,NA,NA
,NA,NA
,NA,NA
,NA,NA
,NA,NA
,NA,NA
,NA,NA
,NA,NA
,NA,NA
,NA,NA
,NA,NA
,NA,NA
,NA,NA
,NA,NA
,NA,NA
,NA,NA
,NA,NA
,NA,NA
,NA,NA
,NA,NA
,NA,NA
,NA,NA
,NA,NA
,NA,NA
,NA,NA
,NA,NA
,NA,NA
,NA,NA
,NA,NA
,NA,NA
,NA,NA
,NA,NA
,NA,NA
,NA,NA
,NA,NA
,NA,NA
,NA,NA
,NA,NA
,NA,NA
,NA,NA
,NA,NA
,NA,NA
,NA,NA
,NA,NA
,NA,NA
,NA,NA
,NA,NA
,NA,NA
,NA,NA
,NA,NA
,NA,NA
,NA,NA
,NA,NA
,NA,NA
,NA,NA
,NA,NA
,NA,NA
,NA,NA
,NA,NA
,NA,NA
,NA,NA
,NA,NA
,NA,NA
,NA,NA
,NA,NA
,NA,NA
,NA,NA
,NA,NA
,NA,NA
,NA,NA
,NA,NA
,NA,NA
,NA,NA
,NA,NA
,NA,NA
,NA,NA
,NA,NA
,NA,NA
,NA,NA
,NA,NA
,NA,NA
,NA,NA
,NA,NA
,NA,NA
,NA,NA
,NA,NA
,NA,NA
,NA,NA
,NA,NA
,NA,NA
,NA,NA
,NA,NA
,NA,NA
,NA,NA
,NA,NA
,NA,NA
,NA,NA
,NA,NA
,NA,NA
,NA,NA
,NA,NA
,NA,NA
,NA,NA
,NA,NA
,NA,NA
,NA,NA
,NA,NA
,NA,NA
,NA,NA
,NA,NA
,NA,NA
,NA,NA
,NA,NA
,NA,NA
,NA,NA
,NA,NA
,NA,NA
,NA,NA
,NA,NA
,NA,NA
,NA,NA
,NA,NA
,NA,NA
,NA,NA
,NA,NA
,NA,NA
,NA,NA
,NA,NA
,NA,NA
,NA,NA
,NA,NA
,NA,NA
,NA,NA
,NA,NA
,NA,NA
,NA,NA
,NA,NA
,NA,NA
,NA,NA
,NA,NA
,NA,NA
,NA,NA
,NA,NA
,NA,NA
,NA,NA
,NA,NA
,NA,NA
,NA,NA
,NA,NA
,NA,NA
,NA,NA
,NA,NA
,NA,NA
,NA,NA
,NA,NA
,NA,NA
,NA,NA
,NA,NA
,NA,NA
,NA,NA
,NA,NA
,NA,NA
,NA,NA
,NA,NA
,NA,NA
,NA,NA
,NA,NA
,NA,NA
,NA,NA
,NA,NA
,NA,NA
,NA,NA
,NA,NA
,NA,NA
,NA,NA
,NA,NA
,NA,NA
,NA,NA
,NA,NA
,NA,NA
,NA,NA
,NA,NA
,NA,NA
,NA,NA
,NA,NA
,NA,NA
,NA,NA
,NA,NA
,NA,NA
,NA,NA
,NA,NA
,NA,NA
,NA,NA
,NA,NA
,NA,NA
,NA,NA
,NA,NA
,NA,NA
,NA,NA
,NA,NA
,NA,NA
,NA,NA
,NA,NA
,NA,NA
,NA,NA
,NA,NA
,NA,NA
,NA,NA
,NA,NA
,NA,NA
,NA,NA
,NA,NA
,NA,NA
,NA,NA
,NA,NA
,NA,NA
,NA,NA
,NA,NA
,NA,NA
,NA,NA
,NA,NA
,NA,NA
,NA,NA
,NA,NA
,NA,NA
,NA,NA
,NA,NA
,NA,NA
,NA,NA
,NA,NA
,NA,NA
,NA,NA
,NA,NA
,NA,NA
,NA,NA
,NA,NA
,NA,NA
,NA,NA
,NA,NA
,NA,NA
,NA,NA
,NA,NA
,NA,NA
,NA,NA
,NA,NA
,NA,NA
,NA,NA
,NA,NA
,NA,NA
,NA,NA
,NA,NA
,NA,NA
,NA,NA
,NA,NA
,NA,NA
,NA,NA
,NA,NA
,NA,NA
,NA,NA
,NA,NA
,NA,NA
,NA,NA
,NA,NA
,NA,NA
,NA,NA
,NA,NA
,NA,NA
,NA,NA
,NA,NA
,NA,NA
,NA,NA
,NA,NA
,NA,NA
,NA,NA
,NA,NA
,NA,NA
,NA,NA
,NA,NA
,NA,NA
,NA,NA
,NA,NA
,NA,NA
,NA,NA
,NA,NA
,NA,NA
,NA,NA
,NA,NA
,NA,NA
,NA,NA
,NA,NA
,NA,NA
,NA,NA
,NA,NA
,NA,NA
,NA,NA
,NA,NA
,NA,NA
,NA,NA
,NA,NA
,NA,NA
,NA,NA
,NA,NA
,NA,NA
,NA,NA
,NA,NA
,NA,NA
,NA,NA
,NA,NA
,NA,NA
,NA,NA
,NA,NA
,NA,NA
,NA,NA
,NA,NA
,NA,NA
,NA,NA
,NA,NA
,NA,NA
,NA,NA
,NA,NA
,NA,NA
,NA,NA
,NA,NA
,NA,NA
,NA,NA
,NA,NA
,NA,NA
,NA,NA
,NA,NA
,NA,NA
,NA,NA
,NA,NA
,NA,NA
,NA,NA
,NA,NA
,NA,NA
,NA,NA
,NA,NA
,NA,NA
,NA,NA
,NA,NA
,NA,NA
,NA,NA
,NA,NA
,NA,NA
,NA,NA
,NA,NA
,NA,NA
,NA,NA
,NA,NA
,NA,NA
,NA,NA
,NA,NA
,NA,NA
,NA,NA
,NA,NA
,NA,NA
,NA,NA
,NA,NA
,NA,NA
,NA,NA
,NA,NA
,NA,NA
,NA,NA
,NA,NA
,NA,NA
,NA,NA
,NA,NA
,NA,NA
,NA,NA
,NA,NA
,NA,NA
,NA,NA
,NA,NA
,NA,NA
,NA,NA
,NA,NA
,NA,NA
,NA,NA
,NA,NA
,NA,NA
,NA,NA
,NA,NA
,NA,NA
,NA,NA
,NA,NA
,NA,NA
,NA,NA
,NA,NA
,NA,NA
,NA,NA
,NA,NA
,NA,NA
,NA,NA
,NA,NA
,NA,NA
,NA,NA
,NA,NA
,NA,NA
,NA,NA
,NA,NA
,NA,NA
,NA,NA
,NA,NA
,NA,NA
,NA,NA
,NA,NA
,NA,NA
,NA,NA
,NA,NA
,NA,NA
,NA,NA
,NA,NA
,NA,NA
,NA,NA
,NA,NA
,NA,NA
,NA,NA
,NA,NA
,NA,NA
,NA,NA
,NA,NA
,NA,NA
,NA,NA
,NA,NA
,NA,NA
,NA,NA
,NA,NA
,NA,NA
,NA,NA
,NA,NA
,NA,NA
,NA,NA
,NA,NA
,NA,NA
,NA,NA
,NA,NA
,NA,NA
,NA,NA
,NA,NA
,NA,NA
,NA,NA
,NA,NA
,NA,NA
,NA,NA
,NA,NA
,NA,NA
,NA,NA
,NA,NA
,NA,NA
,NA,NA
,NA,NA
,NA,NA
,NA,NA
,NA,NA
,NA,NA
,NA,NA
,NA,NA
,NA,NA
,NA,NA
,NA,NA
,NA,NA
,NA,NA
,NA,NA
,NA,NA
,NA,NA
,NA,NA
,NA,NA
,NA,NA
,NA,NA
,NA,NA
,NA,NA
,NA,NA
,NA,NA
,NA,NA
,NA,NA
,NA,NA
,NA,NA
,NA,NA
,NA,NA
,NA,NA
,NA,NA
,NA,NA
,NA,NA
,NA,NA
,NA,NA
,NA,NA
,NA,NA
,NA,NA
,NA,NA
,NA,NA
,NA,NA
,NA,NA
,NA,NA
,NA,NA
,NA,NA
,NA,NA
,NA,NA
,NA,NA
,NA,NA
,NA,NA
,NA,NA
,NA,NA
,NA,NA
,NA,NA
,NA,NA
,NA,NA
,NA,NA
,NA,NA
,NA,NA
,NA,NA
,NA,NA
,NA,NA
,NA,NA
,NA,NA
,NA,NA
,NA,NA
,NA,NA
,NA,NA
,NA,NA
,NA,NA
,NA,NA
,NA,NA
,NA,NA
,NA,NA
,NA,NA
,NA,NA
,NA,NA
,NA,NA
,NA,NA
,NA,NA
,NA,NA
,NA,NA
,NA,NA
,NA,NA
,NA,NA
,NA,NA
,NA,NA
,NA,NA
,NA,NA
,NA,NA
,NA,NA
,NA,NA
,NA,NA
,NA,NA
,NA,NA
,NA,NA
,NA,NA
,NA,NA
,NA,NA
,NA,NA
,NA,NA
,NA,NA
,NA,NA
,NA,NA
,NA,NA
,NA,NA
,NA,NA
,NA,NA
,NA,NA
,NA,NA
,NA,NA
,NA,NA
,NA,NA
,NA,NA
,NA,NA
,NA,NA
,NA,NA
,NA,NA
,NA,NA
,NA,NA
,NA,NA
,NA,NA
,NA,NA
,NA,NA
,NA,NA
,NA,NA
,NA,NA
,NA,NA
,NA,NA
,NA,NA
,NA,NA
,NA,NA
,NA,NA
,NA,NA
,NA,NA
,NA,NA
,NA,NA
,NA,NA
,NA,NA
,NA,NA
,NA,NA
,NA,NA
,NA,NA
,NA,NA
,NA,NA
,NA,NA
,NA,NA
,NA,NA
,NA,NA
,NA,NA
,NA,NA
,NA,NA
,NA,NA
,NA,NA
,NA,NA
,NA,NA
,NA,NA
,NA,NA
,NA,NA
,NA,NA
,NA,NA
,NA,NA
,NA,NA
,NA,NA
,NA,NA
,NA,NA
,NA,NA
,NA,NA
,NA,NA
,NA,NA
,NA,NA
,NA,NA
,NA,NA
,NA,NA
,NA,NA
,NA,NA
,NA,NA
,NA,NA
,NA,NA
,NA,NA
,NA,NA
,NA,NA
,NA,NA
,NA,NA
,NA,NA
,NA,NA
,NA,NA
,NA,NA
,NA,NA
,NA,NA
,NA,NA
,NA,NA
,NA,NA
,NA,NA
,NA,NA
,NA,NA
,NA,NA
,NA,NA
,NA,NA
,NA,NA
,NA,NA
,NA,NA
,NA,NA
,NA,NA
,NA,NA
,NA,NA
,NA,NA
,NA,NA
,NA,NA
,NA,NA
,NA,NA
,NA,NA
,NA,NA
,NA,NA
,NA,NA
,NA,NA
,NA,NA
,NA,NA
,NA,NA
,NA,NA
,NA,NA
,NA,NA
,NA,NA
,NA,NA
,NA,NA
,NA,NA
,NA,NA
,NA,NA
,NA,NA
,NA,NA
,NA,NA
,NA,NA
,NA,NA
,NA,NA
,NA,NA
,NA,NA
,NA,NA
,NA,NA
,NA,NA
,NA,NA
,NA,NA
,NA,NA
,NA,NA
,NA,NA
,NA,NA
,NA,NA
,NA,NA
,NA,NA
,NA,NA
,NA,NA
,NA,NA
,NA,NA
,NA,NA
,NA,NA
,NA,NA
,NA,NA
,NA,NA
,NA,NA
,NA,NA
,NA,NA
,NA,NA
,NA,NA
,NA,NA
,NA,NA
,NA,NA
,NA,NA
,NA,NA
,NA,NA
,NA,NA
,NA,NA
,NA,NA
,NA,NA
,NA,NA
,NA,NA
,NA,NA
,NA,NA
,NA,NA
,NA,NA
,NA,NA
,NA,NA
,NA,NA
,NA,NA
,NA,NA
,NA,NA
,NA,NA
,NA,NA
,NA,NA
,NA,NA
,NA,NA
,NA,NA
,NA,NA
,NA,NA
,NA,NA
,NA,NA
,NA,NA
,NA,NA
,NA,NA
,NA,NA
,NA,NA
,NA,NA
,NA,NA
,NA,NA
,NA,NA
,NA,NA
,NA,NA
,NA,NA
,NA,NA
,NA,NA
,NA,NA
,NA,NA
,NA,NA
,NA,NA
,NA,NA
,NA,NA
,NA,NA
,NA,NA
,NA,NA
,NA,NA
,NA,NA
,NA,NA
,NA,NA
,NA,NA
,NA,NA
,NA,NA
,NA,NA
,NA,NA
,NA,NA
,NA,NA
,NA,NA
,NA,NA
,NA,NA
,NA,NA
,NA,NA
,NA,NA
,NA,NA
,NA,NA
,NA,NA
,NA,NA
,NA,NA
,NA,NA
,NA,NA
,NA,NA
,NA,NA
,NA,NA
,NA,NA
,NA,NA
,NA,NA
,NA,NA
,NA,NA
,NA,NA
,NA,NA
,NA,NA
,NA,NA
,NA,NA
,NA,NA
,NA,NA
,NA,NA
,NA,NA
,NA,NA
,NA,NA
,NA,NA
,NA,NA
,NA,NA
,NA,NA
,NA,NA
,NA,NA
,NA,NA
,NA,NA
,NA,NA
,NA,NA
,NA,NA
,NA,NA
,NA,NA
,NA,NA
,NA,NA
,NA,NA
,NA,NA
,NA,NA
,NA,NA
,NA,NA
,NA,NA
,NA,NA
,NA,NA
,NA,NA
,NA,NA
,NA,NA
,NA,NA
,NA,NA
,NA,NA
,NA,NA
,NA,NA
,NA,NA
,NA,NA
,NA,NA
,NA,NA
,NA,NA
,NA,NA
,NA,NA
,NA,NA
,NA,NA
,NA,NA
,NA,NA
,NA,NA
,NA,NA
,NA,NA
,NA,NA
,NA,NA
,NA,NA
,NA,NA
,NA,NA
,NA,NA
,NA,NA
,NA,NA
,NA,NA
,NA,NA
,NA,NA
,NA,NA
,NA,NA
,NA,NA
,NA,NA
,NA,NA
,NA,NA
,NA,NA
,NA,NA
,NA,NA
,NA,NA
,NA,NA
,NA,NA
,NA,NA
,NA,NA
,NA,NA
,NA,NA
,NA,NA
,NA,NA
,NA,NA
,NA,NA
,NA,NA
,NA,NA
,NA,NA
,NA,NA
,NA,NA
,NA,NA
,NA,NA
,NA,NA
,NA,NA
,NA,NA
,NA,NA
,NA,NA
,NA,NA
,NA,NA
,NA,NA
,NA,NA
,NA,NA
,NA,NA
,NA,NA
,NA,NA
,NA,NA
,NA,NA
,NA,NA
,NA,NA
,NA,NA
,NA,NA
,NA,NA
,NA,NA
,NA,NA
,NA,NA
,NA,NA
,NA,NA
,NA,NA
,NA,NA
,NA,NA
,NA,NA
,NA,NA
,NA,NA
,NA,NA
,NA,NA
,NA,NA
,NA,NA
,NA,NA
,NA,NA
,NA,NA
,NA,NA
,NA,NA
,NA,NA
,NA,NA
,NA,NA
,NA,NA
,NA,NA
,NA,NA
,NA,NA
,NA,NA
,NA,NA
,NA,NA
,NA,NA
,NA,NA
,NA,NA
,NA,NA
,NA,NA
,NA,NA
,NA,NA
,NA,NA
,NA,NA
,NA,NA
,NA,NA
,NA,NA
,NA,NA
,NA,NA
,NA,NA
,NA,NA
,NA,NA
,NA,NA
,NA,NA
,NA,NA
,NA,NA
,NA,NA
,NA,NA
,NA,NA
,NA,NA
,NA,NA
,NA,NA
,NA,NA
,NA,NA
,NA,NA
,NA,NA
,NA,NA
,NA,NA
,NA,NA
,NA,NA
,NA,NA
,NA,NA
,NA,NA
,NA,NA
,NA,NA
,NA,NA
,NA,NA
,NA,NA
,NA,NA
,NA,NA
,NA,NA
,NA,NA
,NA,NA
,NA,NA
,NA,NA
,NA,NA
,NA,NA
,NA,NA
,NA,NA
,NA,NA
,NA,NA
,NA,NA
,NA,NA
,NA,NA
,NA,NA
,NA,NA
,NA,NA
,NA,NA
,NA,NA
,NA,NA
,NA,NA
,NA,NA
,NA,NA
,NA,NA
,NA,NA
,NA,NA
,NA,NA
,NA,NA
,NA,NA
,NA,NA
,NA,NA
,NA,NA
,NA,NA
,NA,NA
,NA,NA
,NA,NA
,NA,NA
,NA,NA
,NA,NA
,NA,NA
,NA,NA
,NA,NA
,NA,NA
,NA,NA
,NA,NA
,NA,NA
,NA,NA
,NA,NA
,NA,NA
,NA,NA
,NA,NA
,NA,NA
,NA,NA
,NA,NA
,NA,NA
,NA,NA
,NA,NA
,NA,NA
,NA,NA
,NA,NA
,NA,NA
,NA,NA
,NA,NA
,NA,NA
,NA,NA
,NA,NA
,NA,NA
,NA,NA
,NA,NA
,NA,NA
,NA,NA
,NA,NA
,NA,NA
,NA,NA
,NA,NA
,NA,NA
,NA,NA
,NA,NA
,NA,NA
,NA,NA
,NA,NA
,NA,NA
,NA,NA
,NA,NA
,NA,NA
,NA,NA
,NA,NA
,NA,NA
,NA,NA
,NA,NA
,NA,NA
,NA,NA
,NA,NA
,NA,NA
,NA,NA
,NA,NA
,NA,NA
,NA,NA
,NA,NA
,NA,NA
,NA,NA
,NA,NA
,NA,NA
,NA,NA
,NA,NA
,NA,NA
,NA,NA
,NA,NA
,NA,NA
,NA,NA
,NA,NA
,NA,NA
,NA,NA
,NA,NA
,NA,NA
,NA,NA
,NA,NA
,NA,NA
,NA,NA
,NA,NA
,NA,NA
,NA,NA
,NA,NA
,NA,NA
,NA,NA
,NA,NA
,NA,NA
,NA,NA
,NA,NA
,NA,NA
,NA,NA
,NA,NA
,NA,NA
,NA,NA
,NA,NA
,NA,NA
,NA,NA
,NA,NA
,NA,NA
,NA,NA
,NA,NA
,NA,NA
,NA,NA
,NA,NA
,NA,NA
,NA,NA
,NA,NA
,NA,NA
,NA,NA
,NA,NA
,NA,NA
,NA,NA
,NA,NA
,NA,NA
,NA,NA
,NA,NA
,NA,NA
,NA,NA
,NA,NA
,NA,NA
,NA,NA
,NA,NA
,NA,NA
,NA,NA
,NA,NA
,NA,NA
,NA,NA
,NA,NA
,NA,NA
,NA,NA
,NA,NA
,NA,NA
,NA,NA
,NA,NA
,NA,NA
,NA,NA
,NA,NA
,NA,NA
,NA,NA
,NA,NA
,NA,NA
,NA,NA
,NA,NA
,NA,NA
,NA,NA
,NA,NA
,NA,NA
,NA,NA
,NA,NA
,NA,NA
,NA,NA
,NA,NA
,NA,NA
,NA,NA
,NA,NA
,NA,NA
,NA,NA
,NA,NA
,NA,NA
,NA,NA
,NA,NA
,NA,NA
,NA,NA
,NA,NA
,NA,NA
,NA,NA
,NA,NA
,NA,NA
,NA,NA
,NA,NA
,NA,NA
,NA,NA
,NA,NA
,NA,NA
,NA,NA
,NA,NA
,NA,NA
,NA,NA
,NA,NA
,NA,NA
,NA,NA
,NA,NA
,NA,NA
,NA,NA
,NA,NA
,NA,NA
,NA,NA
,NA,NA
,NA,NA
,NA,NA
,NA,NA
,NA,NA
,NA,NA
,NA,NA
,NA,NA
,NA,NA
,NA,NA
,NA,NA
,NA,NA
,NA,NA
,NA,NA
,NA,NA
,NA,NA
,NA,NA
,NA,NA
,NA,NA
,NA,NA
,NA,NA
,NA,NA
,NA,NA
,NA,NA
,NA,NA
,NA,NA
,NA,NA
,NA,NA
,NA,NA
,NA,NA
,NA,NA
,NA,NA
,NA,NA
,NA,NA
,NA,NA
,NA,NA
,NA,NA
,NA,NA
,NA,NA
,NA,NA
,NA,NA
,NA,NA
,NA,NA
,NA,NA
,NA,NA
,NA,NA
,NA,NA
,NA,NA
,NA,NA
,NA,NA
,NA,NA
,NA,NA
,NA,NA
,NA,NA
,NA,NA
,NA,NA
,NA,NA
,NA,NA
,NA,NA
,NA,NA
,NA,NA
,NA,NA
,NA,NA
,NA,NA
,NA,NA
,NA,NA
,NA,NA
,NA,NA
,NA,NA
,NA,NA
,NA,NA
,NA,NA
,NA,NA
,NA,NA
,NA,NA
,NA,NA
,NA,NA
,NA,NA
,NA,NA
,NA,NA
,NA,NA
,NA,NA
,NA,NA
,NA,NA
,NA,NA
,NA,NA
,NA,NA
,NA,NA
,NA,NA
,NA,NA
,NA,NA
,NA,NA
,NA,NA
,NA,NA
,NA,NA
,NA,NA
,NA,NA
,NA,NA
,NA,NA
,NA,NA
,NA,NA
,NA,NA
,NA,NA
,NA,NA
,NA,NA
,NA,NA
,NA,NA
,NA,NA
,NA,NA
,NA,NA
,NA,NA
,NA,NA
,NA,NA
,NA,NA
,NA,NA
,NA,NA
,NA,NA
,NA,NA
,NA,NA
,NA,NA
,NA,NA
,NA,NA
,NA,NA
,NA,NA
,NA,NA
,NA,NA
,NA,NA
,NA,NA
,NA,NA
,NA,NA
,NA,NA
,NA,NA
,NA,NA
,NA,NA
,NA,NA
,NA,NA
,NA,NA
,NA,NA
,NA,NA
,NA,NA
,NA,NA
,NA,NA
,NA,NA
,NA,NA
,NA,NA
,NA,NA
,NA,NA
,NA,NA
,NA,NA
,NA,NA
,NA,NA
,NA,NA
,NA,NA
,NA,NA
,NA,NA
,NA,NA
,NA,NA
,NA,NA
,NA,NA
,NA,NA
,NA,NA
,NA,NA
,NA,NA
,NA,NA
,NA,NA
,NA,NA
,NA,NA
,NA,NA
,NA,NA
,NA,NA
,NA,NA
,NA,NA
,NA,NA
,NA,NA
,NA,NA
,NA,NA
,NA,NA
,NA,NA
,NA,NA
,NA,NA
,NA,NA
,NA,NA
,NA,NA
,NA,NA
,NA,NA
,NA,NA
,NA,NA
,NA,NA
,NA,NA
,NA,NA
,NA,NA
,NA,NA
,NA,NA
,NA,NA
,NA,NA
,NA,NA
,NA,NA
,NA,NA
,NA,NA
,NA,NA
,NA,NA
,NA,NA
,NA,NA
,NA,NA
,NA,NA
,NA,NA
,NA,NA
,NA,NA
,NA,NA
,NA,NA
,NA,NA
,NA,NA
,NA,NA
,NA,NA
,NA,NA
,NA,NA
,NA,NA
,NA,NA
,NA,NA
,NA,NA
,NA,NA
,NA,NA
,NA,NA
,NA,NA
,NA,NA
,NA,NA
,NA,NA
,NA,NA
,NA,NA
,NA,NA
,NA,NA
,NA,NA
,NA,NA
,NA,NA
,NA,NA
,NA,NA
,NA,NA
,NA,NA
,NA,NA
,NA,NA
,NA,NA
,NA,NA
,NA,NA
,NA,NA
,NA,NA
,NA,NA
,NA,NA
,NA,NA
,NA,NA
,NA,NA
,NA,NA
,NA,NA
,NA,NA
,NA,NA
,NA,NA
,NA,NA
,NA,NA
,NA,NA
,NA,NA
,NA,NA
,NA,NA
,NA,NA
,NA,NA
,NA,NA
,NA,NA
,NA,NA
,NA,NA
,NA,NA
,NA,NA
,NA,NA
,NA,NA
,NA,NA
,NA,NA
,NA,NA
,NA,NA
,NA,NA
,NA,NA
,NA,NA
,NA,NA
,NA,NA
,NA,NA
,NA,NA
,NA,NA
,NA,NA
,NA,NA
,NA,NA
,NA,NA
,NA,NA
,NA,NA
,NA,NA
,NA,NA
,NA,NA
,NA,NA
,NA,NA
,NA,NA
,NA,NA
,NA,NA
,NA,NA
,NA,NA
,NA,NA
,NA,NA
,NA,NA
,NA,NA
,NA,NA
,NA,NA
,NA,NA
,NA,NA
,NA,NA
,NA,NA
,NA,NA
,NA,NA
,NA,NA
,NA,NA
,NA,NA
,NA,NA
,NA,NA
,NA,NA
,NA,NA
,NA,NA
,NA,NA
,NA,NA
,NA,NA
,NA,NA
,NA,NA
,NA,NA
,NA,NA
,NA,NA
,NA,NA
,NA,NA
,NA,NA
,NA,NA
,NA,NA
,NA,NA
,NA,NA
,NA,NA
,NA,NA
,NA,NA
,NA,NA
,NA,NA
,NA,NA
,NA,NA
,NA,NA
,NA,NA
,NA,NA
,NA,NA
,NA,NA
,NA,NA
,NA,NA
,NA,NA
,NA,NA
,NA,NA
,NA,NA
,NA,NA
,NA,NA
,NA,NA
,NA,NA
,NA,NA
,NA,NA
,NA,NA
,NA,NA
,NA,NA
,NA,NA
,NA,NA
,NA,NA
,NA,NA
,NA,NA
,NA,NA
,NA,NA
,NA,NA
,NA,NA
,NA,NA
,NA,NA
,NA,NA
,NA,NA
,NA,NA
,NA,NA
,NA,NA
,NA,NA
,NA,NA
,NA,NA
,NA,NA
,NA,NA
,NA,NA
,NA,NA
,NA,NA
,NA,NA
,NA,NA
,NA,NA
,NA,NA
,NA,NA
,NA,NA
,NA,NA
,NA,NA
,NA,NA
,NA,NA
,NA,NA
,NA,NA
,NA,NA
,NA,NA
,NA,NA
,NA,NA
,NA,NA
,NA,NA
,NA,NA
,NA,NA
,NA,NA
,NA,NA
,NA,NA
,NA,NA
,NA,NA
,NA,NA
,NA,NA
,NA,NA
,NA,NA
,NA,NA
,NA,NA
,NA,NA
,NA,NA
,NA,NA
,NA,NA
,NA,NA
,NA,NA
,NA,NA
,NA,NA
,NA,NA
,NA,NA
,NA,NA
,NA,NA
,NA,NA
,NA,NA
,NA,NA
,NA,NA
,NA,NA
,NA,NA
,NA,NA
,NA,NA
,NA,NA
