M_ID,Usage,Weight
,NA,NA
,NA,NA
,NA,NA
,NA,NA
,NA,NA
,NA,NA
,NA,NA
,NA,NA
,NA,NA
,NA,NA
,NA,NA
,NA,NA
,NA,NA
,NA,NA
,NA,NA
,NA,NA
,NA,NA
,NA,NA
,NA,NA
,NA,NA
,NA,NA
,NA,NA
,NA,NA
,NA,NA
,NA,NA
,NA,NA
,NA,NA
,NA,NA
,NA,NA
,NA,NA
,NA,NA
,NA,NA
,NA,NA
,NA,NA
,NA,NA
,NA,NA
,NA,NA
,NA,NA
,NA,NA
,NA,NA
,NA,NA
,NA,NA
,NA,NA
,NA,NA
,NA,NA
,NA,NA
,NA,NA
,NA,NA
,NA,NA
,NA,NA
,NA,NA
,NA,NA
,NA,NA
,NA,NA
,NA,NA
,NA,NA
,NA,NA
,NA,NA
,NA,NA
,NA,NA
,NA,NA
,NA,NA
,NA,NA
,NA,NA
,NA,NA
,NA,NA
,NA,NA
,NA,NA
,NA,NA
,NA,NA
,NA,NA
,NA,NA
,NA,NA
,NA,NA
,NA,NA
,NA,NA
,NA,NA
,NA,NA
,NA,NA
,NA,NA
,NA,NA
,NA,NA
,NA,NA
,NA,NA
,NA,NA
,NA,NA
,NA,NA
,NA,NA
,NA,NA
,NA,NA
,NA,NA
,NA,NA
,NA,NA
,NA,NA
,NA,NA
,NA,NA
,NA,NA
,NA,NA
,NA,NA
,NA,NA
,NA,NA
,NA,NA
,NA,NA
,NA,NA
,NA,NA
,NA,NA
,NA,NA
,NA,NA
,NA,NA
,NA,NA
,NA,NA
,NA,NA
,NA,NA
,NA,NA
,NA,NA
,NA,NA
,NA,NA
,NA,NA
,NA,NA
,NA,NA
,NA,NA
,NA,NA
,NA,NA
,NA,NA
,NA,NA
,NA,NA
,NA,NA
,NA,NA
,NA,NA
,NA,NA
,NA,NA
,NA,NA
,NA,NA
,NA,NA
,NA,NA
,NA,NA
,NA,NA
,NA,NA
,NA,NA
,NA,NA
,NA,NA
,NA,NA
,NA,NA
,NA,NA
,NA,NA
,NA,NA
,NA,NA
,NA,NA
,NA,NA
,NA,NA
,NA,NA
,NA,NA
,NA,NA
,NA,NA
,NA,NA
,NA,NA
,NA,NA
,NA,NA
,NA,NA
,NA,NA
,NA,NA
,NA,NA
,NA,NA
,NA,NA
,NA,NA
,NA,NA
,NA,NA
,NA,NA
,NA,NA
,NA,NA
,NA,NA
,NA,NA
,NA,NA
,NA,NA
,NA,NA
,NA,NA
,NA,NA
,NA,NA
,NA,NA
,NA,NA
,NA,NA
,NA,NA
,NA,NA
,NA,NA
,NA,NA
,NA,NA
,NA,NA
,NA,NA
,NA,NA
,NA,NA
,NA,NA
,NA,NA
,NA,NA
,NA,NA
,NA,NA
,NA,NA
,NA,NA
,NA,NA
,NA,NA
,NA,NA
,NA,NA
,NA,NA
,NA,NA
,NA,NA
,NA,NA
,NA,NA
,NA,NA
,NA,NA
,NA,NA
,NA,NA
,NA,NA
,NA,NA
,NA,NA
,NA,NA
,NA,NA
,NA,NA
,NA,NA
,NA,NA
,NA,NA
,NA,NA
,NA,NA
,NA,NA
,NA,NA
,NA,NA
,NA,NA
,NA,NA
,NA,NA
,NA,NA
,NA,NA
,NA,NA
,NA,NA
,NA,NA
,NA,NA
,NA,NA
,NA,NA
,NA,NA
,NA,NA
,NA,NA
,NA,NA
,NA,NA
,NA,NA
,NA,NA
,NA,NA
,NA,NA
,NA,NA
,NA,NA
,NA,NA
,NA,NA
,NA,NA
,NA,NA
,NA,NA
,NA,NA
,NA,NA
,NA,NA
,NA,NA
,NA,NA
,NA,NA
,NA,NA
,NA,NA
,NA,NA
,NA,NA
,NA,NA
,NA,NA
,NA,NA
,NA,NA
,NA,NA
,NA,NA
,NA,NA
,NA,NA
,NA,NA
,NA,NA
,NA,NA
,NA,NA
,NA,NA
,NA,NA
,NA,NA
,NA,NA
,NA,NA
,NA,NA
,NA,NA
,NA,NA
,NA,NA
,NA,NA
,NA,NA
,NA,NA
,NA,NA
,NA,NA
,NA,NA
,NA,NA
,NA,NA
,NA,NA
,NA,NA
,NA,NA
,NA,NA
,NA,NA
,NA,NA
,NA,NA
,NA,NA
,NA,NA
,NA,NA
,NA,NA
,NA,NA
,NA,NA
,NA,NA
,NA,NA
,NA,NA
,NA,NA
,NA,NA
,NA,NA
,NA,NA
,NA,NA
,NA,NA
,NA,NA
,NA,NA
,NA,NA
,NA,NA
,NA,NA
,NA,NA
,NA,NA
,NA,NA
,NA,NA
,NA,NA
,NA,NA
,NA,NA
,NA,NA
,NA,NA
,NA,NA
,NA,NA
,NA,NA
,NA,NA
,NA,NA
,NA,NA
,NA,NA
,NA,NA
,NA,NA
,NA,NA
,NA,NA
,NA,NA
,NA,NA
,NA,NA
,NA,NA
,NA,NA
,NA,NA
,NA,NA
,NA,NA
,NA,NA
,NA,NA
,NA,NA
,NA,NA
,NA,NA
,NA,NA
,NA,NA
,NA,NA
,NA,NA
,NA,NA
,NA,NA
,NA,NA
,NA,NA
,NA,NA
,NA,NA
,NA,NA
,NA,NA
,NA,NA
,NA,NA
,NA,NA
,NA,NA
,NA,NA
,NA,NA
,NA,NA
,NA,NA
,NA,NA
,NA,NA
,NA,NA
,NA,NA
,NA,NA
,NA,NA
,NA,NA
,NA,NA
,NA,NA
,NA,NA
,NA,NA
,NA,NA
,NA,NA
,NA,NA
,NA,NA
,NA,NA
,NA,NA
,NA,NA
,NA,NA
,NA,NA
,NA,NA
,NA,NA
,NA,NA
,NA,NA
,NA,NA
,NA,NA
,NA,NA
,NA,NA
,NA,NA
,NA,NA
,NA,NA
,NA,NA
,NA,NA
,NA,NA
,NA,NA
,NA,NA
,NA,NA
,NA,NA
,NA,NA
,NA,NA
,NA,NA
,NA,NA
,NA,NA
,NA,NA
,NA,NA
,NA,NA
,NA,NA
,NA,NA
,NA,NA
,NA,NA
,NA,NA
,NA,NA
,NA,NA
,NA,NA
,NA,NA
,NA,NA
,NA,NA
,NA,NA
,NA,NA
,NA,NA
,NA,NA
,NA,NA
,NA,NA
,NA,NA
,NA,NA
,NA,NA
,NA,NA
,NA,NA
,NA,NA
,NA,NA
,NA,NA
,NA,NA
,NA,NA
,NA,NA
,NA,NA
,NA,NA
,NA,NA
,NA,NA
,NA,NA
,NA,NA
,NA,NA
,NA,NA
,NA,NA
,NA,NA
,NA,NA
,NA,NA
,NA,NA
,NA,NA
,NA,NA
,NA,NA
,NA,NA
,NA,NA
,NA,NA
,NA,NA
,NA,NA
,NA,NA
,NA,NA
,NA,NA
,NA,NA
,NA,NA
,NA,NA
,NA,NA
,NA,NA
,NA,NA
,NA,NA
,NA,NA
,NA,NA
,NA,NA
,NA,NA
,NA,NA
,NA,NA
,NA,NA
,NA,NA
,NA,NA
,NA,NA
,NA,NA
,NA,NA
,NA,NA
,NA,NA
,NA,NA
,NA,NA
,NA,NA
,NA,NA
,NA,NA
,NA,NA
,NA,NA
,NA,NA
,NA,NA
,NA,NA
,NA,NA
,NA,NA
,NA,NA
,NA,NA
,NA,NA
,NA,NA
,NA,NA
,NA,NA
,NA,NA
,NA,NA
,NA,NA
,NA,NA
,NA,NA
,NA,NA
,NA,NA
,NA,NA
,NA,NA
,NA,NA
,NA,NA
,NA,NA
,NA,NA
,NA,NA
,NA,NA
,NA,NA
,NA,NA
,NA,NA
,NA,NA
,NA,NA
,NA,NA
,NA,NA
,NA,NA
,NA,NA
,NA,NA
,NA,NA
,NA,NA
,NA,NA
,NA,NA
,NA,NA
,NA,NA
,NA,NA
,NA,NA
,NA,NA
,NA,NA
,NA,NA
,NA,NA
,NA,NA
,NA,NA
,NA,NA
,NA,NA
,NA,NA
,NA,NA
,NA,NA
,NA,NA
,NA,NA
,NA,NA
,NA,NA
,NA,NA
,NA,NA
,NA,NA
,NA,NA
,NA,NA
,NA,NA
,NA,NA
,NA,NA
,NA,NA
,NA,NA
,NA,NA
,NA,NA
,NA,NA
,NA,NA
,NA,NA
,NA,NA
,NA,NA
,NA,NA
,NA,NA
,NA,NA
,NA,NA
,NA,NA
,NA,NA
,NA,NA
,NA,NA
,NA,NA
,NA,NA
,NA,NA
,NA,NA
,NA,NA
,NA,NA
,NA,NA
,NA,NA
,NA,NA
,NA,NA
,NA,NA
,NA,NA
,NA,NA
,NA,NA
,NA,NA
,NA,NA
,NA,NA
,NA,NA
,NA,NA
,NA,NA
,NA,NA
,NA,NA
,NA,NA
,NA,NA
,NA,NA
,NA,NA
,NA,NA
,NA,NA
,NA,NA
,NA,NA
,NA,NA
,NA,NA
,NA,NA
,NA,NA
,NA,NA
,NA,NA
,NA,NA
,NA,NA
,NA,NA
,NA,NA
,NA,NA
,NA,NA
,NA,NA
,NA,NA
,NA,NA
,NA,NA
,NA,NA
,NA,NA
,NA,NA
,NA,NA
,NA,NA
,NA,NA
,NA,NA
,NA,NA
,NA,NA
,NA,NA
,NA,NA
,NA,NA
,NA,NA
,NA,NA
,NA,NA
,NA,NA
,NA,NA
,NA,NA
,NA,NA
,NA,NA
,NA,NA
,NA,NA
,NA,NA
,NA,NA
,NA,NA
,NA,NA
,NA,NA
,NA,NA
,NA,NA
,NA,NA
,NA,NA
,NA,NA
,NA,NA
,NA,NA
,NA,NA
,NA,NA
,NA,NA
,NA,NA
,NA,NA
,NA,NA
,NA,NA
,NA,NA
,NA,NA
,NA,NA
,NA,NA
,NA,NA
,NA,NA
,NA,NA
,NA,NA
,NA,NA
,NA,NA
,NA,NA
,NA,NA
,NA,NA
,NA,NA
,NA,NA
,NA,NA
,NA,NA
,NA,NA
,NA,NA
,NA,NA
,NA,NA
,NA,NA
,NA,NA
,NA,NA
,NA,NA
,NA,NA
,NA,NA
,NA,NA
,NA,NA
,NA,NA
,NA,NA
,NA,NA
,NA,NA
,NA,NA
,NA,NA
,NA,NA
,NA,NA
,NA,NA
,NA,NA
,NA,NA
,NA,NA
,NA,NA
,NA,NA
,NA,NA
,NA,NA
,NA,NA
,NA,NA
,NA,NA
,NA,NA
,NA,NA
,NA,NA
,NA,NA
,NA,NA
,NA,NA
,NA,NA
,NA,NA
,NA,NA
,NA,NA
,NA,NA
,NA,NA
,NA,NA
,NA,NA
,NA,NA
,NA,NA
,NA,NA
,NA,NA
,NA,NA
,NA,NA
,NA,NA
,NA,NA
,NA,NA
,NA,NA
,NA,NA
,NA,NA
,NA,NA
,NA,NA
,NA,NA
,NA,NA
,NA,NA
,NA,NA
,NA,NA
,NA,NA
,NA,NA
,NA,NA
,NA,NA
,NA,NA
,NA,NA
,NA,NA
,NA,NA
,NA,NA
,NA,NA
,NA,NA
,NA,NA
,NA,NA
,NA,NA
,NA,NA
,NA,NA
,NA,NA
,NA,NA
,NA,NA
,NA,NA
,NA,NA
,NA,NA
,NA,NA
,NA,NA
,NA,NA
,NA,NA
,NA,NA
,NA,NA
,NA,NA
,NA,NA
,NA,NA
,NA,NA
,NA,NA
,NA,NA
,NA,NA
,NA,NA
,NA,NA
,NA,NA
,NA,NA
,NA,NA
,NA,NA
,NA,NA
,NA,NA
,NA,NA
,NA,NA
,NA,NA
,NA,NA
,NA,NA
,NA,NA
,NA,NA
,NA,NA
,NA,NA
,NA,NA
,NA,NA
,NA,NA
,NA,NA
,NA,NA
,NA,NA
,NA,NA
,NA,NA
,NA,NA
,NA,NA
,NA,NA
,NA,NA
,NA,NA
,NA,NA
,NA,NA
,NA,NA
,NA,NA
,NA,NA
,NA,NA
,NA,NA
,NA,NA
,NA,NA
,NA,NA
,NA,NA
,NA,NA
,NA,NA
,NA,NA
,NA,NA
,NA,NA
,NA,NA
,NA,NA
,NA,NA
,NA,NA
,NA,NA
,NA,NA
,NA,NA
,NA,NA
,NA,NA
,NA,NA
,NA,NA
,NA,NA
,NA,NA
,NA,NA
,NA,NA
,NA,NA
,NA,NA
,NA,NA
,NA,NA
,NA,NA
,NA,NA
,NA,NA
,NA,NA
,NA,NA
,NA,NA
,NA,NA
,NA,NA
,NA,NA
,NA,NA
,NA,NA
,NA,NA
,NA,NA
,NA,NA
,NA,NA
,NA,NA
,NA,NA
,NA,NA
,NA,NA
,NA,NA
,NA,NA
,NA,NA
,NA,NA
,NA,NA
,NA,NA
,NA,NA
,NA,NA
,NA,NA
,NA,NA
,NA,NA
,NA,NA
,NA,NA
,NA,NA
,NA,NA
,NA,NA
,NA,NA
,NA,NA
,NA,NA
,NA,NA
,NA,NA
,NA,NA
,NA,NA
,NA,NA
,NA,NA
,NA,NA
,NA,NA
,NA,NA
,NA,NA
,NA,NA
,NA,NA
,NA,NA
,NA,NA
,NA,NA
,NA,NA
,NA,NA
,NA,NA
,NA,NA
,NA,NA
,NA,NA
,NA,NA
,NA,NA
,NA,NA
,NA,NA
,NA,NA
,NA,NA
,NA,NA
,NA,NA
,NA,NA
,NA,NA
,NA,NA
,NA,NA
,NA,NA
,NA,NA
,NA,NA
,NA,NA
,NA,NA
,NA,NA
,NA,NA
,NA,NA
,NA,NA
,NA,NA
,NA,NA
,NA,NA
,NA,NA
,NA,NA
,NA,NA
,NA,NA
,NA,NA
,NA,NA
,NA,NA
,NA,NA
,NA,NA
,NA,NA
,NA,NA
,NA,NA
,NA,NA
,NA,NA
,NA,NA
,NA,NA
,NA,NA
,NA,NA
,NA,NA
,NA,NA
,NA,NA
,NA,NA
,NA,NA
,NA,NA
,NA,NA
,NA,NA
,NA,NA
,NA,NA
,NA,NA
,NA,NA
,NA,NA
,NA,NA
,NA,NA
,NA,NA
,NA,NA
,NA,NA
,NA,NA
,NA,NA
,NA,NA
,NA,NA
,NA,NA
,NA,NA
,NA,NA
,NA,NA
,NA,NA
,NA,NA
,NA,NA
,NA,NA
,NA,NA
,NA,NA
,NA,NA
,NA,NA
,NA,NA
,NA,NA
,NA,NA
,NA,NA
,NA,NA
,NA,NA
,NA,NA
,NA,NA
,NA,NA
,NA,NA
,NA,NA
,NA,NA
,NA,NA
,NA,NA
,NA,NA
,NA,NA
,NA,NA
,NA,NA
,NA,NA
,NA,NA
,NA,NA
,NA,NA
,NA,NA
,NA,NA
,NA,NA
,NA,NA
,NA,NA
,NA,NA
,NA,NA
,NA,NA
,NA,NA
,NA,NA
,NA,NA
,NA,NA
,NA,NA
,NA,NA
,NA,NA
,NA,NA
,NA,NA
,NA,NA
,NA,NA
,NA,NA
,NA,NA
,NA,NA
,NA,NA
,NA,NA
,NA,NA
,NA,NA
,NA,NA
,NA,NA
,NA,NA
,NA,NA
,NA,NA
,NA,NA
,NA,NA
,NA,NA
,NA,NA
,NA,NA
,NA,NA
,NA,NA
,NA,NA
,NA,NA
,NA,NA
,NA,NA
,NA,NA
,NA,NA
,NA,NA
,NA,NA
,NA,NA
,NA,NA
,NA,NA
,NA,NA
,NA,NA
,NA,NA
,NA,NA
,NA,NA
,NA,NA
,NA,NA
,NA,NA
,NA,NA
,NA,NA
,NA,NA
,NA,NA
,NA,NA
,NA,NA
,NA,NA
,NA,NA
,NA,NA
,NA,NA
,NA,NA
,NA,NA
,NA,NA
,NA,NA
,NA,NA
,NA,NA
,NA,NA
,NA,NA
,NA,NA
,NA,NA
,NA,NA
,NA,NA
,NA,NA
,NA,NA
,NA,NA
,NA,NA
,NA,NA
,NA,NA
,NA,NA
,NA,NA
,NA,NA
,NA,NA
,NA,NA
,NA,NA
,NA,NA
,NA,NA
,NA,NA
,NA,NA
,NA,NA
,NA,NA
,NA,NA
,NA,NA
,NA,NA
,NA,NA
,NA,NA
,NA,NA
,NA,NA
,NA,NA
,NA,NA
,NA,NA
,NA,NA
,NA,NA
,NA,NA
,NA,NA
,NA,NA
,NA,NA
,NA,NA
,NA,NA
,NA,NA
,NA,NA
,NA,NA
,NA,NA
,NA,NA
,NA,NA
,NA,NA
,NA,NA
,NA,NA
,NA,NA
,NA,NA
,NA,NA
,NA,NA
,NA,NA
,NA,NA
,NA,NA
,NA,NA
,NA,NA
,NA,NA
,NA,NA
,NA,NA
,NA,NA
,NA,NA
,NA,NA
,NA,NA
,NA,NA
,NA,NA
,NA,NA
,NA,NA
,NA,NA
,NA,NA
,NA,NA
,NA,NA
,NA,NA
,NA,NA
,NA,NA
,NA,NA
,NA,NA
,NA,NA
,NA,NA
,NA,NA
,NA,NA
,NA,NA
,NA,NA
,NA,NA
,NA,NA
,NA,NA
,NA,NA
,NA,NA
,NA,NA
,NA,NA
,NA,NA
,NA,NA
,NA,NA
,NA,NA
,NA,NA
,NA,NA
,NA,NA
,NA,NA
,NA,NA
,NA,NA
,NA,NA
,NA,NA
,NA,NA
,NA,NA
,NA,NA
,NA,NA
,NA,NA
,NA,NA
,NA,NA
,NA,NA
,NA,NA
,NA,NA
,NA,NA
,NA,NA
,NA,NA
,NA,NA
,NA,NA
,NA,NA
,NA,NA
,NA,NA
,NA,NA
,NA,NA
,NA,NA
,NA,NA
,NA,NA
,NA,NA
,NA,NA
,NA,NA
,NA,NA
,NA,NA
,NA,NA
,NA,NA
,NA,NA
,NA,NA
,NA,NA
,NA,NA
,NA,NA
,NA,NA
,NA,NA
,NA,NA
,NA,NA
,NA,NA
,NA,NA
,NA,NA
,NA,NA
,NA,NA
,NA,NA
,NA,NA
,NA,NA
,NA,NA
,NA,NA
,NA,NA
,NA,NA
,NA,NA
,NA,NA
,NA,NA
,NA,NA
,NA,NA
,NA,NA
,NA,NA
,NA,NA
,NA,NA
,NA,NA
,NA,NA
,NA,NA
,NA,NA
,NA,NA
,NA,NA
,NA,NA
,NA,NA
,NA,NA
,NA,NA
,NA,NA
,NA,NA
,NA,NA
,NA,NA
,NA,NA
,NA,NA
,NA,NA
,NA,NA
,NA,NA
,NA,NA
,NA,NA
,NA,NA
,NA,NA
,NA,NA
,NA,NA
,NA,NA
,NA,NA
,NA,NA
,NA,NA
,NA,NA
,NA,NA
,NA,NA
,NA,NA
,NA,NA
,NA,NA
,NA,NA
,NA,NA
,NA,NA
,NA,NA
,NA,NA
,NA,NA
,NA,NA
,NA,NA
,NA,NA
,NA,NA
,NA,NA
,NA,NA
,NA,NA
,NA,NA
,NA,NA
,NA,NA
,NA,NA
,NA,NA
,NA,NA
,NA,NA
,NA,NA
,NA,NA
,NA,NA
,NA,NA
,NA,NA
,NA,NA
,NA,NA
,NA,NA
,NA,NA
,NA,NA
,NA,NA
,NA,NA
,NA,NA
,NA,NA
,NA,NA
,NA,NA
,NA,NA
,NA,NA
,NA,NA
,NA,NA
,NA,NA
,NA,NA
,NA,NA
,NA,NA
,NA,NA
,NA,NA
,NA,NA
,NA,NA
,NA,NA
,NA,NA
,NA,NA
,NA,NA
,NA,NA
,NA,NA
,NA,NA
,NA,NA
,NA,NA
,NA,NA
,NA,NA
,NA,NA
,NA,NA
,NA,NA
,NA,NA
,NA,NA
,NA,NA
,NA,NA
,NA,NA
,NA,NA
,NA,NA
,NA,NA
,NA,NA
,NA,NA
,NA,NA
,NA,NA
,NA,NA
,NA,NA
,NA,NA
,NA,NA
,NA,NA
,NA,NA
,NA,NA
,NA,NA
,NA,NA
,NA,NA
,NA,NA
,NA,NA
,NA,NA
,NA,NA
,NA,NA
,NA,NA
,NA,NA
,NA,NA
,NA,NA
,NA,NA
,NA,NA
,NA,NA
,NA,NA
,NA,NA
,NA,NA
,NA,NA
,NA,NA
,NA,NA
,NA,NA
,NA,NA
,NA,NA
,NA,NA
,NA,NA
,NA,NA
,NA,NA
,NA,NA
,NA,NA
,NA,NA
,NA,NA
,NA,NA
,NA,NA
,NA,NA
,NA,NA
,NA,NA
,NA,NA
,NA,NA
,NA,NA
,NA,NA
,NA,NA
,NA,NA
,NA,NA
,NA,NA
,NA,NA
,NA,NA
,NA,NA
,NA,NA
,NA,NA
,NA,NA
,NA,NA
,NA,NA
,NA,NA
,NA,NA
,NA,NA
,NA,NA
,NA,NA
,NA,NA
,NA,NA
,NA,NA
,NA,NA
,NA,NA
,NA,NA
,NA,NA
,NA,NA
,NA,NA
,NA,NA
,NA,NA
,NA,NA
,NA,NA
,NA,NA
,NA,NA
,NA,NA
,NA,NA
,NA,NA
,NA,NA
,NA,NA
,NA,NA
,NA,NA
,NA,NA
,NA,NA
,NA,NA
,NA,NA
,NA,NA
,NA,NA
,NA,NA
,NA,NA
,NA,NA
,NA,NA
,NA,NA
,NA,NA
,NA,NA
,NA,NA
,NA,NA
,NA,NA
,NA,NA
,NA,NA
,NA,NA
,NA,NA
,NA,NA
,NA,NA
,NA,NA
,NA,NA
,NA,NA
,NA,NA
,NA,NA
,NA,NA
,NA,NA
,NA,NA
,NA,NA
,NA,NA
,NA,NA
,NA,NA
,NA,NA
,NA,NA
,NA,NA
,NA,NA
,NA,NA
,NA,NA
,NA,NA
,NA,NA
,NA,NA
,NA,NA
,NA,NA
,NA,NA
,NA,NA
,NA,NA
,NA,NA
,NA,NA
,NA,NA
,NA,NA
,NA,NA
,NA,NA
,NA,NA
,NA,NA
,NA,NA
,NA,NA
,NA,NA
,NA,NA
,NA,NA
,NA,NA
,NA,NA
,NA,NA
,NA,NA
,NA,NA
,NA,NA
,NA,NA
,NA,NA
,NA,NA
,NA,NA
,NA,NA
,NA,NA
,NA,NA
,NA,NA
,NA,NA
,NA,NA
,NA,NA
,NA,NA
,NA,NA
,NA,NA
,NA,NA
,NA,NA
,NA,NA
,NA,NA
,NA,NA
,NA,NA
,NA,NA
,NA,NA
,NA,NA
,NA,NA
,NA,NA
,NA,NA
,NA,NA
,NA,NA
,NA,NA
,NA,NA
,NA,NA
,NA,NA
,NA,NA
,NA,NA
,NA,NA
,NA,NA
,NA,NA
,NA,NA
,NA,NA
,NA,NA
,NA,NA
,NA,NA
,NA,NA
,NA,NA
,NA,NA
,NA,NA
,NA,NA
,NA,NA
,NA,NA
,NA,NA
,NA,NA
,NA,NA
,NA,NA
,NA,NA
,NA,NA
,NA,NA
,NA,NA
,NA,NA
,NA,NA
,NA,NA
,NA,NA
,NA,NA
,NA,NA
,NA,NA
,NA,NA
,NA,NA
,NA,NA
,NA,NA
,NA,NA
,NA,NA
,NA,NA
,NA,NA
,NA,NA
,NA,NA
,NA,NA
,NA,NA
,NA,NA
,NA,NA
,NA,NA
,NA,NA
,NA,NA
,NA,NA
,NA,NA
,NA,NA
,NA,NA
,NA,NA
,NA,NA
,NA,NA
,NA,NA
,NA,NA
,NA,NA
,NA,NA
,NA,NA
,NA,NA
,NA,NA
,NA,NA
,NA,NA
,NA,NA
,NA,NA
,NA,NA
,NA,NA
,NA,NA
,NA,NA
,NA,NA
,NA,NA
,NA,NA
,NA,NA
,NA,NA
,NA,NA
,NA,NA
,NA,NA
,NA,NA
,NA,NA
,NA,NA
,NA,NA
,NA,NA
,NA,NA
,NA,NA
,NA,NA
,NA,NA
,NA,NA
,NA,NA
,NA,NA
,NA,NA
,NA,NA
,NA,NA
,NA,NA
,NA,NA
,NA,NA
,NA,NA
,NA,NA
,NA,NA
,NA,NA
,NA,NA
,NA,NA
,NA,NA
,NA,NA
,NA,NA
,NA,NA
,NA,NA
,NA,NA
,NA,NA
,NA,NA
,NA,NA
,NA,NA
,NA,NA
,NA,NA
,NA,NA
,NA,NA
,NA,NA
,NA,NA
,NA,NA
,NA,NA
,NA,NA
,NA,NA
,NA,NA
,NA,NA
,NA,NA
,NA,NA
,NA,NA
,NA,NA
,NA,NA
,NA,NA
,NA,NA
,NA,NA
,NA,NA
,NA,NA
,NA,NA
,NA,NA
,NA,NA
,NA,NA
,NA,NA
,NA,NA
,NA,NA
,NA,NA
,NA,NA
,NA,NA
,NA,NA
,NA,NA
,NA,NA
,NA,NA
,NA,NA
,NA,NA
,NA,NA
,NA,NA
,NA,NA
,NA,NA
,NA,NA
,NA,NA
,NA,NA
,NA,NA
,NA,NA
,NA,NA
,NA,NA
,NA,NA
,NA,NA
,NA,NA
,NA,NA
,NA,NA
,NA,NA
,NA,NA
,NA,NA
,NA,NA
,NA,NA
,NA,NA
,NA,NA
,NA,NA
,NA,NA
,NA,NA
,NA,NA
,NA,NA
,NA,NA
,NA,NA
,NA,NA
,NA,NA
,NA,NA
,NA,NA
,NA,NA
,NA,NA
,NA,NA
,NA,NA
,NA,NA
,NA,NA
,NA,NA
,NA,NA
,NA,NA
,NA,NA
,NA,NA
,NA,NA
,NA,NA
,NA,NA
,NA,NA
,NA,NA
,NA,NA
,NA,NA
,NA,NA
,NA,NA
,NA,NA
,NA,NA
,NA,NA
,NA,NA
,NA,NA
,NA,NA
,NA,NA
,NA,NA
,NA,NA
,NA,NA
,NA,NA
,NA,NA
,NA,NA
,NA,NA
,NA,NA
,NA,NA
,NA,NA
,NA,NA
,NA,NA
,NA,NA
,NA,NA
,NA,NA
,NA,NA
,NA,NA
,NA,NA
,NA,NA
,NA,NA
,NA,NA
,NA,NA
,NA,NA
,NA,NA
,NA,NA
,NA,NA
,NA,NA
,NA,NA
,NA,NA
,NA,NA
,NA,NA
,NA,NA
,NA,NA
,NA,NA
,NA,NA
,NA,NA
,NA,NA
,NA,NA
,NA,NA
,NA,NA
,NA,NA
,NA,NA
,NA,NA
,NA,NA
,NA,NA
,NA,NA
,NA,NA
,NA,NA
,NA,NA
,NA,NA
,NA,NA
,NA,NA
,NA,NA
,NA,NA
,NA,NA
,NA,NA
,NA,NA
,NA,NA
,NA,NA
,NA,NA
,NA,NA
,NA,NA
,NA,NA
,NA,NA
,NA,NA
,NA,NA
,NA,NA
,NA,NA
,NA,NA
,NA,NA
,NA,NA
,NA,NA
,NA,NA
,NA,NA
,NA,NA
,NA,NA
,NA,NA
,NA,NA
,NA,NA
,NA,NA
,NA,NA
,NA,NA
,NA,NA
,NA,NA
,NA,NA
,NA,NA
,NA,NA
,NA,NA
,NA,NA
,NA,NA
,NA,NA
,NA,NA
,NA,NA
,NA,NA
,NA,NA
,NA,NA
,NA,NA
,NA,NA
,NA,NA
,NA,NA
,NA,NA
,NA,NA
,NA,NA
,NA,NA
,NA,NA
,NA,NA
,NA,NA
,NA,NA
,NA,NA
,NA,NA
,NA,NA
,NA,NA
,NA,NA
,NA,NA
,NA,NA
,NA,NA
,NA,NA
,NA,NA
,NA,NA
,NA,NA
,NA,NA
,NA,NA
,NA,NA
,NA,NA
,NA,NA
,NA,NA
,NA,NA
,NA,NA
,NA,NA
,NA,NA
,NA,NA
,NA,NA
,NA,NA
,NA,NA
,NA,NA
,NA,NA
,NA,NA
,NA,NA
,NA,NA
,NA,NA
,NA,NA
,NA,NA
,NA,NA
,NA,NA
,NA,NA
,NA,NA
,NA,NA
,NA,NA
,NA,NA
,NA,NA
,NA,NA
,NA,NA
,NA,NA
,NA,NA
,NA,NA
,NA,NA
,NA,NA
,NA,NA
,NA,NA
,NA,NA
,NA,NA
,NA,NA
,NA,NA
,NA,NA
,NA,NA
,NA,NA
,NA,NA
,NA,NA
,NA,NA
,NA,NA
,NA,NA
,NA,NA
,NA,NA
,NA,NA
,NA,NA
,NA,NA
,NA,NA
,NA,NA
,NA,NA
,NA,NA
,NA,NA
,NA,NA
,NA,NA
,NA,NA
,NA,NA
,NA,NA
,NA,NA
,NA,NA
,NA,NA
,NA,NA
,NA,NA
,NA,NA
,NA,NA
,NA,NA
,NA,NA
,NA,NA
,NA,NA
,NA,NA
,NA,NA
,NA,NA
,NA,NA
,NA,NA
,NA,NA
,NA,NA
,NA,NA
,NA,NA
,NA,NA
,NA,NA
,NA,NA
,NA,NA
,NA,NA
,NA,NA
,NA,NA
,NA,NA
,NA,NA
,NA,NA
,NA,NA
,NA,NA
,NA,NA
,NA,NA
,NA,NA
,NA,NA
,NA,NA
,NA,NA
,NA,NA
,NA,NA
,NA,NA
,NA,NA
,NA,NA
,NA,NA
,NA,NA
,NA,NA
,NA,NA
,NA,NA
,NA,NA
,NA,NA
,NA,NA
,NA,NA
,NA,NA
,NA,NA
,NA,NA
,NA,NA
,NA,NA
,NA,NA
,NA,NA
,NA,NA
,NA,NA
,NA,NA
,NA,NA
,NA,NA
,NA,NA
,NA,NA
,NA,NA
,NA,NA
,NA,NA
,NA,NA
,NA,NA
,NA,NA
,NA,NA
,NA,NA
,NA,NA
,NA,NA
,NA,NA
,NA,NA
,NA,NA
,NA,NA
,NA,NA
,NA,NA
,NA,NA
,NA,NA
,NA,NA
,NA,NA
,NA,NA
,NA,NA
,NA,NA
,NA,NA
,NA,NA
,NA,NA
,NA,NA
,NA,NA
,NA,NA
,NA,NA
,NA,NA
,NA,NA
,NA,NA
,NA,NA
,NA,NA
,NA,NA
,NA,NA
,NA,NA
,NA,NA
,NA,NA
,NA,NA
,NA,NA
,NA,NA
,NA,NA
,NA,NA
,NA,NA
,NA,NA
,NA,NA
,NA,NA
,NA,NA
,NA,NA
,NA,NA
,NA,NA
,NA,NA
,NA,NA
,NA,NA
,NA,NA
,NA,NA
,NA,NA
,NA,NA
,NA,NA
,NA,NA
,NA,NA
,NA,NA
,NA,NA
,NA,NA
,NA,NA
,NA,NA
,NA,NA
,NA,NA
,NA,NA
,NA,NA
,NA,NA
,NA,NA
,NA,NA
,NA,NA
,NA,NA
,NA,NA
,NA,NA
,NA,NA
,NA,NA
,NA,NA
,NA,NA
,NA,NA
,NA,NA
,NA,NA
,NA,NA
,NA,NA
,NA,NA
,NA,NA
,NA,NA
,NA,NA
,NA,NA
,NA,NA
,NA,NA
,NA,NA
,NA,NA
,NA,NA
,NA,NA
,NA,NA
,NA,NA
,NA,NA
,NA,NA
,NA,NA
,NA,NA
,NA,NA
,NA,NA
,NA,NA
,NA,NA
,NA,NA
,NA,NA
,NA,NA
,NA,NA
,NA,NA
,NA,NA
,NA,NA
,NA,NA
,NA,NA
,NA,NA
,NA,NA
,NA,NA
,NA,NA
,NA,NA
,NA,NA
,NA,NA
,NA,NA
,NA,NA
,NA,NA
,NA,NA
,NA,NA
,NA,NA
,NA,NA
,NA,NA
,NA,NA
,NA,NA
,NA,NA
,NA,NA
,NA,NA
,NA,NA
,NA,NA
,NA,NA
,NA,NA
,NA,NA
,NA,NA
,NA,NA
,NA,NA
,NA,NA
,NA,NA
,NA,NA
,NA,NA
,NA,NA
,NA,NA
,NA,NA
,NA,NA
,NA,NA
,NA,NA
,NA,NA
,NA,NA
,NA,NA
,NA,NA
,NA,NA
,NA,NA
,NA,NA
,NA,NA
,NA,NA
,NA,NA
,NA,NA
,NA,NA
,NA,NA
,NA,NA
,NA,NA
,NA,NA
,NA,NA
,NA,NA
,NA,NA
,NA,NA
,NA,NA
,NA,NA
,NA,NA
,NA,NA
,NA,NA
,NA,NA
,NA,NA
,NA,NA
,NA,NA
,NA,NA
,NA,NA
,NA,NA
,NA,NA
,NA,NA
,NA,NA
,NA,NA
,NA,NA
,NA,NA
,NA,NA
,NA,NA
,NA,NA
,NA,NA
,NA,NA
,NA,NA
,NA,NA
,NA,NA
,NA,NA
,NA,NA
,NA,NA
,NA,NA
,NA,NA
,NA,NA
,NA,NA
,NA,NA
,NA,NA
,NA,NA
,NA,NA
,NA,NA
,NA,NA
,NA,NA
,NA,NA
,NA,NA
,NA,NA
,NA,NA
,NA,NA
,NA,NA
,NA,NA
,NA,NA
,NA,NA
,NA,NA
,NA,NA
,NA,NA
,NA,NA
,NA,NA
,NA,NA
,NA,NA
,NA,NA
,NA,NA
,NA,NA
,NA,NA
,NA,NA
,NA,NA
,NA,NA
,NA,NA
,NA,NA
,NA,NA
,NA,NA
,NA,NA
,NA,NA
,NA,NA
,NA,NA
,NA,NA
,NA,NA
,NA,NA
,NA,NA
,NA,NA
,NA,NA
,NA,NA
,NA,NA
,NA,NA
,NA,NA
,NA,NA
,NA,NA
,NA,NA
,NA,NA
,NA,NA
,NA,NA
,NA,NA
,NA,NA
,NA,NA
,NA,NA
,NA,NA
,NA,NA
,NA,NA
,NA,NA
,NA,NA
,NA,NA
,NA,NA
,NA,NA
,NA,NA
,NA,NA
,NA,NA
,NA,NA
,NA,NA
,NA,NA
,NA,NA
,NA,NA
,NA,NA
,NA,NA
,NA,NA
,NA,NA
,NA,NA
,NA,NA
,NA,NA
,NA,NA
,NA,NA
,NA,NA
,NA,NA
,NA,NA
,NA,NA
,NA,NA
,NA,NA
,NA,NA
,NA,NA
,NA,NA
,NA,NA
,NA,NA
,NA,NA
,NA,NA
,NA,NA
,NA,NA
,NA,NA
,NA,NA
,NA,NA
,NA,NA
,NA,NA
,NA,NA
,NA,NA
,NA,NA
,NA,NA
,NA,NA
,NA,NA
,NA,NA
,NA,NA
,NA,NA
,NA,NA
,NA,NA
,NA,NA
,NA,NA
,NA,NA
,NA,NA
,NA,NA
,NA,NA
,NA,NA
,NA,NA
,NA,NA
,NA,NA
,NA,NA
,NA,NA
,NA,NA
,NA,NA
,NA,NA
,NA,NA
,NA,NA
,NA,NA
,NA,NA
,NA,NA
,NA,NA
,NA,NA
,NA,NA
,NA,NA
,NA,NA
,NA,NA
,NA,NA
,NA,NA
,NA,NA
,NA,NA
,NA,NA
,NA,NA
,NA,NA
,NA,NA
,NA,NA
,NA,NA
,NA,NA
,NA,NA
,NA,NA
,NA,NA
,NA,NA
,NA,NA
,NA,NA
,NA,NA
,NA,NA
,NA,NA
,NA,NA
,NA,NA
,NA,NA
,NA,NA
,NA,NA
,NA,NA
,NA,NA
,NA,NA
,NA,NA
,NA,NA
,NA,NA
,NA,NA
,NA,NA
,NA,NA
,NA,NA
,NA,NA
,NA,NA
,NA,NA
,NA,NA
,NA,NA
,NA,NA
,NA,NA
,NA,NA
,NA,NA
,NA,NA
,NA,NA
,NA,NA
,NA,NA
,NA,NA
,NA,NA
,NA,NA
,NA,NA
,NA,NA
,NA,NA
,NA,NA
,NA,NA
,NA,NA
,NA,NA
,NA,NA
,NA,NA
,NA,NA
,NA,NA
,NA,NA
,NA,NA
,NA,NA
,NA,NA
,NA,NA
,NA,NA
,NA,NA
,NA,NA
,NA,NA
,NA,NA
,NA,NA
,NA,NA
,NA,NA
,NA,NA
,NA,NA
,NA,NA
,NA,NA
,NA,NA
,NA,NA
,NA,NA
,NA,NA
,NA,NA
,NA,NA
,NA,NA
,NA,NA
,NA,NA
,NA,NA
,NA,NA
,NA,NA
,NA,NA
,NA,NA
,NA,NA
,NA,NA
,NA,NA
,NA,NA
,NA,NA
,NA,NA
,NA,NA
,NA,NA
,NA,NA
,NA,NA
,NA,NA
,NA,NA
,NA,NA
,NA,NA
,NA,NA
,NA,NA
,NA,NA
,NA,NA
,NA,NA
,NA,NA
,NA,NA
,NA,NA
,NA,NA
,NA,NA
,NA,NA
,NA,NA
,NA,NA
,NA,NA
,NA,NA
,NA,NA
,NA,NA
,NA,NA
,NA,NA
,NA,NA
,NA,NA
,NA,NA
,NA,NA
,NA,NA
,NA,NA
,NA,NA
,NA,NA
,NA,NA
,NA,NA
,NA,NA
,NA,NA
,NA,NA
,NA,NA
,NA,NA
,NA,NA
,NA,NA
,NA,NA
,NA,NA
,NA,NA
,NA,NA
,NA,NA
,NA,NA
,NA,NA
,NA,NA
,NA,NA
,NA,NA
,NA,NA
,NA,NA
,NA,NA
,NA,NA
,NA,NA
,NA,NA
,NA,NA
,NA,NA
,NA,NA
,NA,NA
,NA,NA
,NA,NA
,NA,NA
,NA,NA
,NA,NA
,NA,NA
,NA,NA
,NA,NA
,NA,NA
,NA,NA
,NA,NA
,NA,NA
,NA,NA
,NA,NA
,NA,NA
,NA,NA
,NA,NA
,NA,NA
,NA,NA
,NA,NA
,NA,NA
,NA,NA
,NA,NA
,NA,NA
,NA,NA
,NA,NA
,NA,NA
,NA,NA
,NA,NA
,NA,NA
,NA,NA
,NA,NA
,NA,NA
,NA,NA
,NA,NA
,NA,NA
,NA,NA
,NA,NA
,NA,NA
,NA,NA
,NA,NA
,NA,NA
,NA,NA
,NA,NA
,NA,NA
,NA,NA
,NA,NA
,NA,NA
,NA,NA
,NA,NA
,NA,NA
,NA,NA
,NA,NA
,NA,NA
,NA,NA
,NA,NA
,NA,NA
,NA,NA
,NA,NA
,NA,NA
,NA,NA
,NA,NA
,NA,NA
,NA,NA
,NA,NA
,NA,NA
,NA,NA
,NA,NA
,NA,NA
,NA,NA
,NA,NA
,NA,NA
,NA,NA
,NA,NA
,NA,NA
,NA,NA
,NA,NA
,NA,NA
,NA,NA
,NA,NA
,NA,NA
,NA,NA
,NA,NA
,NA,NA
,NA,NA
,NA,NA
,NA,NA
,NA,NA
,NA,NA
,NA,NA
,NA,NA
,NA,NA
,NA,NA
,NA,NA
,NA,NA
,NA,NA
,NA,NA
,NA,NA
,NA,NA
,NA,NA
,NA,NA
,NA,NA
,NA,NA
,NA,NA
,NA,NA
,NA,NA
,NA,NA
,NA,NA
,NA,NA
,NA,NA
,NA,NA
,NA,NA
,NA,NA
,NA,NA
,NA,NA
,NA,NA
,NA,NA
,NA,NA
,NA,NA
,NA,NA
,NA,NA
,NA,NA
,NA,NA
,NA,NA
,NA,NA
,NA,NA
,NA,NA
,NA,NA
,NA,NA
,NA,NA
,NA,NA
,NA,NA
,NA,NA
,NA,NA
,NA,NA
,NA,NA
,NA,NA
,NA,NA
,NA,NA
,NA,NA
,NA,NA
,NA,NA
,NA,NA
,NA,NA
,NA,NA
,NA,NA
,NA,NA
,NA,NA
,NA,NA
,NA,NA
,NA,NA
,NA,NA
,NA,NA
,NA,NA
,NA,NA
,NA,NA
,NA,NA
,NA,NA
,NA,NA
,NA,NA
,NA,NA
,NA,NA
,NA,NA
,NA,NA
,NA,NA
,NA,NA
,NA,NA
,NA,NA
,NA,NA
,NA,NA
,NA,NA
,NA,NA
,NA,NA
,NA,NA
,NA,NA
,NA,NA
,NA,NA
,NA,NA
,NA,NA
,NA,NA
,NA,NA
,NA,NA
,NA,NA
,NA,NA
,NA,NA
,NA,NA
,NA,NA
,NA,NA
,NA,NA
,NA,NA
,NA,NA
,NA,NA
,NA,NA
,NA,NA
,NA,NA
,NA,NA
,NA,NA
,NA,NA
,NA,NA
,NA,NA
,NA,NA
,NA,NA
,NA,NA
,NA,NA
,NA,NA
,NA,NA
,NA,NA
,NA,NA
,NA,NA
,NA,NA
,NA,NA
,NA,NA
,NA,NA
,NA,NA
,NA,NA
,NA,NA
,NA,NA
,NA,NA
,NA,NA
,NA,NA
,NA,NA
,NA,NA
,NA,NA
,NA,NA
,NA,NA
,NA,NA
,NA,NA
,NA,NA
,NA,NA
,NA,NA
,NA,NA
,NA,NA
,NA,NA
,NA,NA
,NA,NA
,NA,NA
,NA,NA
,NA,NA
,NA,NA
,NA,NA
,NA,NA
,NA,NA
,NA,NA
,NA,NA
,NA,NA
,NA,NA
,NA,NA
,NA,NA
,NA,NA
,NA,NA
,NA,NA
,NA,NA
,NA,NA
,NA,NA
,NA,NA
,NA,NA
,NA,NA
,NA,NA
,NA,NA
,NA,NA
,NA,NA
,NA,NA
,NA,NA
,NA,NA
,NA,NA
,NA,NA
,NA,NA
,NA,NA
,NA,NA
,NA,NA
,NA,NA
,NA,NA
,NA,NA
,NA,NA
,NA,NA
,NA,NA
,NA,NA
,NA,NA
,NA,NA
,NA,NA
,NA,NA
,NA,NA
,NA,NA
,NA,NA
,NA,NA
,NA,NA
,NA,NA
,NA,NA
,NA,NA
,NA,NA
,NA,NA
,NA,NA
,NA,NA
,NA,NA
,NA,NA
,NA,NA
,NA,NA
,NA,NA
,NA,NA
,NA,NA
,NA,NA
,NA,NA
,NA,NA
,NA,NA
,NA,NA
,NA,NA
,NA,NA
,NA,NA
,NA,NA
,NA,NA
,NA,NA
,NA,NA
,NA,NA
,NA,NA
,NA,NA
,NA,NA
,NA,NA
,NA,NA
,NA,NA
,NA,NA
,NA,NA
,NA,NA
,NA,NA
,NA,NA
,NA,NA
,NA,NA
,NA,NA
,NA,NA
,NA,NA
,NA,NA
,NA,NA
,NA,NA
,NA,NA
,NA,NA
,NA,NA
,NA,NA
,NA,NA
,NA,NA
,NA,NA
,NA,NA
,NA,NA
,NA,NA
,NA,NA
,NA,NA
,NA,NA
,NA,NA
,NA,NA
,NA,NA
,NA,NA
,NA,NA
,NA,NA
,NA,NA
,NA,NA
,NA,NA
,NA,NA
,NA,NA
,NA,NA
,NA,NA
,NA,NA
,NA,NA
,NA,NA
,NA,NA
,NA,NA
,NA,NA
,NA,NA
,NA,NA
,NA,NA
,NA,NA
,NA,NA
,NA,NA
,NA,NA
,NA,NA
,NA,NA
,NA,NA
,NA,NA
,NA,NA
,NA,NA
,NA,NA
,NA,NA
,NA,NA
,NA,NA
,NA,NA
,NA,NA
,NA,NA
,NA,NA
,NA,NA
,NA,NA
,NA,NA
,NA,NA
,NA,NA
,NA,NA
,NA,NA
,NA,NA
,NA,NA
,NA,NA
,NA,NA
,NA,NA
,NA,NA
,NA,NA
,NA,NA
,NA,NA
,NA,NA
,NA,NA
,NA,NA
,NA,NA
,NA,NA
,NA,NA
,NA,NA
,NA,NA
,NA,NA
,NA,NA
,NA,NA
,NA,NA
,NA,NA
,NA,NA
,NA,NA
,NA,NA
,NA,NA
,NA,NA
,NA,NA
,NA,NA
,NA,NA
,NA,NA
,NA,NA
,NA,NA
,NA,NA
,NA,NA
,NA,NA
,NA,NA
,NA,NA
,NA,NA
,NA,NA
,NA,NA
,NA,NA
,NA,NA
,NA,NA
,NA,NA
,NA,NA
,NA,NA
,NA,NA
,NA,NA
,NA,NA
,NA,NA
,NA,NA
,NA,NA
,NA,NA
,NA,NA
,NA,NA
,NA,NA
,NA,NA
,NA,NA
,NA,NA
,NA,NA
,NA,NA
,NA,NA
,NA,NA
,NA,NA
,NA,NA
,NA,NA
,NA,NA
,NA,NA
,NA,NA
,NA,NA
,NA,NA
,NA,NA
,NA,NA
,NA,NA
,NA,NA
,NA,NA
,NA,NA
,NA,NA
,NA,NA
,NA,NA
,NA,NA
,NA,NA
,NA,NA
,NA,NA
,NA,NA
,NA,NA
,NA,NA
,NA,NA
,NA,NA
,NA,NA
,NA,NA
,NA,NA
,NA,NA
,NA,NA
,NA,NA
,NA,NA
,NA,NA
,NA,NA
,NA,NA
,NA,NA
,NA,NA
,NA,NA
,NA,NA
,NA,NA
,NA,NA
,NA,NA
,NA,NA
,NA,NA
,NA,NA
,NA,NA
,NA,NA
,NA,NA
,NA,NA
,NA,NA
,NA,NA
,NA,NA
,NA,NA
,NA,NA
,NA,NA
,NA,NA
,NA,NA
,NA,NA
,NA,NA
,NA,NA
,NA,NA
,NA,NA
,NA,NA
,NA,NA
,NA,NA
,NA,NA
,NA,NA
,NA,NA
,NA,NA
,NA,NA
,NA,NA
,NA,NA
,NA,NA
,NA,NA
,NA,NA
,NA,NA
,NA,NA
,NA,NA
,NA,NA
,NA,NA
,NA,NA
,NA,NA
,NA,NA
,NA,NA
,NA,NA
,NA,NA
,NA,NA
,NA,NA
,NA,NA
,NA,NA
,NA,NA
,NA,NA
,NA,NA
,NA,NA
,NA,NA
,NA,NA
,NA,NA
,NA,NA
,NA,NA
,NA,NA
,NA,NA
,NA,NA
,NA,NA
,NA,NA
,NA,NA
,NA,NA
,NA,NA
,NA,NA
,NA,NA
,NA,NA
,NA,NA
,NA,NA
,NA,NA
,NA,NA
,NA,NA
,NA,NA
,NA,NA
,NA,NA
,NA,NA
,NA,NA
,NA,NA
,NA,NA
,NA,NA
,NA,NA
,NA,NA
,NA,NA
,NA,NA
,NA,NA
,NA,NA
,NA,NA
,NA,NA
,NA,NA
,NA,NA
,NA,NA
,NA,NA
,NA,NA
,NA,NA
,NA,NA
,NA,NA
,NA,NA
,NA,NA
,NA,NA
,NA,NA
,NA,NA
,NA,NA
,NA,NA
,NA,NA
,NA,NA
,NA,NA
,NA,NA
,NA,NA
,NA,NA
,NA,NA
,NA,NA
,NA,NA
,NA,NA
,NA,NA
,NA,NA
,NA,NA
,NA,NA
,NA,NA
,NA,NA
,NA,NA
,NA,NA
,NA,NA
,NA,NA
,NA,NA
,NA,NA
,NA,NA
,NA,NA
,NA,NA
,NA,NA
,NA,NA
,NA,NA
,NA,NA
,NA,NA
,NA,NA
,NA,NA
,NA,NA
,NA,NA
,NA,NA
,NA,NA
,NA,NA
,NA,NA
,NA,NA
,NA,NA
,NA,NA
,NA,NA
,NA,NA
,NA,NA
,NA,NA
,NA,NA
,NA,NA
,NA,NA
,NA,NA
,NA,NA
,NA,NA
,NA,NA
,NA,NA
,NA,NA
,NA,NA
,NA,NA
,NA,NA
,NA,NA
,NA,NA
,NA,NA
,NA,NA
,NA,NA
,NA,NA
,NA,NA
,NA,NA
,NA,NA
,NA,NA
,NA,NA
,NA,NA
,NA,NA
,NA,NA
,NA,NA
,NA,NA
,NA,NA
,NA,NA
,NA,NA
,NA,NA
,NA,NA
,NA,NA
,NA,NA
,NA,NA
,NA,NA
,NA,NA
,NA,NA
,NA,NA
,NA,NA
,NA,NA
,NA,NA
,NA,NA
,NA,NA
,NA,NA
,NA,NA
,NA,NA
,NA,NA
,NA,NA
,NA,NA
,NA,NA
,NA,NA
,NA,NA
,NA,NA
,NA,NA
,NA,NA
,NA,NA
,NA,NA
,NA,NA
,NA,NA
,NA,NA
,NA,NA
,NA,NA
,NA,NA
,NA,NA
,NA,NA
,NA,NA
,NA,NA
,NA,NA
,NA,NA
,NA,NA
,NA,NA
,NA,NA
,NA,NA
,NA,NA
,NA,NA
,NA,NA
,NA,NA
,NA,NA
,NA,NA
,NA,NA
,NA,NA
,NA,NA
,NA,NA
,NA,NA
,NA,NA
,NA,NA
,NA,NA
,NA,NA
,NA,NA
,NA,NA
,NA,NA
,NA,NA
,NA,NA
,NA,NA
,NA,NA
,NA,NA
,NA,NA
,NA,NA
,NA,NA
,NA,NA
,NA,NA
,NA,NA
,NA,NA
,NA,NA
,NA,NA
,NA,NA
,NA,NA
,NA,NA
,NA,NA
,NA,NA
,NA,NA
,NA,NA
,NA,NA
,NA,NA
,NA,NA
,NA,NA
,NA,NA
,NA,NA
,NA,NA
,NA,NA
,NA,NA
,NA,NA
,NA,NA
,NA,NA
,NA,NA
,NA,NA
,NA,NA
,NA,NA
,NA,NA
,NA,NA
,NA,NA
,NA,NA
,NA,NA
,NA,NA
,NA,NA
,NA,NA
,NA,NA
,NA,NA
,NA,NA
,NA,NA
,NA,NA
,NA,NA
,NA,NA
,NA,NA
,NA,NA
,NA,NA
,NA,NA
,NA,NA
,NA,NA
,NA,NA
,NA,NA
,NA,NA
,NA,NA
,NA,NA
,NA,NA
,NA,NA
,NA,NA
,NA,NA
,NA,NA
,NA,NA
,NA,NA
,NA,NA
,NA,NA
,NA,NA
,NA,NA
,NA,NA
,NA,NA
,NA,NA
,NA,NA
,NA,NA
,NA,NA
,NA,NA
,NA,NA
,NA,NA
,NA,NA
,NA,NA
,NA,NA
,NA,NA
,NA,NA
,NA,NA
,NA,NA
,NA,NA
,NA,NA
,NA,NA
,NA,NA
,NA,NA
,NA,NA
,NA,NA
,NA,NA
,NA,NA
,NA,NA
,NA,NA
,NA,NA
,NA,NA
,NA,NA
,NA,NA
,NA,NA
,NA,NA
,NA,NA
,NA,NA
,NA,NA
,NA,NA
,NA,NA
,NA,NA
,NA,NA
,NA,NA
,NA,NA
,NA,NA
,NA,NA
,NA,NA
,NA,NA
,NA,NA
,NA,NA
,NA,NA
,NA,NA
,NA,NA
,NA,NA
,NA,NA
,NA,NA
,NA,NA
,NA,NA
,NA,NA
,NA,NA
,NA,NA
,NA,NA
,NA,NA
,NA,NA
,NA,NA
,NA,NA
,NA,NA
,NA,NA
,NA,NA
,NA,NA
,NA,NA
,NA,NA
,NA,NA
,NA,NA
,NA,NA
,NA,NA
,NA,NA
,NA,NA
,NA,NA
,NA,NA
,NA,NA
,NA,NA
,NA,NA
,NA,NA
,NA,NA
,NA,NA
,NA,NA
,NA,NA
,NA,NA
,NA,NA
,NA,NA
,NA,NA
,NA,NA
,NA,NA
,NA,NA
,NA,NA
,NA,NA
,NA,NA
,NA,NA
,NA,NA
,NA,NA
,NA,NA
,NA,NA
,NA,NA
,NA,NA
,NA,NA
,NA,NA
,NA,NA
,NA,NA
,NA,NA
,NA,NA
,NA,NA
,NA,NA
,NA,NA
,NA,NA
,NA,NA
,NA,NA
,NA,NA
,NA,NA
,NA,NA
,NA,NA
,NA,NA
,NA,NA
,NA,NA
,NA,NA
,NA,NA
,NA,NA
,NA,NA
,NA,NA
,NA,NA
,NA,NA
,NA,NA
,NA,NA
,NA,NA
,NA,NA
,NA,NA
,NA,NA
,NA,NA
,NA,NA
,NA,NA
,NA,NA
,NA,NA
,NA,NA
,NA,NA
,NA,NA
,NA,NA
,NA,NA
,NA,NA
,NA,NA
,NA,NA
,NA,NA
,NA,NA
,NA,NA
,NA,NA
,NA,NA
,NA,NA
,NA,NA
,NA,NA
,NA,NA
,NA,NA
,NA,NA
,NA,NA
,NA,NA
,NA,NA
,NA,NA
,NA,NA
,NA,NA
,NA,NA
,NA,NA
,NA,NA
,NA,NA
,NA,NA
,NA,NA
,NA,NA
,NA,NA
,NA,NA
,NA,NA
,NA,NA
,NA,NA
,NA,NA
,NA,NA
,NA,NA
,NA,NA
,NA,NA
,NA,NA
,NA,NA
,NA,NA
,NA,NA
,NA,NA
,NA,NA
,NA,NA
,NA,NA
,NA,NA
,NA,NA
,NA,NA
,NA,NA
,NA,NA
,NA,NA
,NA,NA
,NA,NA
,NA,NA
,NA,NA
,NA,NA
,NA,NA
,NA,NA
,NA,NA
,NA,NA
,NA,NA
,NA,NA
,NA,NA
,NA,NA
,NA,NA
,NA,NA
,NA,NA
,NA,NA
,NA,NA
,NA,NA
,NA,NA
,NA,NA
,NA,NA
,NA,NA
,NA,NA
,NA,NA
,NA,NA
,NA,NA
,NA,NA
,NA,NA
,NA,NA
,NA,NA
,NA,NA
,NA,NA
,NA,NA
,NA,NA
,NA,NA
,NA,NA
,NA,NA
,NA,NA
,NA,NA
,NA,NA
,NA,NA
,NA,NA
,NA,NA
,NA,NA
,NA,NA
,NA,NA
,NA,NA
,NA,NA
,NA,NA
,NA,NA
,NA,NA
,NA,NA
,NA,NA
,NA,NA
,NA,NA
,NA,NA
,NA,NA
,NA,NA
,NA,NA
,NA,NA
,NA,NA
,NA,NA
,NA,NA
,NA,NA
,NA,NA
,NA,NA
,NA,NA
,NA,NA
,NA,NA
,NA,NA
,NA,NA
,NA,NA
,NA,NA
,NA,NA
,NA,NA
,NA,NA
,NA,NA
,NA,NA
,NA,NA
,NA,NA
,NA,NA
,NA,NA
,NA,NA
,NA,NA
,NA,NA
,NA,NA
,NA,NA
,NA,NA
,NA,NA
,NA,NA
,NA,NA
,NA,NA
,NA,NA
,NA,NA
,NA,NA
,NA,NA
,NA,NA
,NA,NA
,NA,NA
,NA,NA
,NA,NA
,NA,NA
,NA,NA
,NA,NA
,NA,NA
,NA,NA
,NA,NA
,NA,NA
,NA,NA
,NA,NA
,NA,NA
,NA,NA
,NA,NA
,NA,NA
,NA,NA
,NA,NA
,NA,NA
,NA,NA
,NA,NA
,NA,NA
,NA,NA
,NA,NA
,NA,NA
,NA,NA
,NA,NA
,NA,NA
,NA,NA
,NA,NA
,NA,NA
,NA,NA
,NA,NA
,NA,NA
,NA,NA
,NA,NA
,NA,NA
,NA,NA
,NA,NA
,NA,NA
,NA,NA
,NA,NA
,NA,NA
,NA,NA
,NA,NA
,NA,NA
,NA,NA
,NA,NA
,NA,NA
,NA,NA
,NA,NA
,NA,NA
,NA,NA
,NA,NA
,NA,NA
,NA,NA
,NA,NA
,NA,NA
,NA,NA
,NA,NA
,NA,NA
,NA,NA
,NA,NA
,NA,NA
,NA,NA
,NA,NA
,NA,NA
,NA,NA
,NA,NA
,NA,NA
,NA,NA
,NA,NA
,NA,NA
,NA,NA
,NA,NA
,NA,NA
,NA,NA
,NA,NA
,NA,NA
,NA,NA
,NA,NA
,NA,NA
,NA,NA
,NA,NA
,NA,NA
,NA,NA
,NA,NA
,NA,NA
,NA,NA
,NA,NA
,NA,NA
,NA,NA
,NA,NA
,NA,NA
,NA,NA
,NA,NA
,NA,NA
,NA,NA
,NA,NA
,NA,NA
,NA,NA
,NA,NA
,NA,NA
,NA,NA
,NA,NA
,NA,NA
,NA,NA
,NA,NA
,NA,NA
,NA,NA
,NA,NA
,NA,NA
,NA,NA
,NA,NA
,NA,NA
,NA,NA
,NA,NA
,NA,NA
,NA,NA
,NA,NA
,NA,NA
,NA,NA
,NA,NA
,NA,NA
,NA,NA
,NA,NA
,NA,NA
,NA,NA
,NA,NA
,NA,NA
,NA,NA
,NA,NA
,NA,NA
,NA,NA
,NA,NA
,NA,NA
,NA,NA
,NA,NA
,NA,NA
,NA,NA
,NA,NA
,NA,NA
,NA,NA
,NA,NA
,NA,NA
,NA,NA
,NA,NA
,NA,NA
,NA,NA
,NA,NA
,NA,NA
,NA,NA
,NA,NA
,NA,NA
,NA,NA
,NA,NA
,NA,NA
,NA,NA
,NA,NA
,NA,NA
,NA,NA
,NA,NA
,NA,NA
,NA,NA
,NA,NA
,NA,NA
,NA,NA
,NA,NA
,NA,NA
,NA,NA
,NA,NA
,NA,NA
,NA,NA
,NA,NA
,NA,NA
,NA,NA
,NA,NA
,NA,NA
,NA,NA
,NA,NA
,NA,NA
,NA,NA
,NA,NA
,NA,NA
,NA,NA
,NA,NA
,NA,NA
,NA,NA
,NA,NA
,NA,NA
,NA,NA
,NA,NA
,NA,NA
,NA,NA
,NA,NA
,NA,NA
,NA,NA
,NA,NA
,NA,NA
,NA,NA
,NA,NA
,NA,NA
,NA,NA
,NA,NA
,NA,NA
,NA,NA
,NA,NA
,NA,NA
,NA,NA
,NA,NA
,NA,NA
,NA,NA
,NA,NA
,NA,NA
,NA,NA
,NA,NA
,NA,NA
,NA,NA
,NA,NA
,NA,NA
,NA,NA
,NA,NA
,NA,NA
,NA,NA
,NA,NA
,NA,NA
,NA,NA
,NA,NA
,NA,NA
,NA,NA
,NA,NA
,NA,NA
,NA,NA
,NA,NA
,NA,NA
,NA,NA
,NA,NA
,NA,NA
,NA,NA
,NA,NA
,NA,NA
,NA,NA
,NA,NA
,NA,NA
,NA,NA
,NA,NA
,NA,NA
,NA,NA
,NA,NA
,NA,NA
,NA,NA
,NA,NA
,NA,NA
,NA,NA
,NA,NA
,NA,NA
,NA,NA
,NA,NA
,NA,NA
,NA,NA
,NA,NA
,NA,NA
,NA,NA
,NA,NA
,NA,NA
,NA,NA
,NA,NA
,NA,NA
,NA,NA
,NA,NA
,NA,NA
,NA,NA
,NA,NA
,NA,NA
,NA,NA
,NA,NA
,NA,NA
,NA,NA
,NA,NA
,NA,NA
,NA,NA
,NA,NA
,NA,NA
,NA,NA
,NA,NA
,NA,NA
,NA,NA
,NA,NA
,NA,NA
,NA,NA
,NA,NA
,NA,NA
,NA,NA
,NA,NA
,NA,NA
,NA,NA
,NA,NA
,NA,NA
,NA,NA
,NA,NA
,NA,NA
,NA,NA
,NA,NA
,NA,NA
,NA,NA
,NA,NA
,NA,NA
,NA,NA
,NA,NA
,NA,NA
,NA,NA
,NA,NA
,NA,NA
,NA,NA
,NA,NA
,NA,NA
,NA,NA
,NA,NA
,NA,NA
,NA,NA
,NA,NA
,NA,NA
,NA,NA
,NA,NA
,NA,NA
,NA,NA
,NA,NA
,NA,NA
,NA,NA
,NA,NA
,NA,NA
,NA,NA
,NA,NA
,NA,NA
,NA,NA
,NA,NA
,NA,NA
,NA,NA
,NA,NA
,NA,NA
,NA,NA
,NA,NA
,NA,NA
,NA,NA
,NA,NA
,NA,NA
,NA,NA
,NA,NA
,NA,NA
,NA,NA
,NA,NA
,NA,NA
,NA,NA
,NA,NA
,NA,NA
,NA,NA
,NA,NA
,NA,NA
,NA,NA
,NA,NA
,NA,NA
,NA,NA
,NA,NA
,NA,NA
,NA,NA
,NA,NA
,NA,NA
,NA,NA
,NA,NA
,NA,NA
,NA,NA
,NA,NA
,NA,NA
,NA,NA
,NA,NA
,NA,NA
,NA,NA
,NA,NA
,NA,NA
,NA,NA
,NA,NA
,NA,NA
,NA,NA
,NA,NA
,NA,NA
,NA,NA
,NA,NA
,NA,NA
,NA,NA
,NA,NA
,NA,NA
,NA,NA
,NA,NA
,NA,NA
,NA,NA
,NA,NA
,NA,NA
,NA,NA
,NA,NA
,NA,NA
,NA,NA
,NA,NA
,NA,NA
,NA,NA
,NA,NA
,NA,NA
,NA,NA
,NA,NA
,NA,NA
,NA,NA
,NA,NA
,NA,NA
,NA,NA
,NA,NA
,NA,NA
,NA,NA
,NA,NA
,NA,NA
,NA,NA
,NA,NA
,NA,NA
,NA,NA
,NA,NA
,NA,NA
,NA,NA
,NA,NA
,NA,NA
,NA,NA
,NA,NA
,NA,NA
,NA,NA
,NA,NA
,NA,NA
,NA,NA
,NA,NA
,NA,NA
,NA,NA
,NA,NA
,NA,NA
,NA,NA
,NA,NA
,NA,NA
,NA,NA
,NA,NA
,NA,NA
,NA,NA
,NA,NA
,NA,NA
,NA,NA
,NA,NA
,NA,NA
,NA,NA
,NA,NA
,NA,NA
,NA,NA
,NA,NA
,NA,NA
,NA,NA
,NA,NA
,NA,NA
,NA,NA
,NA,NA
,NA,NA
,NA,NA
,NA,NA
,NA,NA
,NA,NA
,NA,NA
,NA,NA
,NA,NA
,NA,NA
,NA,NA
,NA,NA
,NA,NA
,NA,NA
,NA,NA
,NA,NA
,NA,NA
,NA,NA
,NA,NA
,NA,NA
,NA,NA
,NA,NA
,NA,NA
,NA,NA
,NA,NA
,NA,NA
,NA,NA
,NA,NA
,NA,NA
,NA,NA
,NA,NA
,NA,NA
,NA,NA
,NA,NA
,NA,NA
,NA,NA
,NA,NA
,NA,NA
,NA,NA
,NA,NA
,NA,NA
,NA,NA
,NA,NA
,NA,NA
,NA,NA
,NA,NA
,NA,NA
,NA,NA
,NA,NA
,NA,NA
,NA,NA
,NA,NA
,NA,NA
,NA,NA
,NA,NA
,NA,NA
,NA,NA
,NA,NA
,NA,NA
,NA,NA
,NA,NA
,NA,NA
,NA,NA
,NA,NA
,NA,NA
,NA,NA
,NA,NA
,NA,NA
,NA,NA
,NA,NA
,NA,NA
,NA,NA
,NA,NA
,NA,NA
,NA,NA
,NA,NA
,NA,NA
,NA,NA
,NA,NA
,NA,NA
,NA,NA
,NA,NA
,NA,NA
,NA,NA
,NA,NA
,NA,NA
,NA,NA
,NA,NA
,NA,NA
,NA,NA
,NA,NA
,NA,NA
,NA,NA
,NA,NA
,NA,NA
,NA,NA
,NA,NA
,NA,NA
,NA,NA
,NA,NA
,NA,NA
,NA,NA
,NA,NA
,NA,NA
,NA,NA
,NA,NA
,NA,NA
,NA,NA
,NA,NA
,NA,NA
,NA,NA
,NA,NA
,NA,NA
,NA,NA
,NA,NA
,NA,NA
,NA,NA
,NA,NA
,NA,NA
,NA,NA
,NA,NA
,NA,NA
,NA,NA
,NA,NA
,NA,NA
,NA,NA
,NA,NA
,NA,NA
,NA,NA
,NA,NA
,NA,NA
,NA,NA
,NA,NA
,NA,NA
,NA,NA
,NA,NA
,NA,NA
,NA,NA
,NA,NA
,NA,NA
,NA,NA
,NA,NA
,NA,NA
,NA,NA
,NA,NA
,NA,NA
,NA,NA
,NA,NA
,NA,NA
,NA,NA
,NA,NA
,NA,NA
,NA,NA
,NA,NA
,NA,NA
,NA,NA
,NA,NA
,NA,NA
,NA,NA
,NA,NA
,NA,NA
,NA,NA
,NA,NA
,NA,NA
,NA,NA
,NA,NA
,NA,NA
,NA,NA
,NA,NA
,NA,NA
,NA,NA
,NA,NA
,NA,NA
,NA,NA
,NA,NA
,NA,NA
,NA,NA
,NA,NA
,NA,NA
,NA,NA
,NA,NA
,NA,NA
,NA,NA
,NA,NA
,NA,NA
,NA,NA
,NA,NA
,NA,NA
,NA,NA
,NA,NA
,NA,NA
,NA,NA
,NA,NA
,NA,NA
,NA,NA
,NA,NA
,NA,NA
,NA,NA
,NA,NA
,NA,NA
,NA,NA
,NA,NA
,NA,NA
,NA,NA
,NA,NA
,NA,NA
,NA,NA
,NA,NA
,NA,NA
,NA,NA
,NA,NA
,NA,NA
,NA,NA
,NA,NA
,NA,NA
,NA,NA
,NA,NA
,NA,NA
,NA,NA
,NA,NA
,NA,NA
,NA,NA
,NA,NA
,NA,NA
,NA,NA
,NA,NA
,NA,NA
,NA,NA
,NA,NA
,NA,NA
,NA,NA
,NA,NA
,NA,NA
,NA,NA
,NA,NA
,NA,NA
,NA,NA
,NA,NA
,NA,NA
,NA,NA
,NA,NA
,NA,NA
,NA,NA
,NA,NA
,NA,NA
,NA,NA
,NA,NA
,NA,NA
,NA,NA
,NA,NA
,NA,NA
,NA,NA
,NA,NA
,NA,NA
,NA,NA
,NA,NA
,NA,NA
,NA,NA
,NA,NA
,NA,NA
,NA,NA
,NA,NA
,NA,NA
,NA,NA
,NA,NA
,NA,NA
,NA,NA
,NA,NA
,NA,NA
,NA,NA
,NA,NA
,NA,NA
,NA,NA
,NA,NA
,NA,NA
,NA,NA
,NA,NA
,NA,NA
,NA,NA
,NA,NA
,NA,NA
,NA,NA
,NA,NA
,NA,NA
,NA,NA
,NA,NA
,NA,NA
,NA,NA
,NA,NA
,NA,NA
,NA,NA
,NA,NA
,NA,NA
,NA,NA
,NA,NA
,NA,NA
,NA,NA
,NA,NA
,NA,NA
,NA,NA
,NA,NA
,NA,NA
,NA,NA
,NA,NA
,NA,NA
,NA,NA
,NA,NA
,NA,NA
,NA,NA
,NA,NA
,NA,NA
,NA,NA
,NA,NA
,NA,NA
,NA,NA
,NA,NA
,NA,NA
,NA,NA
,NA,NA
,NA,NA
,NA,NA
,NA,NA
,NA,NA
,NA,NA
,NA,NA
,NA,NA
,NA,NA
,NA,NA
,NA,NA
,NA,NA
,NA,NA
,NA,NA
,NA,NA
,NA,NA
,NA,NA
,NA,NA
,NA,NA
,NA,NA
,NA,NA
,NA,NA
,NA,NA
,NA,NA
,NA,NA
,NA,NA
,NA,NA
,NA,NA
,NA,NA
,NA,NA
,NA,NA
,NA,NA
,NA,NA
,NA,NA
,NA,NA
,NA,NA
,NA,NA
,NA,NA
,NA,NA
,NA,NA
,NA,NA
,NA,NA
,NA,NA
,NA,NA
,NA,NA
,NA,NA
,NA,NA
,NA,NA
,NA,NA
,NA,NA
,NA,NA
,NA,NA
,NA,NA
,NA,NA
,NA,NA
,NA,NA
,NA,NA
,NA,NA
,NA,NA
,NA,NA
,NA,NA
,NA,NA
,NA,NA
,NA,NA
,NA,NA
,NA,NA
,NA,NA
,NA,NA
,NA,NA
,NA,NA
,NA,NA
,NA,NA
,NA,NA
,NA,NA
,NA,NA
,NA,NA
,NA,NA
,NA,NA
,NA,NA
,NA,NA
,NA,NA
,NA,NA
,NA,NA
,NA,NA
,NA,NA
,NA,NA
,NA,NA
,NA,NA
,NA,NA
,NA,NA
,NA,NA
,NA,NA
,NA,NA
,NA,NA
,NA,NA
,NA,NA
,NA,NA
,NA,NA
,NA,NA
,NA,NA
,NA,NA
,NA,NA
,NA,NA
,NA,NA
,NA,NA
,NA,NA
,NA,NA
,NA,NA
,NA,NA
,NA,NA
,NA,NA
,NA,NA
,NA,NA
,NA,NA
,NA,NA
,NA,NA
,NA,NA
,NA,NA
,NA,NA
,NA,NA
,NA,NA
,NA,NA
,NA,NA
,NA,NA
,NA,NA
,NA,NA
,NA,NA
,NA,NA
,NA,NA
,NA,NA
,NA,NA
,NA,NA
,NA,NA
,NA,NA
,NA,NA
,NA,NA
,NA,NA
,NA,NA
,NA,NA
,NA,NA
,NA,NA
,NA,NA
,NA,NA
,NA,NA
,NA,NA
,NA,NA
,NA,NA
,NA,NA
,NA,NA
,NA,NA
,NA,NA
,NA,NA
,NA,NA
,NA,NA
,NA,NA
,NA,NA
,NA,NA
,NA,NA
,NA,NA
,NA,NA
,NA,NA
,NA,NA
,NA,NA
,NA,NA
,NA,NA
,NA,NA
,NA,NA
,NA,NA
,NA,NA
,NA,NA
,NA,NA
,NA,NA
,NA,NA
,NA,NA
,NA,NA
,NA,NA
,NA,NA
,NA,NA
,NA,NA
,NA,NA
,NA,NA
,NA,NA
,NA,NA
,NA,NA
,NA,NA
,NA,NA
,NA,NA
,NA,NA
,NA,NA
,NA,NA
,NA,NA
,NA,NA
,NA,NA
,NA,NA
,NA,NA
,NA,NA
,NA,NA
,NA,NA
,NA,NA
,NA,NA
,NA,NA
,NA,NA
,NA,NA
,NA,NA
,NA,NA
,NA,NA
,NA,NA
,NA,NA
,NA,NA
,NA,NA
,NA,NA
,NA,NA
,NA,NA
,NA,NA
,NA,NA
,NA,NA
,NA,NA
,NA,NA
,NA,NA
,NA,NA
,NA,NA
,NA,NA
,NA,NA
,NA,NA
,NA,NA
,NA,NA
,NA,NA
,NA,NA
,NA,NA
,NA,NA
,NA,NA
,NA,NA
,NA,NA
,NA,NA
,NA,NA
,NA,NA
,NA,NA
,NA,NA
,NA,NA
,NA,NA
,NA,NA
,NA,NA
,NA,NA
,NA,NA
,NA,NA
,NA,NA
,NA,NA
,NA,NA
,NA,NA
,NA,NA
,NA,NA
,NA,NA
,NA,NA
,NA,NA
,NA,NA
,NA,NA
,NA,NA
,NA,NA
,NA,NA
,NA,NA
,NA,NA
,NA,NA
,NA,NA
,NA,NA
,NA,NA
,NA,NA
,NA,NA
,NA,NA
,NA,NA
,NA,NA
,NA,NA
,NA,NA
,NA,NA
,NA,NA
,NA,NA
,NA,NA
,NA,NA
,NA,NA
,NA,NA
,NA,NA
,NA,NA
,NA,NA
,NA,NA
,NA,NA
,NA,NA
,NA,NA
,NA,NA
,NA,NA
,NA,NA
,NA,NA
,NA,NA
,NA,NA
,NA,NA
,NA,NA
,NA,NA
,NA,NA
,NA,NA
,NA,NA
,NA,NA
,NA,NA
,NA,NA
,NA,NA
,NA,NA
,NA,NA
,NA,NA
,NA,NA
,NA,NA
,NA,NA
,NA,NA
,NA,NA
,NA,NA
,NA,NA
,NA,NA
,NA,NA
,NA,NA
,NA,NA
,NA,NA
,NA,NA
,NA,NA
,NA,NA
,NA,NA
,NA,NA
,NA,NA
,NA,NA
,NA,NA
,NA,NA
,NA,NA
,NA,NA
,NA,NA
,NA,NA
,NA,NA
,NA,NA
,NA,NA
,NA,NA
,NA,NA
,NA,NA
,NA,NA
,NA,NA
,NA,NA
,NA,NA
,NA,NA
,NA,NA
,NA,NA
,NA,NA
,NA,NA
,NA,NA
,NA,NA
,NA,NA
,NA,NA
,NA,NA
,NA,NA
,NA,NA
,NA,NA
,NA,NA
,NA,NA
,NA,NA
,NA,NA
,NA,NA
,NA,NA
,NA,NA
,NA,NA
,NA,NA
,NA,NA
,NA,NA
,NA,NA
,NA,NA
,NA,NA
,NA,NA
,NA,NA
,NA,NA
,NA,NA
,NA,NA
,NA,NA
,NA,NA
,NA,NA
,NA,NA
,NA,NA
,NA,NA
,NA,NA
,NA,NA
,NA,NA
,NA,NA
,NA,NA
,NA,NA
,NA,NA
,NA,NA
,NA,NA
,NA,NA
,NA,NA
,NA,NA
,NA,NA
,NA,NA
,NA,NA
,NA,NA
,NA,NA
,NA,NA
,NA,NA
,NA,NA
,NA,NA
,NA,NA
,NA,NA
,NA,NA
,NA,NA
,NA,NA
,NA,NA
,NA,NA
,NA,NA
,NA,NA
,NA,NA
,NA,NA
,NA,NA
,NA,NA
,NA,NA
,NA,NA
,NA,NA
,NA,NA
,NA,NA
,NA,NA
,NA,NA
,NA,NA
,NA,NA
,NA,NA
,NA,NA
,NA,NA
,NA,NA
,NA,NA
,NA,NA
,NA,NA
,NA,NA
,NA,NA
,NA,NA
,NA,NA
,NA,NA
,NA,NA
,NA,NA
,NA,NA
,NA,NA
,NA,NA
,NA,NA
,NA,NA
,NA,NA
,NA,NA
,NA,NA
,NA,NA
,NA,NA
,NA,NA
,NA,NA
,NA,NA
,NA,NA
,NA,NA
,NA,NA
,NA,NA
,NA,NA
,NA,NA
,NA,NA
,NA,NA
,NA,NA
,NA,NA
,NA,NA
,NA,NA
,NA,NA
,NA,NA
,NA,NA
,NA,NA
,NA,NA
,NA,NA
,NA,NA
,NA,NA
,NA,NA
,NA,NA
,NA,NA
,NA,NA
,NA,NA
,NA,NA
,NA,NA
,NA,NA
,NA,NA
,NA,NA
,NA,NA
,NA,NA
,NA,NA
,NA,NA
,NA,NA
,NA,NA
,NA,NA
,NA,NA
,NA,NA
,NA,NA
,NA,NA
,NA,NA
,NA,NA
,NA,NA
,NA,NA
,NA,NA
,NA,NA
,NA,NA
,NA,NA
,NA,NA
,NA,NA
,NA,NA
,NA,NA
,NA,NA
,NA,NA
,NA,NA
,NA,NA
,NA,NA
,NA,NA
,NA,NA
,NA,NA
,NA,NA
,NA,NA
,NA,NA
,NA,NA
,NA,NA
,NA,NA
,NA,NA
,NA,NA
,NA,NA
,NA,NA
,NA,NA
,NA,NA
,NA,NA
,NA,NA
,NA,NA
,NA,NA
,NA,NA
,NA,NA
,NA,NA
,NA,NA
,NA,NA
,NA,NA
,NA,NA
,NA,NA
,NA,NA
,NA,NA
,NA,NA
,NA,NA
,NA,NA
,NA,NA
,NA,NA
,NA,NA
,NA,NA
,NA,NA
,NA,NA
,NA,NA
,NA,NA
,NA,NA
,NA,NA
,NA,NA
,NA,NA
,NA,NA
,NA,NA
,NA,NA
,NA,NA
,NA,NA
,NA,NA
,NA,NA
,NA,NA
,NA,NA
,NA,NA
,NA,NA
,NA,NA
,NA,NA
,NA,NA
,NA,NA
,NA,NA
,NA,NA
,NA,NA
,NA,NA
,NA,NA
,NA,NA
,NA,NA
,NA,NA
,NA,NA
,NA,NA
,NA,NA
,NA,NA
,NA,NA
,NA,NA
,NA,NA
,NA,NA
,NA,NA
,NA,NA
,NA,NA
,NA,NA
,NA,NA
,NA,NA
,NA,NA
,NA,NA
,NA,NA
,NA,NA
,NA,NA
,NA,NA
,NA,NA
,NA,NA
,NA,NA
,NA,NA
,NA,NA
,NA,NA
,NA,NA
,NA,NA
,NA,NA
,NA,NA
,NA,NA
,NA,NA
,NA,NA
,NA,NA
,NA,NA
,NA,NA
,NA,NA
,NA,NA
,NA,NA
,NA,NA
,NA,NA
,NA,NA
,NA,NA
,NA,NA
,NA,NA
,NA,NA
,NA,NA
,NA,NA
,NA,NA
,NA,NA
,NA,NA
,NA,NA
,NA,NA
,NA,NA
,NA,NA
,NA,NA
,NA,NA
,NA,NA
,NA,NA
,NA,NA
,NA,NA
,NA,NA
,NA,NA
,NA,NA
,NA,NA
,NA,NA
,NA,NA
,NA,NA
,NA,NA
,NA,NA
,NA,NA
,NA,NA
,NA,NA
,NA,NA
,NA,NA
,NA,NA
,NA,NA
,NA,NA
,NA,NA
,NA,NA
,NA,NA
,NA,NA
,NA,NA
,NA,NA
,NA,NA
,NA,NA
,NA,NA
,NA,NA
,NA,NA
,NA,NA
,NA,NA
,NA,NA
,NA,NA
,NA,NA
,NA,NA
,NA,NA
,NA,NA
,NA,NA
,NA,NA
,NA,NA
,NA,NA
,NA,NA
,NA,NA
,NA,NA
,NA,NA
,NA,NA
,NA,NA
,NA,NA
,NA,NA
,NA,NA
,NA,NA
,NA,NA
,NA,NA
,NA,NA
,NA,NA
,NA,NA
,NA,NA
,NA,NA
,NA,NA
,NA,NA
,NA,NA
,NA,NA
,NA,NA
,NA,NA
,NA,NA
,NA,NA
,NA,NA
,NA,NA
,NA,NA
,NA,NA
,NA,NA
,NA,NA
,NA,NA
,NA,NA
,NA,NA
,NA,NA
,NA,NA
,NA,NA
,NA,NA
,NA,NA
,NA,NA
,NA,NA
,NA,NA
,NA,NA
,NA,NA
,NA,NA
,NA,NA
,NA,NA
,NA,NA
,NA,NA
,NA,NA
,NA,NA
,NA,NA
,NA,NA
,NA,NA
,NA,NA
,NA,NA
,NA,NA
,NA,NA
,NA,NA
,NA,NA
,NA,NA
,NA,NA
,NA,NA
,NA,NA
,NA,NA
,NA,NA
,NA,NA
,NA,NA
,NA,NA
,NA,NA
,NA,NA
,NA,NA
,NA,NA
,NA,NA
,NA,NA
,NA,NA
,NA,NA
,NA,NA
,NA,NA
,NA,NA
,NA,NA
,NA,NA
,NA,NA
,NA,NA
,NA,NA
,NA,NA
,NA,NA
,NA,NA
,NA,NA
,NA,NA
,NA,NA
,NA,NA
,NA,NA
,NA,NA
,NA,NA
,NA,NA
,NA,NA
,NA,NA
,NA,NA
,NA,NA
,NA,NA
,NA,NA
,NA,NA
,NA,NA
,NA,NA
,NA,NA
,NA,NA
,NA,NA
,NA,NA
,NA,NA
,NA,NA
,NA,NA
,NA,NA
,NA,NA
,NA,NA
,NA,NA
,NA,NA
,NA,NA
,NA,NA
,NA,NA
,NA,NA
,NA,NA
,NA,NA
,NA,NA
,NA,NA
,NA,NA
,NA,NA
,NA,NA
,NA,NA
,NA,NA
,NA,NA
,NA,NA
,NA,NA
,NA,NA
,NA,NA
,NA,NA
,NA,NA
,NA,NA
,NA,NA
,NA,NA
,NA,NA
,NA,NA
,NA,NA
,NA,NA
,NA,NA
,NA,NA
,NA,NA
,NA,NA
,NA,NA
,NA,NA
,NA,NA
,NA,NA
,NA,NA
,NA,NA
,NA,NA
,NA,NA
,NA,NA
,NA,NA
,NA,NA
,NA,NA
,NA,NA
,NA,NA
,NA,NA
,NA,NA
,NA,NA
,NA,NA
,NA,NA
,NA,NA
,NA,NA
,NA,NA
,NA,NA
,NA,NA
,NA,NA
,NA,NA
,NA,NA
,NA,NA
,NA,NA
,NA,NA
,NA,NA
,NA,NA
,NA,NA
,NA,NA
,NA,NA
,NA,NA
,NA,NA
,NA,NA
,NA,NA
,NA,NA
,NA,NA
,NA,NA
,NA,NA
,NA,NA
,NA,NA
,NA,NA
,NA,NA
,NA,NA
,NA,NA
,NA,NA
,NA,NA
,NA,NA
,NA,NA
,NA,NA
,NA,NA
,NA,NA
,NA,NA
,NA,NA
,NA,NA
,NA,NA
,NA,NA
,NA,NA
,NA,NA
,NA,NA
,NA,NA
,NA,NA
,NA,NA
,NA,NA
,NA,NA
,NA,NA
,NA,NA
,NA,NA
,NA,NA
,NA,NA
,NA,NA
,NA,NA
,NA,NA
,NA,NA
,NA,NA
,NA,NA
,NA,NA
,NA,NA
,NA,NA
,NA,NA
,NA,NA
,NA,NA
,NA,NA
,NA,NA
,NA,NA
,NA,NA
,NA,NA
,NA,NA
,NA,NA
,NA,NA
,NA,NA
,NA,NA
,NA,NA
,NA,NA
,NA,NA
,NA,NA
,NA,NA
,NA,NA
,NA,NA
,NA,NA
,NA,NA
,NA,NA
,NA,NA
,NA,NA
,NA,NA
,NA,NA
,NA,NA
,NA,NA
,NA,NA
,NA,NA
,NA,NA
,NA,NA
,NA,NA
,NA,NA
,NA,NA
,NA,NA
,NA,NA
,NA,NA
,NA,NA
,NA,NA
,NA,NA
,NA,NA
,NA,NA
,NA,NA
,NA,NA
,NA,NA
,NA,NA
,NA,NA
,NA,NA
,NA,NA
,NA,NA
,NA,NA
,NA,NA
,NA,NA
,NA,NA
,NA,NA
,NA,NA
,NA,NA
,NA,NA
,NA,NA
,NA,NA
,NA,NA
,NA,NA
,NA,NA
,NA,NA
,NA,NA
,NA,NA
,NA,NA
,NA,NA
,NA,NA
,NA,NA
,NA,NA
,NA,NA
,NA,NA
,NA,NA
,NA,NA
,NA,NA
,NA,NA
,NA,NA
,NA,NA
,NA,NA
,NA,NA
,NA,NA
,NA,NA
,NA,NA
,NA,NA
,NA,NA
,NA,NA
,NA,NA
,NA,NA
,NA,NA
,NA,NA
,NA,NA
,NA,NA
,NA,NA
,NA,NA
,NA,NA
,NA,NA
,NA,NA
,NA,NA
,NA,NA
,NA,NA
,NA,NA
,NA,NA
,NA,NA
,NA,NA
,NA,NA
,NA,NA
,NA,NA
,NA,NA
,NA,NA
,NA,NA
,NA,NA
,NA,NA
,NA,NA
,NA,NA
,NA,NA
,NA,NA
,NA,NA
,NA,NA
,NA,NA
,NA,NA
,NA,NA
,NA,NA
,NA,NA
,NA,NA
,NA,NA
,NA,NA
,NA,NA
,NA,NA
,NA,NA
,NA,NA
,NA,NA
,NA,NA
,NA,NA
,NA,NA
,NA,NA
,NA,NA
,NA,NA
,NA,NA
,NA,NA
,NA,NA
,NA,NA
,NA,NA
,NA,NA
,NA,NA
,NA,NA
,NA,NA
,NA,NA
,NA,NA
,NA,NA
,NA,NA
,NA,NA
,NA,NA
,NA,NA
,NA,NA
,NA,NA
,NA,NA
,NA,NA
,NA,NA
,NA,NA
,NA,NA
,NA,NA
,NA,NA
,NA,NA
,NA,NA
,NA,NA
,NA,NA
,NA,NA
,NA,NA
,NA,NA
,NA,NA
,NA,NA
,NA,NA
,NA,NA
,NA,NA
,NA,NA
,NA,NA
,NA,NA
,NA,NA
,NA,NA
,NA,NA
,NA,NA
,NA,NA
,NA,NA
,NA,NA
,NA,NA
,NA,NA
,NA,NA
,NA,NA
,NA,NA
,NA,NA
,NA,NA
,NA,NA
,NA,NA
,NA,NA
,NA,NA
,NA,NA
,NA,NA
,NA,NA
,NA,NA
,NA,NA
,NA,NA
,NA,NA
,NA,NA
,NA,NA
,NA,NA
,NA,NA
,NA,NA
,NA,NA
,NA,NA
,NA,NA
,NA,NA
,NA,NA
,NA,NA
,NA,NA
,NA,NA
,NA,NA
,NA,NA
,NA,NA
,NA,NA
,NA,NA
,NA,NA
,NA,NA
,NA,NA
,NA,NA
,NA,NA
,NA,NA
,NA,NA
,NA,NA
,NA,NA
,NA,NA
,NA,NA
,NA,NA
,NA,NA
,NA,NA
,NA,NA
,NA,NA
,NA,NA
,NA,NA
,NA,NA
,NA,NA
,NA,NA
,NA,NA
,NA,NA
,NA,NA
,NA,NA
,NA,NA
,NA,NA
,NA,NA
,NA,NA
,NA,NA
,NA,NA
,NA,NA
,NA,NA
,NA,NA
,NA,NA
,NA,NA
,NA,NA
,NA,NA
,NA,NA
,NA,NA
,NA,NA
,NA,NA
,NA,NA
,NA,NA
,NA,NA
,NA,NA
,NA,NA
,NA,NA
,NA,NA
,NA,NA
,NA,NA
,NA,NA
,NA,NA
,NA,NA
,NA,NA
,NA,NA
,NA,NA
,NA,NA
,NA,NA
,NA,NA
,NA,NA
,NA,NA
,NA,NA
,NA,NA
,NA,NA
,NA,NA
,NA,NA
,NA,NA
,NA,NA
,NA,NA
,NA,NA
,NA,NA
,NA,NA
,NA,NA
,NA,NA
,NA,NA
,NA,NA
,NA,NA
,NA,NA
,NA,NA
,NA,NA
,NA,NA
,NA,NA
,NA,NA
,NA,NA
,NA,NA
,NA,NA
,NA,NA
,NA,NA
,NA,NA
,NA,NA
,NA,NA
,NA,NA
,NA,NA
,NA,NA
,NA,NA
,NA,NA
,NA,NA
,NA,NA
,NA,NA
,NA,NA
,NA,NA
,NA,NA
,NA,NA
,NA,NA
,NA,NA
,NA,NA
,NA,NA
,NA,NA
,NA,NA
,NA,NA
,NA,NA
,NA,NA
,NA,NA
,NA,NA
,NA,NA
,NA,NA
,NA,NA
,NA,NA
,NA,NA
,NA,NA
,NA,NA
,NA,NA
,NA,NA
,NA,NA
,NA,NA
,NA,NA
,NA,NA
,NA,NA
,NA,NA
,NA,NA
,NA,NA
,NA,NA
,NA,NA
,NA,NA
,NA,NA
,NA,NA
,NA,NA
,NA,NA
,NA,NA
,NA,NA
,NA,NA
,NA,NA
,NA,NA
,NA,NA
,NA,NA
,NA,NA
,NA,NA
,NA,NA
,NA,NA
,NA,NA
,NA,NA
,NA,NA
,NA,NA
,NA,NA
,NA,NA
,NA,NA
,NA,NA
,NA,NA
,NA,NA
,NA,NA
,NA,NA
,NA,NA
,NA,NA
,NA,NA
,NA,NA
,NA,NA
,NA,NA
,NA,NA
,NA,NA
,NA,NA
,NA,NA
,NA,NA
,NA,NA
,NA,NA
,NA,NA
,NA,NA
,NA,NA
,NA,NA
,NA,NA
,NA,NA
,NA,NA
,NA,NA
,NA,NA
,NA,NA
,NA,NA
,NA,NA
,NA,NA
,NA,NA
,NA,NA
,NA,NA
,NA,NA
,NA,NA
,NA,NA
,NA,NA
,NA,NA
,NA,NA
,NA,NA
,NA,NA
,NA,NA
,NA,NA
,NA,NA
,NA,NA
,NA,NA
,NA,NA
,NA,NA
,NA,NA
,NA,NA
,NA,NA
,NA,NA
,NA,NA
,NA,NA
,NA,NA
,NA,NA
,NA,NA
,NA,NA
,NA,NA
,NA,NA
,NA,NA
,NA,NA
,NA,NA
,NA,NA
,NA,NA
,NA,NA
,NA,NA
,NA,NA
,NA,NA
,NA,NA
,NA,NA
,NA,NA
,NA,NA
,NA,NA
,NA,NA
,NA,NA
,NA,NA
,NA,NA
,NA,NA
,NA,NA
,NA,NA
,NA,NA
,NA,NA
,NA,NA
,NA,NA
,NA,NA
,NA,NA
,NA,NA
,NA,NA
,NA,NA
,NA,NA
,NA,NA
,NA,NA
,NA,NA
,NA,NA
,NA,NA
,NA,NA
,NA,NA
,NA,NA
,NA,NA
,NA,NA
,NA,NA
,NA,NA
,NA,NA
,NA,NA
,NA,NA
,NA,NA
,NA,NA
,NA,NA
,NA,NA
,NA,NA
,NA,NA
,NA,NA
,NA,NA
,NA,NA
,NA,NA
,NA,NA
,NA,NA
,NA,NA
,NA,NA
,NA,NA
,NA,NA
,NA,NA
,NA,NA
,NA,NA
,NA,NA
,NA,NA
,NA,NA
,NA,NA
,NA,NA
,NA,NA
,NA,NA
,NA,NA
,NA,NA
,NA,NA
,NA,NA
,NA,NA
,NA,NA
,NA,NA
,NA,NA
,NA,NA
,NA,NA
,NA,NA
,NA,NA
,NA,NA
,NA,NA
,NA,NA
,NA,NA
,NA,NA
,NA,NA
,NA,NA
,NA,NA
,NA,NA
,NA,NA
,NA,NA
,NA,NA
,NA,NA
,NA,NA
,NA,NA
,NA,NA
,NA,NA
,NA,NA
,NA,NA
,NA,NA
,NA,NA
,NA,NA
,NA,NA
,NA,NA
,NA,NA
,NA,NA
,NA,NA
,NA,NA
,NA,NA
,NA,NA
,NA,NA
,NA,NA
,NA,NA
,NA,NA
,NA,NA
,NA,NA
,NA,NA
,NA,NA
,NA,NA
,NA,NA
,NA,NA
,NA,NA
,NA,NA
,NA,NA
,NA,NA
,NA,NA
,NA,NA
,NA,NA
,NA,NA
,NA,NA
,NA,NA
,NA,NA
,NA,NA
,NA,NA
,NA,NA
,NA,NA
,NA,NA
,NA,NA
,NA,NA
,NA,NA
,NA,NA
,NA,NA
,NA,NA
,NA,NA
,NA,NA
,NA,NA
,NA,NA
,NA,NA
,NA,NA
,NA,NA
,NA,NA
,NA,NA
,NA,NA
,NA,NA
,NA,NA
,NA,NA
,NA,NA
,NA,NA
,NA,NA
,NA,NA
,NA,NA
,NA,NA
,NA,NA
,NA,NA
,NA,NA
,NA,NA
,NA,NA
,NA,NA
,NA,NA
,NA,NA
,NA,NA
,NA,NA
,NA,NA
,NA,NA
,NA,NA
,NA,NA
,NA,NA
,NA,NA
,NA,NA
,NA,NA
,NA,NA
,NA,NA
,NA,NA
,NA,NA
,NA,NA
,NA,NA
,NA,NA
,NA,NA
,NA,NA
,NA,NA
,NA,NA
,NA,NA
,NA,NA
,NA,NA
,NA,NA
,NA,NA
,NA,NA
,NA,NA
,NA,NA
,NA,NA
,NA,NA
,NA,NA
,NA,NA
,NA,NA
,NA,NA
,NA,NA
,NA,NA
,NA,NA
,NA,NA
,NA,NA
,NA,NA
,NA,NA
,NA,NA
,NA,NA
,NA,NA
,NA,NA
,NA,NA
,NA,NA
,NA,NA
,NA,NA
,NA,NA
,NA,NA
,NA,NA
,NA,NA
,NA,NA
,NA,NA
,NA,NA
,NA,NA
,NA,NA
,NA,NA
,NA,NA
,NA,NA
,NA,NA
,NA,NA
,NA,NA
,NA,NA
,NA,NA
,NA,NA
,NA,NA
,NA,NA
,NA,NA
,NA,NA
,NA,NA
,NA,NA
,NA,NA
,NA,NA
,NA,NA
,NA,NA
,NA,NA
,NA,NA
,NA,NA
,NA,NA
,NA,NA
,NA,NA
,NA,NA
,NA,NA
,NA,NA
,NA,NA
,NA,NA
,NA,NA
,NA,NA
,NA,NA
,NA,NA
,NA,NA
,NA,NA
,NA,NA
,NA,NA
,NA,NA
,NA,NA
,NA,NA
,NA,NA
,NA,NA
,NA,NA
,NA,NA
,NA,NA
,NA,NA
,NA,NA
,NA,NA
,NA,NA
,NA,NA
,NA,NA
,NA,NA
,NA,NA
,NA,NA
,NA,NA
,NA,NA
,NA,NA
,NA,NA
,NA,NA
,NA,NA
,NA,NA
,NA,NA
,NA,NA
,NA,NA
,NA,NA
,NA,NA
,NA,NA
,NA,NA
,NA,NA
,NA,NA
,NA,NA
,NA,NA
,NA,NA
,NA,NA
,NA,NA
,NA,NA
,NA,NA
,NA,NA
,NA,NA
,NA,NA
,NA,NA
,NA,NA
,NA,NA
,NA,NA
,NA,NA
,NA,NA
,NA,NA
,NA,NA
,NA,NA
,NA,NA
,NA,NA
,NA,NA
,NA,NA
,NA,NA
,NA,NA
,NA,NA
,NA,NA
,NA,NA
,NA,NA
,NA,NA
,NA,NA
,NA,NA
,NA,NA
,NA,NA
,NA,NA
,NA,NA
,NA,NA
,NA,NA
,NA,NA
,NA,NA
,NA,NA
,NA,NA
,NA,NA
,NA,NA
,NA,NA
,NA,NA
,NA,NA
,NA,NA
,NA,NA
,NA,NA
,NA,NA
,NA,NA
,NA,NA
,NA,NA
,NA,NA
,NA,NA
,NA,NA
,NA,NA
,NA,NA
,NA,NA
,NA,NA
,NA,NA
,NA,NA
,NA,NA
,NA,NA
,NA,NA
,NA,NA
,NA,NA
,NA,NA
,NA,NA
,NA,NA
,NA,NA
,NA,NA
,NA,NA
,NA,NA
,NA,NA
,NA,NA
,NA,NA
,NA,NA
,NA,NA
,NA,NA
,NA,NA
,NA,NA
,NA,NA
,NA,NA
,NA,NA
,NA,NA
,NA,NA
,NA,NA
,NA,NA
,NA,NA
,NA,NA
,NA,NA
,NA,NA
,NA,NA
,NA,NA
,NA,NA
,NA,NA
,NA,NA
,NA,NA
,NA,NA
,NA,NA
,NA,NA
,NA,NA
,NA,NA
,NA,NA
,NA,NA
,NA,NA
,NA,NA
,NA,NA
,NA,NA
,NA,NA
,NA,NA
,NA,NA
,NA,NA
,NA,NA
,NA,NA
,NA,NA
,NA,NA
,NA,NA
,NA,NA
,NA,NA
,NA,NA
,NA,NA
,NA,NA
,NA,NA
,NA,NA
,NA,NA
,NA,NA
,NA,NA
,NA,NA
,NA,NA
,NA,NA
,NA,NA
,NA,NA
,NA,NA
,NA,NA
,NA,NA
,NA,NA
,NA,NA
,NA,NA
,NA,NA
,NA,NA
,NA,NA
,NA,NA
,NA,NA
,NA,NA
,NA,NA
,NA,NA
,NA,NA
,NA,NA
,NA,NA
,NA,NA
,NA,NA
,NA,NA
,NA,NA
,NA,NA
,NA,NA
,NA,NA
,NA,NA
,NA,NA
,NA,NA
,NA,NA
,NA,NA
,NA,NA
,NA,NA
,NA,NA
,NA,NA
,NA,NA
,NA,NA
,NA,NA
,NA,NA
,NA,NA
,NA,NA
,NA,NA
,NA,NA
,NA,NA
,NA,NA
,NA,NA
,NA,NA
,NA,NA
,NA,NA
,NA,NA
,NA,NA
,NA,NA
,NA,NA
,NA,NA
,NA,NA
,NA,NA
,NA,NA
,NA,NA
,NA,NA
,NA,NA
,NA,NA
,NA,NA
,NA,NA
,NA,NA
,NA,NA
,NA,NA
,NA,NA
,NA,NA
,NA,NA
,NA,NA
,NA,NA
,NA,NA
,NA,NA
,NA,NA
,NA,NA
,NA,NA
,NA,NA
,NA,NA
,NA,NA
,NA,NA
,NA,NA
,NA,NA
,NA,NA
,NA,NA
,NA,NA
,NA,NA
,NA,NA
,NA,NA
,NA,NA
,NA,NA
,NA,NA
,NA,NA
,NA,NA
,NA,NA
,NA,NA
,NA,NA
,NA,NA
,NA,NA
,NA,NA
,NA,NA
,NA,NA
,NA,NA
,NA,NA
,NA,NA
,NA,NA
,NA,NA
,NA,NA
,NA,NA
,NA,NA
,NA,NA
,NA,NA
,NA,NA
,NA,NA
,NA,NA
,NA,NA
,NA,NA
,NA,NA
,NA,NA
,NA,NA
,NA,NA
,NA,NA
,NA,NA
,NA,NA
,NA,NA
,NA,NA
,NA,NA
,NA,NA
,NA,NA
,NA,NA
,NA,NA
,NA,NA
,NA,NA
,NA,NA
,NA,NA
,NA,NA
,NA,NA
,NA,NA
,NA,NA
,NA,NA
,NA,NA
,NA,NA
,NA,NA
,NA,NA
,NA,NA
,NA,NA
,NA,NA
,NA,NA
,NA,NA
,NA,NA
,NA,NA
,NA,NA
,NA,NA
,NA,NA
,NA,NA
,NA,NA
,NA,NA
,NA,NA
,NA,NA
,NA,NA
,NA,NA
,NA,NA
,NA,NA
,NA,NA
,NA,NA
,NA,NA
,NA,NA
,NA,NA
,NA,NA
,NA,NA
,NA,NA
,NA,NA
,NA,NA
,NA,NA
,NA,NA
,NA,NA
,NA,NA
,NA,NA
,NA,NA
,NA,NA
,NA,NA
,NA,NA
,NA,NA
,NA,NA
,NA,NA
,NA,NA
,NA,NA
,NA,NA
,NA,NA
,NA,NA
,NA,NA
,NA,NA
,NA,NA
,NA,NA
,NA,NA
,NA,NA
,NA,NA
,NA,NA
,NA,NA
,NA,NA
,NA,NA
,NA,NA
,NA,NA
,NA,NA
,NA,NA
,NA,NA
,NA,NA
,NA,NA
,NA,NA
,NA,NA
,NA,NA
,NA,NA
,NA,NA
,NA,NA
,NA,NA
,NA,NA
,NA,NA
,NA,NA
,NA,NA
,NA,NA
,NA,NA
,NA,NA
,NA,NA
,NA,NA
,NA,NA
,NA,NA
,NA,NA
,NA,NA
,NA,NA
,NA,NA
,NA,NA
,NA,NA
,NA,NA
,NA,NA
,NA,NA
,NA,NA
,NA,NA
,NA,NA
,NA,NA
,NA,NA
,NA,NA
,NA,NA
,NA,NA
,NA,NA
,NA,NA
,NA,NA
,NA,NA
,NA,NA
,NA,NA
,NA,NA
,NA,NA
,NA,NA
,NA,NA
,NA,NA
,NA,NA
,NA,NA
,NA,NA
,NA,NA
,NA,NA
,NA,NA
,NA,NA
,NA,NA
,NA,NA
,NA,NA
,NA,NA
,NA,NA
,NA,NA
,NA,NA
,NA,NA
,NA,NA
,NA,NA
,NA,NA
,NA,NA
,NA,NA
,NA,NA
,NA,NA
,NA,NA
,NA,NA
,NA,NA
,NA,NA
,NA,NA
,NA,NA
,NA,NA
,NA,NA
,NA,NA
,NA,NA
,NA,NA
,NA,NA
,NA,NA
,NA,NA
,NA,NA
,NA,NA
,NA,NA
,NA,NA
,NA,NA
,NA,NA
,NA,NA
,NA,NA
,NA,NA
,NA,NA
,NA,NA
,NA,NA
,NA,NA
,NA,NA
,NA,NA
,NA,NA
,NA,NA
,NA,NA
,NA,NA
,NA,NA
,NA,NA
,NA,NA
,NA,NA
,NA,NA
,NA,NA
,NA,NA
,NA,NA
,NA,NA
,NA,NA
,NA,NA
,NA,NA
,NA,NA
,NA,NA
,NA,NA
,NA,NA
,NA,NA
,NA,NA
,NA,NA
,NA,NA
,NA,NA
,NA,NA
,NA,NA
,NA,NA
,NA,NA
,NA,NA
,NA,NA
,NA,NA
,NA,NA
,NA,NA
,NA,NA
,NA,NA
,NA,NA
,NA,NA
,NA,NA
,NA,NA
,NA,NA
,NA,NA
,NA,NA
,NA,NA
,NA,NA
,NA,NA
,NA,NA
,NA,NA
,NA,NA
,NA,NA
,NA,NA
,NA,NA
,NA,NA
,NA,NA
,NA,NA
,NA,NA
,NA,NA
,NA,NA
,NA,NA
,NA,NA
,NA,NA
,NA,NA
,NA,NA
,NA,NA
,NA,NA
,NA,NA
,NA,NA
,NA,NA
,NA,NA
,NA,NA
,NA,NA
,NA,NA
,NA,NA
,NA,NA
,NA,NA
,NA,NA
,NA,NA
,NA,NA
,NA,NA
,NA,NA
,NA,NA
,NA,NA
,NA,NA
,NA,NA
,NA,NA
,NA,NA
,NA,NA
,NA,NA
,NA,NA
,NA,NA
,NA,NA
,NA,NA
,NA,NA
,NA,NA
,NA,NA
,NA,NA
,NA,NA
,NA,NA
,NA,NA
,NA,NA
,NA,NA
,NA,NA
,NA,NA
,NA,NA
,NA,NA
,NA,NA
,NA,NA
,NA,NA
,NA,NA
,NA,NA
,NA,NA
,NA,NA
,NA,NA
,NA,NA
,NA,NA
,NA,NA
,NA,NA
,NA,NA
,NA,NA
,NA,NA
,NA,NA
,NA,NA
,NA,NA
,NA,NA
,NA,NA
,NA,NA
,NA,NA
,NA,NA
,NA,NA
,NA,NA
,NA,NA
,NA,NA
,NA,NA
,NA,NA
,NA,NA
,NA,NA
,NA,NA
,NA,NA
,NA,NA
,NA,NA
,NA,NA
,NA,NA
,NA,NA
,NA,NA
,NA,NA
,NA,NA
,NA,NA
,NA,NA
,NA,NA
,NA,NA
,NA,NA
,NA,NA
,NA,NA
,NA,NA
,NA,NA
,NA,NA
,NA,NA
,NA,NA
,NA,NA
,NA,NA
,NA,NA
,NA,NA
,NA,NA
,NA,NA
,NA,NA
,NA,NA
,NA,NA
,NA,NA
,NA,NA
,NA,NA
,NA,NA
,NA,NA
,NA,NA
,NA,NA
,NA,NA
,NA,NA
,NA,NA
,NA,NA
,NA,NA
,NA,NA
,NA,NA
,NA,NA
,NA,NA
,NA,NA
,NA,NA
,NA,NA
,NA,NA
,NA,NA
,NA,NA
,NA,NA
,NA,NA
,NA,NA
,NA,NA
,NA,NA
,NA,NA
,NA,NA
,NA,NA
,NA,NA
,NA,NA
,NA,NA
,NA,NA
,NA,NA
,NA,NA
,NA,NA
,NA,NA
,NA,NA
,NA,NA
,NA,NA
,NA,NA
,NA,NA
,NA,NA
,NA,NA
,NA,NA
,NA,NA
,NA,NA
,NA,NA
,NA,NA
,NA,NA
,NA,NA
,NA,NA
,NA,NA
,NA,NA
,NA,NA
,NA,NA
,NA,NA
,NA,NA
,NA,NA
,NA,NA
,NA,NA
,NA,NA
,NA,NA
,NA,NA
,NA,NA
,NA,NA
,NA,NA
,NA,NA
,NA,NA
,NA,NA
,NA,NA
,NA,NA
,NA,NA
,NA,NA
,NA,NA
,NA,NA
,NA,NA
,NA,NA
,NA,NA
,NA,NA
,NA,NA
,NA,NA
,NA,NA
,NA,NA
,NA,NA
,NA,NA
,NA,NA
,NA,NA
,NA,NA
,NA,NA
,NA,NA
,NA,NA
,NA,NA
,NA,NA
,NA,NA
,NA,NA
,NA,NA
,NA,NA
,NA,NA
,NA,NA
,NA,NA
,NA,NA
,NA,NA
,NA,NA
,NA,NA
,NA,NA
,NA,NA
,NA,NA
,NA,NA
,NA,NA
,NA,NA
,NA,NA
,NA,NA
,NA,NA
,NA,NA
,NA,NA
,NA,NA
,NA,NA
,NA,NA
,NA,NA
,NA,NA
,NA,NA
,NA,NA
,NA,NA
,NA,NA
,NA,NA
,NA,NA
,NA,NA
,NA,NA
,NA,NA
,NA,NA
,NA,NA
,NA,NA
,NA,NA
,NA,NA
,NA,NA
,NA,NA
,NA,NA
,NA,NA
,NA,NA
,NA,NA
,NA,NA
,NA,NA
,NA,NA
,NA,NA
,NA,NA
,NA,NA
,NA,NA
,NA,NA
,NA,NA
,NA,NA
,NA,NA
,NA,NA
,NA,NA
,NA,NA
,NA,NA
,NA,NA
,NA,NA
,NA,NA
,NA,NA
,NA,NA
,NA,NA
,NA,NA
,NA,NA
,NA,NA
,NA,NA
,NA,NA
,NA,NA
,NA,NA
,NA,NA
,NA,NA
,NA,NA
,NA,NA
,NA,NA
,NA,NA
,NA,NA
,NA,NA
,NA,NA
,NA,NA
,NA,NA
,NA,NA
,NA,NA
,NA,NA
,NA,NA
,NA,NA
,NA,NA
,NA,NA
,NA,NA
,NA,NA
,NA,NA
,NA,NA
,NA,NA
,NA,NA
,NA,NA
,NA,NA
,NA,NA
,NA,NA
,NA,NA
,NA,NA
,NA,NA
,NA,NA
,NA,NA
,NA,NA
,NA,NA
,NA,NA
,NA,NA
,NA,NA
,NA,NA
,NA,NA
,NA,NA
,NA,NA
,NA,NA
,NA,NA
,NA,NA
,NA,NA
,NA,NA
,NA,NA
,NA,NA
,NA,NA
,NA,NA
,NA,NA
,NA,NA
,NA,NA
,NA,NA
,NA,NA
,NA,NA
,NA,NA
,NA,NA
,NA,NA
,NA,NA
,NA,NA
,NA,NA
,NA,NA
,NA,NA
,NA,NA
,NA,NA
,NA,NA
,NA,NA
,NA,NA
,NA,NA
,NA,NA
,NA,NA
,NA,NA
,NA,NA
,NA,NA
,NA,NA
,NA,NA
,NA,NA
,NA,NA
,NA,NA
,NA,NA
,NA,NA
,NA,NA
,NA,NA
,NA,NA
,NA,NA
,NA,NA
,NA,NA
,NA,NA
,NA,NA
,NA,NA
,NA,NA
,NA,NA
,NA,NA
,NA,NA
,NA,NA
,NA,NA
,NA,NA
,NA,NA
,NA,NA
,NA,NA
,NA,NA
,NA,NA
,NA,NA
,NA,NA
,NA,NA
,NA,NA
,NA,NA
,NA,NA
,NA,NA
,NA,NA
,NA,NA
,NA,NA
,NA,NA
,NA,NA
,NA,NA
,NA,NA
,NA,NA
,NA,NA
,NA,NA
,NA,NA
,NA,NA
,NA,NA
,NA,NA
,NA,NA
,NA,NA
,NA,NA
,NA,NA
,NA,NA
,NA,NA
,NA,NA
,NA,NA
,NA,NA
,NA,NA
,NA,NA
,NA,NA
,NA,NA
,NA,NA
,NA,NA
,NA,NA
,NA,NA
,NA,NA
,NA,NA
,NA,NA
,NA,NA
,NA,NA
,NA,NA
,NA,NA
,NA,NA
,NA,NA
,NA,NA
,NA,NA
,NA,NA
,NA,NA
,NA,NA
,NA,NA
,NA,NA
,NA,NA
,NA,NA
,NA,NA
,NA,NA
,NA,NA
,NA,NA
