PI_ID,PI_Name
1,Camren
2,Cole
3,Dhairye
4,Nathan
5,CJ
6,Ike
7,Cole
8,Kevin
9,Pedro
10,Camren
11,Brian
12,Renee
13,Rachel
14,Rachel
15,Renee
16,CJ
17,Kyle
18,Jack
19,Nathan
20,Andrew
21,Renee
22,Nick
23,Graeme
24,Brian
25,Pedro
26,Nick
27,Pedro
28,Eric
29,Brian
30,Jared
31,Mariana
32,Mariana
33,Ike
34,Ike
35,Ike
36,Eric
37,CJ
38,Eric
39,CJ
40,Graeme
41,Pedro
42,Dhyan
43,Nathan
44,Dhairye
45,Ike
46,Mariana
47,CJ
48,Jack
49,Eric
50,Cole
51,Andrew
52,Cole
53,Cole
54,CJ
55,Renee
56,Dhairye
57,Jack
58,Renee
59,Kyle
60,Sabrina
61,Brian
62,Renee
63,Dhyan
64,Rachel
65,Ike
66,Ike
67,Brian
68,Cole
69,Dhyan
70,Nathan
71,Renee
72,CJ
73,Pedro
74,Graeme
75,Nathan
76,Graeme
77,Camren
78,Sabrina
79,Cole
80,Pedro
81,Cole
82,Dhyan
83,Nathan
84,Nick
85,Graeme
86,Pedro
87,Nick
88,Ike
89,Kyle
90,Renee
91,Graeme
92,Cole
93,Brian
94,Brian
95,Sabrina
96,Renee
97,Camren
98,Jack
99,Pedro
100,Graeme
101,Graeme
102,Cole
103,Graeme
104,Camren
105,Kevin
106,Jack
107,Eric
108,Cole
109,Sabrina
110,Kyle
111,Nathan
112,Nathan
113,Cole
114,Nathan
115,Brian
116,Nathan
117,Renee
118,Nick
119,CJ
120,Kyle
121,Ike
122,Cole
123,Jared
124,Kyle
125,Mariana
126,Ike
127,Nathan
128,Jack
129,Jared
130,Eric
131,Kyle
132,Camren
133,Camren
134,Jack
135,Ike
136,Nathan
137,Nick
138,Kevin
139,Kyle
140,Nick
141,Kevin
142,Nathan
143,Camren
144,Kyle
145,CJ
146,Eric
147,Sabrina
148,Graeme
149,Ike
150,Rachel
151,Andrew
152,Graeme
153,Kyle
154,Camren
155,Eric
156,Mariana
157,CJ
158,Mariana
159,Brian
160,Pedro
161,Andrew
162,Renee
163,Sabrina
164,Graeme
165,Renee
166,Eric
167,Jared
168,Camren
169,Mariana
170,Jared
171,Eric
172,Dhairye
173,Ike
174,Camren
175,Camren
176,Brian
177,Rachel
178,Mariana
179,Pedro
180,Camren
181,Nathan
182,Nathan
183,Eric
184,Dhyan
185,Mariana
186,Pedro
187,Andrew
188,Dhairye
189,Dhyan
190,Jared
191,Ike
192,Sabrina
193,Sabrina
194,Andrew
195,Pedro
196,Mariana
197,Renee
198,Ike
199,Eric
200,Cole
201,Jared
202,Sabrina
203,Eric
204,Jack
205,Kyle
206,CJ
207,Jared
208,Dhyan
209,Dhyan
210,Nick
211,Pedro
212,Cole
213,Nathan
214,Jared
215,Rachel
216,Dhairye
217,Graeme
218,Jack
219,Jack
220,CJ
221,Mariana
222,Cole
223,CJ
224,Brian
225,Kevin
226,Andrew
227,Ike
228,Andrew
229,Nick
230,Jared
231,Dhyan
232,Jack
233,Nick
234,Kevin
235,Jared
236,Ike
237,Rachel
238,Kevin
239,Graeme
240,CJ
241,CJ
242,CJ
243,Ike
244,Renee
245,Cole
246,Rachel
247,Jack
248,Nick
249,Dhairye
250,Andrew
251,Kevin
252,Pedro
253,Jared
254,Cole
255,Dhairye
256,Nathan
257,Dhairye
258,Eric
259,Jack
260,Nick
261,Sabrina
262,Andrew
263,Nathan
264,Nick
265,Nathan
266,Jack
267,Nathan
268,Andrew
269,Andrew
270,Brian
271,Nathan
272,Camren
273,Mariana
274,Jack
275,Sabrina
276,Graeme
277,Camren
278,Ike
279,Dhairye
280,Renee
281,Pedro
282,CJ
283,Dhairye
284,Pedro
285,Renee
286,Dhyan
287,Ike
288,Andrew
289,Renee
290,Rachel
291,Dhyan
292,Dhyan
293,Sabrina
294,Cole
295,Eric
296,Jared
297,Brian
298,Rachel
299,Pedro
300,Rachel
301,Nathan
302,Sabrina
303,Kyle
304,Kyle
305,Eric
306,Sabrina
307,Graeme
308,Sabrina
309,Dhairye
310,Jared
311,Camren
312,Nathan
313,Camren
314,Jared
315,Dhairye
316,Mariana
317,Kevin
318,Nick
319,Andrew
320,Nick
321,Ike
322,Rachel
323,Camren
324,Mariana
325,Graeme
326,Mariana
327,Cole
328,Eric
329,Brian
330,Kyle
331,Kyle
332,Kevin
333,Kevin
334,Rachel
335,Dhairye
336,CJ
337,Kevin
338,Graeme
339,Ike
340,Eric
341,Dhyan
342,Nathan
343,Cole
344,Graeme
345,Dhairye
346,Dhairye
347,Ike
348,Eric
349,Pedro
350,Dhyan
351,Eric
352,Dhairye
353,Kyle
354,Sabrina
355,Camren
356,Andrew
357,Ike
358,Camren
359,Andrew
360,Ike
361,Ike
362,Jack
363,Ike
364,Renee
365,CJ
366,Camren
367,Rachel
368,Kevin
369,Renee
370,Cole
371,CJ
372,Cole
373,CJ
374,Sabrina
375,Kevin
376,Camren
377,Sabrina
378,Sabrina
379,Kyle
380,Graeme
381,Kyle
382,Eric
383,Nick
384,Mariana
385,Ike
386,Camren
387,Nick
388,Jared
389,Brian
390,Jared
391,CJ
392,Nick
393,Eric
394,Sabrina
395,Nick
396,Brian
397,Nathan
398,Kyle
399,Jared
400,Mariana
401,Ike
402,Brian
403,CJ
404,Andrew
405,Graeme
406,Ike
407,Mariana
408,Nathan
409,Rachel
410,Nathan
411,Ike
412,Andrew
413,Brian
414,Brian
415,Jared
416,CJ
417,Pedro
418,Nathan
419,Nick
420,CJ
421,Graeme
422,Graeme
423,Brian
424,Kyle
425,Sabrina
426,Andrew
427,Pedro
428,Mariana
429,Camren
430,Cole
431,Kevin
432,Graeme
433,Kyle
434,CJ
435,Kevin
436,Andrew
437,Dhairye
438,Camren
439,Kyle
440,CJ
441,Kyle
442,Dhairye
443,Kyle
444,Mariana
445,Dhairye
446,Kyle
447,Renee
448,Jared
449,Pedro
450,Brian
451,CJ
452,Dhairye
453,Dhairye
454,Pedro
455,Brian
456,Nick
457,Sabrina
458,Kevin
459,Nathan
460,Camren
461,Nathan
462,CJ
463,Brian
464,Dhyan
465,Cole
466,Nick
467,CJ
468,Eric
469,Sabrina
470,Kyle
471,Andrew
472,Camren
473,Eric
474,Rachel
475,Dhairye
476,Jack
477,Jared
478,Brian
479,Kyle
480,Dhyan
481,Eric
482,Brian
483,Sabrina
484,Renee
485,Jack
486,Mariana
487,CJ
488,Brian
489,Renee
490,Nathan
491,Kyle
492,Brian
493,Nathan
494,CJ
495,Rachel
496,Eric
497,Ike
498,Dhyan
499,Jared
500,Brian
501,Jack
502,Nathan
503,Sabrina
504,Renee
505,Renee
506,Nick
507,Kevin
508,Dhyan
509,Rachel
510,Brian
511,Andrew
512,Rachel
513,Camren
514,Nathan
515,Nathan
516,Andrew
517,Graeme
518,Camren
519,Sabrina
520,Cole
521,Jared
522,Ike
523,Nathan
524,Jack
525,Brian
526,Sabrina
527,Eric
528,Pedro
529,Nick
530,Brian
531,Sabrina
532,Jack
533,Jared
534,Jared
535,Mariana
536,Kevin
537,Dhyan
538,Graeme
539,Camren
540,Kyle
541,Kyle
542,Graeme
543,Mariana
544,Andrew
545,Mariana
546,Mariana
547,Ike
548,Eric
549,Rachel
550,Ike
551,CJ
552,Eric
553,Nathan
554,Mariana
555,Jack
556,Kevin
557,Cole
558,Jack
559,Renee
560,Nick
561,Cole
562,Eric
563,Nathan
564,Graeme
565,Kevin
566,Dhairye
567,Brian
568,Graeme
569,Sabrina
570,Camren
571,Jack
572,Camren
573,Rachel
574,Mariana
575,Ike
576,Brian
577,Kevin
578,Brian
579,Ike
580,Pedro
581,Eric
582,Kyle
583,Eric
584,Sabrina
585,Eric
586,Nathan
587,Ike
588,Dhairye
589,Pedro
590,Cole
591,CJ
592,Andrew
593,Cole
594,Graeme
595,Nathan
596,Rachel
597,Andrew
598,Sabrina
599,Nathan
600,Sabrina
601,Nathan
602,Graeme
603,Nathan
604,Kevin
605,Ike
606,Camren
607,Sabrina
608,Ike
609,Nick
610,Rachel
611,Eric
612,CJ
613,Jack
614,Jared
615,Eric
616,Andrew
617,Kyle
618,Rachel
619,Sabrina
620,Renee
621,Mariana
622,Andrew
623,Jack
624,Andrew
625,Kevin
626,Jared
627,Dhairye
628,Dhyan
629,Graeme
630,Brian
631,Sabrina
632,Rachel
633,Eric
634,Renee
635,Graeme
636,Jared
637,Nick
638,Jared
639,Renee
640,Graeme
641,Andrew
642,Renee
643,Jared
644,Sabrina
645,Nick
646,Rachel
647,Eric
648,Dhairye
649,Graeme
650,Camren
651,Ike
652,Ike
653,CJ
654,Cole
655,Ike
656,Renee
657,Renee
658,Kyle
659,Graeme
660,Nick
661,Dhairye
662,Dhairye
663,Jared
664,Renee
665,Jared
666,Andrew
667,Brian
668,Kevin
669,Renee
670,Nathan
671,Nathan
672,Brian
673,Eric
674,Kyle
675,Pedro
676,Camren
677,Eric
678,Nick
679,Rachel
680,Nathan
681,Sabrina
682,Rachel
683,Cole
684,CJ
685,Kevin
686,Dhairye
687,Dhyan
688,Graeme
689,Dhairye
690,Renee
691,Jared
692,Kyle
693,Dhairye
694,Nick
695,Mariana
696,Camren
697,Jared
698,Kevin
699,Andrew
700,Camren
701,Pedro
702,Sabrina
703,Camren
704,Kevin
705,Kevin
706,Camren
707,Mariana
708,Brian
709,Ike
710,Jared
711,Jack
712,Andrew
713,Mariana
714,Eric
715,Sabrina
716,Pedro
717,Nick
718,Brian
719,Graeme
720,Cole
721,Mariana
722,Renee
723,CJ
724,Nick
725,Camren
726,Pedro
727,Nick
728,Brian
729,Jack
730,Brian
731,CJ
732,Nathan
733,Sabrina
734,Dhyan
735,Cole
736,Kyle
737,Pedro
738,Camren
739,Kyle
740,Jared
741,Dhyan
742,Sabrina
743,Jared
744,Kevin
745,Renee
746,CJ
747,Andrew
748,Andrew
749,Kyle
750,Andrew
751,Camren
752,Jack
753,Jared
754,Nathan
755,Camren
756,Renee
757,Dhyan
758,Eric
759,Dhyan
760,Eric
761,Sabrina
762,Dhairye
763,Renee
764,Jack
765,Graeme
766,Renee
767,Cole
768,Nick
769,Rachel
770,Jack
771,Kevin
772,Ike
773,Dhyan
774,Cole
775,Kevin
776,Kyle
777,Jack
778,Eric
779,Eric
780,Pedro
781,Dhairye
782,Eric
783,Sabrina
784,CJ
785,Kyle
786,Dhairye
787,Rachel
788,Camren
789,Ike
790,Rachel
791,Eric
792,Brian
793,Pedro
794,Jack
795,Graeme
796,Cole
797,Nick
798,Pedro
799,Sabrina
800,Eric
801,Eric
802,Rachel
803,Pedro
804,Rachel
805,Graeme
806,Kyle
807,Pedro
808,Pedro
809,Rachel
810,Jared
811,Pedro
812,Sabrina
813,Mariana
814,CJ
815,Sabrina
816,Brian
817,Nathan
818,Brian
819,Nathan
820,Renee
821,Pedro
822,Brian
823,Nathan
824,Cole
825,Eric
826,Andrew
827,Kevin
828,Graeme
829,Kevin
830,Jack
831,CJ
832,Eric
833,Sabrina
834,Sabrina
835,Jack
836,Jared
837,Camren
838,Dhairye
839,Brian
840,Graeme
841,Ike
842,Dhyan
843,Mariana
844,Kyle
845,Dhairye
846,Dhairye
847,Eric
848,Graeme
849,Mariana
850,Kyle
851,Nick
852,Kyle
853,Nick
854,Kevin
855,Pedro
856,Camren
857,Eric
858,Camren
859,Mariana
860,Kevin
861,Ike
862,Renee
863,Cole
864,Ike
865,Jack
866,Brian
867,CJ
868,Andrew
869,Cole
870,Pedro
871,Nick
872,Rachel
873,Jack
874,Rachel
875,Nathan
876,CJ
877,Sabrina
878,Dhyan
879,Cole
880,Kyle
881,Eric
882,Rachel
883,Dhairye
884,Sabrina
885,Cole
886,Nick
887,Mariana
888,Jack
889,Renee
890,Dhairye
891,Brian
892,Kevin
893,Brian
894,Renee
895,Dhyan
896,Nick
897,Jack
898,Dhairye
899,Ike
900,Graeme
901,Camren
902,Andrew
903,CJ
904,Camren
905,Dhairye
906,Pedro
907,Nick
908,Eric
909,CJ
910,Kyle
911,Camren
912,Rachel
913,Kevin
914,Eric
915,Jared
916,Dhyan
917,Nathan
918,Camren
919,Rachel
920,Pedro
921,Cole
922,Ike
923,Pedro
924,Jared
925,Nick
926,CJ
927,Rachel
928,Brian
929,Rachel
930,Andrew
931,Sabrina
932,Cole
933,Kyle
934,Rachel
935,Mariana
936,Camren
937,Ike
938,CJ
939,CJ
940,Pedro
941,Nick
942,Renee
943,Sabrina
944,Eric
945,Eric
946,Nick
947,Pedro
948,Kevin
949,Brian
950,Andrew
951,Rachel
952,Pedro
953,Sabrina
954,Pedro
955,Jack
956,Sabrina
957,Dhairye
958,Cole
959,Nathan
960,Camren
961,Jack
962,Dhyan
963,Kyle
964,CJ
965,Mariana
966,Dhairye
967,CJ
968,Camren
969,Brian
970,Sabrina
971,CJ
972,Jack
973,Sabrina
974,Nathan
975,Sabrina
976,Kevin
977,Brian
978,Dhairye
979,Sabrina
980,CJ
981,Kevin
982,Mariana
983,Kevin
984,Eric
985,Eric
986,Andrew
987,Jared
988,Graeme
989,Dhairye
990,Camren
991,Eric
992,Renee
993,Graeme
994,Nick
995,Camren
996,Pedro
997,Dhyan
998,Nick
999,Rachel
1000,Camren
1001,Kevin
1002,CJ
1003,Andrew
1004,Rachel
1005,CJ
1006,Camren
1007,Jared
1008,Jack
1009,Dhyan
1010,Jared
1011,Renee
1012,Nathan
1013,Camren
1014,Sabrina
1015,CJ
1016,Mariana
1017,Ike
1018,Eric
1019,Pedro
1020,Sabrina
1021,Renee
1022,Kyle
1023,Jack
1024,Pedro
1025,Pedro
1026,Graeme
1027,Sabrina
1028,Mariana
1029,CJ
1030,Sabrina
1031,Pedro
1032,Rachel
1033,Camren
1034,Kyle
1035,Nick
1036,Dhairye
1037,Renee
1038,Eric
1039,Rachel
1040,CJ
1041,Sabrina
1042,Mariana
1043,CJ
1044,Camren
1045,Dhairye
1046,Sabrina
1047,CJ
1048,Camren
1049,Kevin
1050,Brian
1051,CJ
1052,Pedro
1053,Kevin
1054,Mariana
1055,Ike
1056,Eric
1057,Jared
1058,Mariana
1059,Cole
1060,Dhyan
1061,Rachel
1062,Mariana
1063,Dhairye
1064,Jack
1065,Jack
1066,Jack
1067,Kevin
1068,Dhyan
1069,Jared
1070,Camren
1071,CJ
1072,Dhairye
1073,Kevin
1074,Andrew
1075,Graeme
1076,Pedro
1077,Nick
1078,Kyle
1079,Rachel
1080,Ike
1081,Andrew
1082,CJ
1083,Andrew
1084,Nick
1085,Nick
1086,Renee
1087,Sabrina
1088,Nathan
1089,Renee
1090,Nathan
1091,Cole
1092,Rachel
1093,Sabrina
1094,Nick
1095,Camren
1096,Rachel
1097,Cole
1098,Renee
1099,Graeme
1100,Jack
1101,Sabrina
1102,Sabrina
1103,Nathan
1104,Dhyan
1105,Andrew
1106,Nathan
1107,Ike
1108,Jared
1109,Dhyan
1110,Pedro
1111,Jared
1112,Jared
1113,CJ
1114,Eric
1115,Mariana
1116,Kevin
1117,Cole
1118,Graeme
1119,Cole
1120,Jack
1121,Kevin
1122,Rachel
1123,Nick
1124,Kevin
1125,Andrew
1126,Brian
1127,Pedro
1128,Eric
1129,Pedro
1130,Nick
1131,Sabrina
1132,Nathan
1133,Nick
1134,Kevin
1135,Pedro
1136,Sabrina
1137,Graeme
1138,Ike
1139,Jared
1140,Kyle
1141,Renee
1142,Pedro
1143,Rachel
1144,Kyle
1145,Pedro
1146,CJ
1147,Sabrina
1148,Kyle
1149,Kyle
1150,Jack
1151,Jared
1152,Kevin
1153,Mariana
1154,Jared
1155,Nick
1156,Jared
1157,Jared
1158,Ike
1159,Rachel
1160,Mariana
1161,Andrew
1162,Jack
1163,Mariana
1164,Sabrina
1165,Jared
1166,Andrew
1167,CJ
1168,Cole
1169,Jack
1170,Kevin
1171,Sabrina
1172,Mariana
1173,Nathan
1174,Cole
1175,Mariana
1176,Pedro
1177,Sabrina
1178,Nathan
1179,Pedro
1180,Rachel
1181,Ike
1182,Brian
1183,Mariana
1184,Jack
1185,Graeme
1186,Rachel
1187,Dhyan
1188,Eric
1189,Mariana
1190,Nick
1191,Brian
1192,Renee
1193,Cole
1194,Rachel
1195,Eric
1196,Mariana
1197,Ike
1198,Dhairye
1199,Kevin
1200,Eric
1201,Rachel
1202,Dhairye
1203,Kevin
1204,Mariana
1205,Jared
1206,Kyle
1207,Mariana
1208,Andrew
1209,Nick
1210,Dhairye
1211,Pedro
1212,Sabrina
1213,Renee
1214,Kevin
1215,Eric
1216,Rachel
1217,Ike
1218,Eric
1219,Sabrina
1220,Graeme
1221,Renee
1222,Jared
1223,Jared
1224,Kyle
1225,Andrew
1226,Andrew
1227,Dhairye
1228,Renee
1229,Sabrina
1230,Dhairye
1231,Nick
1232,Eric
1233,Dhairye
1234,Pedro
1235,Brian
1236,Graeme
1237,Renee
1238,Ike
1239,Eric
1240,Sabrina
1241,Brian
1242,Nathan
1243,Graeme
1244,Dhairye
1245,Kyle
1246,Camren
1247,Graeme
1248,Brian
1249,Jared
1250,Pedro
1251,Camren
1252,Nathan
1253,Renee
1254,Rachel
1255,Sabrina
1256,Mariana
1257,Andrew
1258,Dhairye
1259,Dhairye
1260,Jack
1261,Eric
1262,Cole
1263,Rachel
1264,Camren
1265,CJ
1266,Jared
1267,Nathan
1268,Dhairye
1269,Pedro
1270,Dhairye
1271,Nick
1272,Renee
1273,Mariana
1274,CJ
1275,Dhyan
1276,Nick
1277,Kyle
1278,Ike
1279,Cole
1280,Pedro
1281,Graeme
1282,Dhairye
1283,Kevin
1284,Camren
1285,Dhyan
1286,Jared
1287,Dhairye
1288,Mariana
1289,Nick
1290,Andrew
1291,Brian
1292,Jack
1293,Graeme
1294,Eric
1295,Andrew
1296,Jack
1297,Nick
1298,Nathan
1299,Ike
1300,Kevin
1301,Ike
1302,Andrew
1303,Jack
1304,Dhairye
1305,Nathan
1306,Kyle
1307,Brian
1308,Rachel
1309,Sabrina
1310,Rachel
1311,Graeme
1312,Sabrina
1313,Cole
1314,Sabrina
1315,Rachel
1316,Jack
1317,Camren
1318,Camren
1319,Andrew
1320,Nathan
1321,Andrew
1322,Dhairye
1323,Rachel
1324,Camren
1325,CJ
1326,Brian
1327,CJ
1328,Nathan
1329,Rachel
1330,Nick
1331,Dhyan
1332,Jack
1333,Kyle
1334,Dhyan
1335,Renee
1336,CJ
1337,Mariana
1338,Dhairye
1339,Nathan
1340,Kyle
1341,Pedro
1342,Cole
1343,Dhairye
1344,Brian
1345,Dhyan
1346,Mariana
1347,Ike
1348,Andrew
1349,Nathan
1350,Jared
1351,Mariana
1352,Kevin
1353,Camren
1354,CJ
1355,Andrew
1356,Nick
1357,Dhyan
1358,Pedro
1359,Kevin
1360,Nathan
1361,Eric
1362,Dhyan
1363,Graeme
1364,Kevin
1365,Graeme
1366,Kyle
1367,Kyle
1368,Jack
1369,Cole
1370,Andrew
1371,Jack
1372,Mariana
1373,Pedro
1374,Camren
1375,Nathan
1376,Pedro
1377,Mariana
1378,Cole
1379,Dhairye
1380,Rachel
1381,Brian
1382,Andrew
1383,Jack
1384,Dhairye
1385,Brian
1386,Kevin
1387,Rachel
1388,Eric
1389,Jack
1390,Jack
1391,Pedro
1392,Cole
1393,Mariana
1394,Camren
1395,Jared
1396,Jared
1397,Ike
1398,Graeme
1399,Dhyan
1400,Renee
1401,Dhairye
1402,Sabrina
1403,CJ
1404,Ike
1405,Graeme
1406,Dhairye
1407,Ike
1408,Renee
1409,CJ
1410,Rachel
1411,Mariana
1412,Andrew
1413,Rachel
1414,Graeme
1415,Jared
1416,Graeme
1417,Brian
1418,Dhyan
1419,Dhyan
1420,Graeme
1421,Kyle
1422,Renee
1423,Renee
1424,Rachel
1425,Eric
1426,Sabrina
1427,Graeme
1428,Cole
1429,Eric
1430,Nathan
1431,Brian
1432,Jack
1433,Jared
1434,Dhairye
1435,Graeme
1436,Kevin
1437,Mariana
1438,Andrew
1439,Dhyan
1440,Andrew
1441,Brian
1442,Nick
1443,Eric
1444,Dhyan
1445,Sabrina
1446,Eric
1447,Jack
1448,Jack
1449,Ike
1450,Cole
1451,Kyle
1452,Renee
1453,Dhyan
1454,Kyle
1455,Cole
1456,Jack
1457,Jared
1458,Rachel
1459,Cole
1460,Nathan
1461,Rachel
1462,Brian
1463,Jared
1464,Kevin
1465,Andrew
1466,Renee
1467,Sabrina
1468,Brian
1469,Dhairye
1470,Ike
1471,Dhairye
1472,Ike
1473,Mariana
1474,Jack
1475,Camren
1476,Kevin
1477,Andrew
1478,Pedro
1479,Cole
1480,CJ
1481,Camren
1482,Camren
1483,Kyle
1484,Graeme
1485,Cole
1486,Kyle
1487,Mariana
1488,Mariana
1489,Kevin
1490,Sabrina
1491,Camren
1492,Dhyan
1493,CJ
1494,Kevin
1495,Nathan
1496,Kyle
1497,Dhairye
1498,Mariana
1499,Jack
1500,Dhairye
1501,Nick
1502,Pedro
1503,Graeme
1504,Camren
1505,Nathan
1506,Camren
1507,Jack
1508,CJ
1509,Ike
1510,Andrew
1511,Kevin
1512,Andrew
1513,Kevin
1514,Jack
1515,Dhairye
1516,Andrew
1517,Jared
1518,Jack
1519,Graeme
1520,Pedro
1521,CJ
1522,Rachel
1523,Dhairye
1524,Renee
1525,Sabrina
1526,Jared
1527,CJ
1528,Andrew
1529,Jared
1530,Graeme
1531,Nick
1532,Kevin
1533,Brian
1534,Pedro
1535,Pedro
1536,Eric
1537,Jack
1538,Nick
1539,Ike
1540,Brian
1541,Ike
1542,Andrew
1543,Dhairye
1544,Camren
1545,Dhairye
1546,Graeme
1547,Mariana
1548,Dhairye
1549,Kevin
1550,Renee
1551,Nathan
1552,Dhyan
1553,Kyle
1554,Andrew
1555,Rachel
1556,Camren
1557,Andrew
1558,Nathan
1559,Eric
1560,CJ
1561,Cole
1562,Jared
1563,Sabrina
1564,Kyle
1565,Camren
1566,Nathan
1567,Cole
1568,Camren
1569,Kevin
1570,Dhairye
1571,Nathan
1572,Andrew
1573,Graeme
1574,Dhyan
1575,Kevin
1576,Nick
1577,Jared
1578,Kevin
1579,Jared
1580,Jack
1581,Dhyan
1582,CJ
1583,Dhairye
1584,Rachel
1585,Dhairye
1586,Nick
1587,Renee
1588,Dhyan
1589,Jack
1590,Dhairye
1591,Cole
1592,Mariana
1593,Camren
1594,Andrew
1595,Jared
1596,Kyle
1597,Sabrina
1598,Brian
1599,Nathan
1600,Eric
1601,Ike
1602,Renee
1603,Nick
1604,Pedro
1605,Ike
1606,Kyle
1607,Jack
1608,Kyle
1609,Jack
1610,Jared
1611,Brian
1612,Camren
1613,Nick
1614,CJ
1615,Eric
1616,Pedro
1617,Jared
1618,Renee
1619,Dhyan
1620,Camren
1621,Andrew
1622,Renee
1623,Brian
1624,Kyle
1625,Cole
1626,Rachel
1627,Cole
1628,Renee
1629,Graeme
1630,CJ
1631,Pedro
1632,Graeme
1633,Nick
1634,Jack
1635,Mariana
1636,CJ
1637,Nathan
1638,Mariana
1639,Renee
1640,Graeme
1641,Nick
1642,Rachel
1643,Dhairye
1644,Eric
1645,Eric
1646,Mariana
1647,Kyle
1648,Graeme
1649,Cole
1650,Jack
1651,Jared
1652,Jack
1653,Renee
1654,Brian
1655,Mariana
1656,Ike
1657,Jared
1658,Camren
1659,Graeme
1660,Jack
1661,Rachel
1662,Nathan
1663,Dhairye
1664,Brian
1665,CJ
1666,Eric
1667,Kyle
1668,Ike
1669,Kyle
1670,Pedro
1671,Graeme
1672,Jared
1673,Nathan
1674,Dhyan
1675,Nick
1676,Kyle
1677,Nick
1678,Pedro
1679,Jack
1680,Pedro
1681,Ike
1682,Andrew
1683,Andrew
1684,Kevin
1685,Sabrina
1686,Renee
1687,Brian
1688,Cole
1689,Dhairye
1690,Dhairye
1691,Jack
1692,Pedro
1693,Jared
1694,Mariana
1695,Rachel
1696,Renee
1697,Dhairye
1698,Kyle
1699,Nick
1700,Cole
1701,Andrew
1702,Camren
1703,Sabrina
1704,Dhyan
1705,Ike
1706,Sabrina
1707,Jack
1708,Renee
1709,Nick
1710,Graeme
1711,Camren
1712,Jared
1713,Eric
1714,Graeme
1715,Rachel
1716,Jared
1717,Eric
1718,Cole
1719,Andrew
1720,Camren
1721,Mariana
1722,Cole
1723,Kevin
1724,Graeme
1725,Cole
1726,Dhyan
1727,Mariana
1728,CJ
1729,Kevin
1730,Jared
1731,Andrew
1732,Rachel
1733,Brian
1734,Rachel
1735,Cole
1736,Pedro
1737,Eric
1738,Cole
1739,Jared
1740,Rachel
1741,Renee
1742,Pedro
1743,Mariana
1744,Sabrina
1745,Nick
1746,Jack
1747,Pedro
1748,Brian
1749,Camren
1750,Brian
1751,Graeme
1752,Ike
1753,Kyle
1754,Ike
1755,Dhairye
1756,Mariana
1757,Mariana
1758,Nathan
1759,CJ
1760,Dhairye
1761,Sabrina
1762,Camren
1763,Graeme
1764,Ike
1765,Dhyan
1766,Camren
1767,CJ
1768,Ike
1769,Kevin
1770,Mariana
1771,Kyle
1772,Graeme
1773,Camren
1774,Kyle
1775,Renee
1776,Kevin
1777,Sabrina
1778,Eric
1779,Graeme
1780,Jack
1781,Eric
1782,Camren
1783,CJ
1784,Nathan
1785,Nick
1786,Mariana
1787,Jared
1788,Nathan
1789,Kevin
1790,Kevin
1791,Camren
1792,Dhairye
1793,Ike
1794,Dhyan
1795,Nick
1796,Ike
1797,Renee
1798,Eric
1799,CJ
1800,Pedro
1801,Jared
1802,Ike
1803,Eric
1804,Eric
1805,Dhyan
1806,Camren
1807,Rachel
1808,Kyle
1809,Kevin
1810,Dhairye
1811,Kyle
1812,Renee
1813,Jack
1814,Nick
1815,Jared
1816,Nick
1817,Kyle
1818,Renee
1819,Cole
1820,Camren
1821,Mariana
1822,Eric
1823,Dhairye
1824,Cole
1825,Jack
1826,Rachel
1827,Dhairye
1828,Ike
1829,Renee
1830,Nathan
1831,Rachel
1832,Dhairye
1833,Graeme
1834,Kyle
1835,Andrew
1836,CJ
1837,Dhairye
1838,Nathan
1839,Kyle
1840,Nathan
1841,Pedro
1842,Ike
1843,Dhairye
1844,Eric
1845,Jack
1846,Kyle
1847,Renee
1848,Nathan
1849,Eric
1850,CJ
1851,Pedro
1852,Renee
1853,Mariana
1854,Andrew
1855,Nathan
1856,Brian
1857,Camren
1858,Dhyan
1859,Kyle
1860,Kyle
1861,Jack
1862,Renee
1863,Kyle
1864,Andrew
1865,Brian
1866,Jared
1867,Jack
1868,Andrew
1869,Nick
1870,Kyle
1871,Jared
1872,Ike
1873,Camren
1874,Kyle
1875,Nick
1876,Jared
1877,Brian
1878,Kevin
1879,Jared
1880,Kevin
1881,Nathan
1882,Kevin
1883,Cole
1884,Camren
1885,Eric
1886,Eric
1887,Renee
1888,Ike
1889,Pedro
1890,Jack
1891,CJ
1892,Cole
1893,Kevin
1894,Andrew
1895,Brian
1896,Nathan
1897,Jack
1898,Graeme
1899,CJ
1900,Pedro
1901,Jared
1902,Nick
1903,Kevin
1904,Renee
1905,Nick
1906,Andrew
1907,Jack
1908,Cole
1909,Kevin
1910,Nick
1911,CJ
1912,Brian
1913,Kevin
1914,Mariana
1915,Renee
1916,Jack
1917,Cole
1918,Renee
1919,Sabrina
1920,Brian
1921,Brian
1922,Nick
1923,Graeme
1924,Jack
1925,Ike
1926,Dhairye
1927,Graeme
1928,Mariana
1929,Ike
1930,Cole
1931,Renee
1932,Dhairye
1933,Eric
1934,CJ
1935,CJ
1936,Rachel
1937,Nathan
1938,Pedro
1939,Graeme
1940,Kevin
1941,Dhairye
1942,CJ
1943,Kyle
1944,Pedro
1945,Brian
1946,Graeme
1947,Eric
1948,Camren
1949,Jared
1950,Cole
1951,Nick
1952,Graeme
1953,Jack
1954,Camren
1955,Dhairye
1956,Camren
1957,Renee
1958,Renee
1959,Kyle
1960,Andrew
1961,Nathan
1962,Jared
1963,Sabrina
1964,Rachel
1965,Sabrina
1966,Jared
1967,Kyle
1968,Jared
1969,Kevin
1970,Kyle
1971,Mariana
1972,Nick
1973,Dhyan
1974,Nathan
1975,Jack
1976,Camren
1977,Graeme
1978,Andrew
1979,Brian
1980,CJ
1981,Mariana
1982,Jack
1983,Renee
1984,Jack
1985,Dhyan
1986,Brian
1987,Nick
1988,Nick
1989,Nathan
1990,Brian
1991,Dhairye
1992,Eric
1993,Rachel
1994,Nathan
1995,Rachel
1996,Rachel
1997,Ike
1998,Graeme
1999,Camren
2000,Mariana
2001,Graeme
2002,CJ
2003,Mariana
2004,Kyle
2005,Cole
2006,Dhairye
2007,Sabrina
2008,Dhyan
2009,Graeme
2010,Ike
2011,Kyle
2012,Mariana
2013,Renee
2014,Renee
2015,Rachel
2016,Rachel
2017,Eric
2018,Nick
2019,Sabrina
2020,Nathan
2021,Cole
2022,Brian
2023,Renee
2024,Brian
2025,Kyle
2026,Dhairye
2027,Andrew
2028,Dhairye
2029,Mariana
2030,Nick
2031,Kevin
2032,Brian
2033,Kyle
2034,Renee
2035,Graeme
2036,Ike
2037,CJ
2038,Jack
2039,Pedro
2040,Brian
2041,Brian
2042,Andrew
2043,Andrew
2044,Kyle
2045,Sabrina
2046,CJ
2047,Nick
2048,Mariana
2049,Mariana
2050,Mariana
2051,Dhairye
2052,Rachel
2053,Jared
2054,Cole
2055,Dhairye
2056,Mariana
2057,Cole
2058,Ike
2059,Kyle
2060,Rachel
2061,Graeme
2062,Kyle
2063,Kyle
2064,Andrew
2065,Kevin
2066,Sabrina
2067,Rachel
2068,Rachel
2069,Nathan
2070,Sabrina
2071,Jack
2072,Nathan
2073,Andrew
2074,Andrew
2075,Graeme
2076,Graeme
2077,CJ
2078,Camren
2079,Dhairye
2080,Camren
2081,Jack
2082,Cole
2083,Cole
2084,Dhyan
2085,Andrew
2086,Nick
2087,Sabrina
2088,Kyle
2089,Rachel
2090,Nathan
2091,Cole
2092,Nick
2093,Renee
2094,Rachel
2095,Cole
2096,Sabrina
2097,Pedro
2098,Cole
2099,Cole
2100,Jack
2101,Cole
2102,Ike
2103,Camren
2104,Kevin
2105,Camren
2106,Kyle
2107,Dhairye
2108,Eric
2109,Dhyan
2110,Pedro
2111,Eric
2112,Kyle
2113,Nick
2114,Andrew
2115,Graeme
2116,Renee
2117,Camren
2118,Renee
2119,CJ
2120,Dhyan
2121,Camren
2122,Kevin
2123,Kevin
2124,Pedro
2125,Sabrina
2126,Kevin
2127,CJ
2128,Kevin
2129,Jack
2130,Jared
2131,Jared
2132,Kyle
2133,Andrew
2134,Cole
2135,Renee
2136,Nathan
2137,Nick
2138,Nathan
2139,Brian
2140,Brian
2141,Camren
2142,Pedro
2143,Eric
2144,Jack
2145,Brian
2146,Eric
2147,Graeme
2148,Jack
2149,Nathan
2150,Brian
2151,Mariana
2152,Jack
2153,Ike
2154,Dhairye
2155,Ike
2156,Camren
2157,Pedro
2158,Eric
2159,Rachel
2160,Brian
2161,Kevin
2162,Graeme
2163,Nick
2164,Dhairye
2165,Cole
2166,Graeme
2167,Jack
2168,Brian
2169,Ike
2170,Andrew
2171,Kyle
2172,CJ
2173,Dhairye
2174,Graeme
2175,Brian
2176,Nick
2177,Camren
2178,Kevin
2179,Mariana
2180,CJ
2181,Jack
2182,Nathan
2183,Graeme
2184,Camren
2185,Graeme
2186,Graeme
2187,Kyle
2188,Jack
2189,Kevin
2190,Kevin
2191,Ike
2192,Nathan
2193,Cole
2194,Rachel
2195,Ike
2196,Mariana
2197,Kyle
2198,Nathan
2199,Cole
2200,CJ
2201,Graeme
2202,Andrew
2203,Andrew
2204,Nick
2205,Eric
2206,Rachel
2207,Jared
2208,Nathan
2209,Dhairye
2210,Graeme
2211,Andrew
2212,Eric
2213,Rachel
2214,CJ
2215,Dhyan
2216,Nick
2217,Kevin
2218,Ike
2219,Eric
2220,Andrew
2221,Mariana
2222,Jared
2223,Mariana
2224,CJ
2225,Dhairye
2226,Graeme
2227,Brian
2228,Cole
2229,CJ
2230,Sabrina
2231,Nathan
2232,Kevin
2233,Jared
2234,Kyle
2235,CJ
2236,Jack
2237,Cole
2238,Kyle
2239,Jack
2240,Brian
2241,Kevin
2242,Mariana
2243,Kevin
2244,CJ
2245,Nick
2246,Dhyan
2247,Jack
2248,Brian
2249,Nathan
2250,Kyle
2251,Jared
2252,Graeme
2253,Jared
2254,Rachel
2255,Nathan
2256,Jared
2257,Jack
2258,Jared
2259,Dhyan
2260,Jack
2261,Cole
2262,Nick
2263,Camren
2264,Renee
2265,Rachel
2266,Renee
2267,Nick
2268,Ike
2269,Nick
2270,Graeme
2271,Rachel
2272,Dhairye
2273,Kevin
2274,Ike
2275,Andrew
2276,Nick
2277,Cole
2278,Nathan
2279,Brian
2280,Cole
2281,CJ
2282,Andrew
2283,Sabrina
2284,Kevin
2285,Sabrina
2286,CJ
2287,Mariana
2288,Pedro
2289,Ike
2290,Mariana
2291,Jack
2292,Dhairye
2293,Dhairye
2294,Nick
2295,Cole
2296,Cole
2297,Kyle
2298,Dhyan
2299,Nathan
2300,Mariana
2301,Pedro
2302,Dhyan
2303,CJ
2304,Dhairye
2305,Dhyan
2306,CJ
2307,Nathan
2308,Brian
2309,Kevin
2310,Jared
2311,Mariana
2312,Dhairye
2313,Kyle
2314,Kevin
2315,Ike
2316,Kevin
2317,Cole
2318,Mariana
2319,Graeme
2320,CJ
2321,Rachel
2322,Kevin
2323,Andrew
2324,Jared
2325,Nick
2326,Ike
2327,Kevin
2328,Rachel
2329,Mariana
2330,Dhyan
2331,Rachel
2332,Ike
2333,Cole
2334,Dhyan
2335,Sabrina
2336,Jared
2337,Graeme
2338,Andrew
2339,Dhyan
2340,Nick
2341,Graeme
2342,Sabrina
2343,Brian
2344,Nick
2345,Eric
2346,Mariana
2347,Nathan
2348,Renee
2349,CJ
2350,Brian
2351,Jack
2352,Camren
2353,CJ
2354,Jared
2355,Kyle
2356,Ike
2357,Nick
2358,Pedro
2359,Ike
2360,Brian
2361,Jared
2362,Mariana
2363,Jared
2364,Brian
2365,Sabrina
2366,Dhairye
2367,Dhairye
2368,CJ
2369,CJ
2370,Kevin
2371,Andrew
2372,Pedro
2373,Jack
2374,Camren
2375,Renee
2376,Nick
2377,Jack
2378,Kyle
2379,Dhyan
2380,CJ
2381,Kyle
2382,Kyle
2383,Jared
2384,Eric
2385,Graeme
2386,Jack
2387,Dhairye
2388,Kyle
2389,Nathan
2390,Rachel
2391,Jared
2392,Jack
2393,Kyle
2394,Kevin
2395,Dhairye
2396,Jared
2397,Renee
2398,Ike
2399,Mariana
2400,Renee
2401,Dhairye
2402,Pedro
2403,Jared
2404,Kevin
2405,Jared
2406,Nick
2407,Rachel
2408,Ike
2409,Rachel
2410,CJ
2411,Jack
2412,Eric
2413,CJ
2414,Cole
2415,Rachel
2416,Graeme
2417,Pedro
2418,Jared
2419,Eric
2420,Rachel
2421,Pedro
2422,Kevin
2423,Dhairye
2424,Andrew
2425,Andrew
2426,Graeme
2427,Pedro
2428,CJ
2429,Nathan
2430,Andrew
2431,Mariana
2432,Brian
2433,Graeme
2434,CJ
2435,CJ
2436,Kyle
2437,Ike
2438,Cole
2439,Cole
2440,Jared
2441,Nick
2442,Ike
2443,CJ
2444,Camren
2445,Camren
2446,Renee
2447,Renee
2448,Brian
2449,Brian
2450,Eric
2451,Jared
2452,Dhyan
2453,Cole
2454,Nathan
2455,Kevin
2456,Andrew
2457,Sabrina
2458,Eric
2459,Ike
2460,Rachel
2461,Andrew
2462,Nathan
2463,Cole
2464,Mariana
2465,Cole
2466,Nathan
2467,Mariana
2468,Nick
2469,Sabrina
2470,Sabrina
2471,CJ
2472,Nick
2473,Ike
2474,Sabrina
2475,Pedro
2476,Dhairye
2477,Dhyan
2478,Cole
2479,Graeme
2480,Mariana
2481,Pedro
2482,Rachel
2483,Nick
2484,Brian
2485,Jack
2486,Kyle
2487,Camren
2488,Nick
2489,Renee
2490,Ike
2491,Renee
2492,Mariana
2493,Andrew
2494,Brian
2495,Andrew
2496,Dhairye
2497,Brian
2498,Dhairye
2499,Sabrina
2500,CJ
2501,Brian
2502,Rachel
2503,Jack
2504,Nathan
2505,Sabrina
2506,Jack
2507,Jack
2508,Nick
2509,Renee
2510,Camren
2511,Eric
2512,Eric
2513,Camren
2514,Renee
2515,CJ
2516,Camren
2517,Graeme
2518,Renee
2519,Renee
2520,Kevin
2521,CJ
2522,Camren
2523,Jack
2524,Mariana
2525,Renee
2526,Camren
2527,Pedro
2528,Mariana
2529,Brian
2530,Ike
2531,Cole
2532,CJ
2533,Kevin
2534,Jared
2535,Jack
2536,Eric
2537,Kevin
2538,Jared
2539,Camren
2540,Graeme
2541,Eric
2542,Eric
2543,CJ
2544,Ike
2545,Ike
2546,Kevin
2547,Ike
2548,CJ
2549,Rachel
2550,Kyle
2551,Dhyan
2552,Sabrina
2553,Mariana
2554,CJ
2555,Brian
2556,Dhairye
2557,Cole
2558,Sabrina
2559,Dhairye
2560,Rachel
2561,Nathan
2562,Rachel
2563,Eric
2564,Brian
2565,Nick
2566,Jared
2567,Eric
2568,Jack
2569,Brian
2570,Brian
2571,Eric
2572,Dhairye
2573,Nathan
2574,Rachel
2575,Sabrina
2576,Ike
2577,Kevin
2578,Nathan
2579,Camren
2580,Jared
2581,Nick
2582,Rachel
2583,Renee
2584,CJ
2585,Andrew
2586,Andrew
2587,Kevin
2588,CJ
2589,Dhyan
2590,Graeme
2591,Brian
2592,Nick
2593,Renee
2594,Cole
2595,Graeme
2596,Nick
2597,Jack
2598,Andrew
2599,CJ
2600,Jack
2601,Camren
2602,Nick
2603,Jack
2604,Pedro
2605,Cole
2606,Jack
2607,Nick
2608,Mariana
2609,Camren
2610,Camren
2611,Rachel
2612,Eric
2613,Brian
2614,Jared
2615,Jared
2616,Brian
2617,Kevin
2618,Rachel
2619,CJ
2620,Brian
2621,Dhyan
2622,Rachel
2623,Pedro
2624,Nick
2625,Dhairye
2626,Nick
2627,Andrew
2628,Nathan
2629,Eric
2630,Graeme
2631,Brian
2632,Nathan
2633,Nick
2634,Dhairye
2635,Pedro
2636,Jared
2637,Andrew
2638,Brian
2639,Jared
2640,Kevin
2641,Mariana
2642,Sabrina
2643,Nick
2644,Eric
2645,Dhyan
2646,Camren
2647,Kevin
2648,Kyle
2649,Jared
2650,Nathan
2651,Brian
2652,Mariana
2653,Camren
2654,Andrew
2655,Andrew
2656,Renee
2657,Mariana
2658,Dhyan
2659,Pedro
2660,Camren
2661,Graeme
2662,Nathan
2663,Sabrina
2664,Andrew
2665,Camren
2666,Mariana
2667,Kyle
2668,Nathan
2669,Brian
2670,Kevin
2671,Kyle
2672,Andrew
2673,Mariana
2674,Sabrina
2675,Nathan
2676,Cole
2677,Nathan
2678,Brian
2679,CJ
2680,Jared
2681,Jared
2682,Eric
2683,Jack
2684,Dhairye
2685,Camren
2686,Nick
2687,Kevin
2688,Nathan
2689,Cole
2690,Nathan
2691,Cole
2692,Pedro
2693,Rachel
2694,Nathan
2695,Cole
2696,Brian
2697,Camren
2698,Andrew
2699,Brian
2700,Kyle
2701,Nathan
2702,Kevin
2703,Pedro
2704,CJ
2705,Jared
2706,Dhyan
2707,Renee
2708,Dhyan
2709,Nathan
2710,Sabrina
2711,Brian
2712,Jack
2713,Dhairye
2714,Dhairye
2715,Camren
2716,Cole
2717,Renee
2718,Pedro
2719,Kevin
2720,Sabrina
2721,Dhyan
2722,Cole
2723,Jared
2724,Renee
2725,Kyle
2726,Ike
2727,Renee
2728,Kyle
2729,Andrew
2730,Kyle
2731,Nathan
2732,Renee
2733,Jared
2734,Cole
2735,Jared
2736,Dhairye
2737,Andrew
2738,Renee
2739,CJ
2740,Renee
2741,Pedro
2742,Eric
2743,Rachel
2744,Sabrina
2745,Rachel
2746,Andrew
2747,Andrew
2748,Dhairye
2749,Nick
2750,Renee
2751,CJ
2752,Nathan
2753,Sabrina
2754,Rachel
2755,Dhairye
2756,Ike
2757,Brian
2758,Eric
2759,Graeme
2760,Brian
2761,Pedro
2762,Mariana
2763,Jared
2764,Pedro
2765,Jared
2766,Pedro
2767,Brian
2768,Dhairye
2769,Andrew
2770,Nathan
2771,CJ
2772,Dhyan
2773,Cole
2774,Kevin
2775,Jared
2776,Kevin
2777,Renee
2778,Dhairye
2779,Cole
2780,Cole
2781,Brian
2782,Kyle
2783,Dhyan
2784,CJ
2785,Eric
2786,Kevin
2787,Kevin
2788,CJ
2789,Sabrina
2790,Ike
2791,Kyle
2792,Jared
2793,Sabrina
2794,Kyle
2795,Ike
2796,Dhyan
2797,Mariana
2798,Graeme
2799,Graeme
2800,Camren
2801,Sabrina
2802,Renee
2803,Camren
2804,Jared
2805,Cole
2806,Camren
2807,Brian
2808,Graeme
2809,Jack
2810,Jared
2811,Dhairye
2812,Andrew
2813,Nick
2814,Eric
2815,Kevin
2816,Dhairye
2817,Nick
2818,Nick
2819,Jared
2820,Renee
2821,Nathan
2822,Jared
2823,Andrew
2824,Graeme
2825,Dhyan
2826,Ike
2827,Eric
2828,Mariana
2829,Cole
2830,Pedro
2831,Renee
2832,Sabrina
2833,Rachel
2834,Camren
2835,Jack
2836,Nathan
2837,Dhyan
2838,Andrew
2839,Dhairye
2840,Sabrina
2841,Sabrina
2842,Sabrina
2843,Nick
2844,Nick
2845,Dhyan
2846,Brian
2847,Kevin
2848,Mariana
2849,Nathan
2850,Andrew
2851,Nick
2852,Camren
2853,Jack
2854,Pedro
2855,Dhairye
2856,Eric
2857,Mariana
2858,Rachel
2859,Cole
2860,Kyle
2861,Dhyan
2862,Renee
2863,Jack
2864,Nick
2865,Renee
2866,Kyle
2867,Dhyan
2868,Cole
2869,Graeme
2870,Kevin
2871,Graeme
2872,Kyle
2873,Nathan
2874,Pedro
2875,Brian
2876,Kyle
2877,Eric
2878,Eric
2879,Mariana
2880,Sabrina
2881,Pedro
2882,Jack
2883,Renee
2884,Jack
2885,Jared
2886,Pedro
2887,Nick
2888,Dhyan
2889,CJ
2890,Andrew
2891,Dhairye
2892,Jack
2893,Nick
2894,Camren
2895,Kyle
2896,Pedro
2897,Kyle
2898,Nick
2899,Dhyan
2900,Kyle
2901,Sabrina
2902,Camren
2903,Sabrina
2904,Andrew
2905,Jack
2906,Nathan
2907,Mariana
2908,Nathan
2909,Brian
2910,Kevin
2911,CJ
2912,Ike
2913,CJ
2914,Jared
2915,Dhairye
2916,Kevin
2917,Sabrina
2918,Nathan
2919,Nathan
2920,Andrew
2921,Ike
2922,Dhyan
2923,Jared
2924,Ike
2925,Dhairye
2926,Brian
2927,Pedro
2928,CJ
2929,Brian
2930,Jack
2931,Brian
2932,Kyle
2933,Sabrina
2934,Dhyan
2935,Pedro
2936,Nick
2937,Camren
2938,Nick
2939,Jared
2940,Jack
2941,Nathan
2942,Graeme
2943,Nathan
2944,Brian
2945,Mariana
2946,Mariana
2947,Dhairye
2948,Graeme
2949,Rachel
2950,Graeme
2951,Pedro
2952,Rachel
2953,Jack
2954,Graeme
2955,Mariana
2956,CJ
2957,Jared
2958,Brian
2959,Jared
2960,Sabrina
2961,Ike
2962,Rachel
2963,Jared
2964,Cole
2965,Andrew
2966,Renee
2967,Dhairye
2968,Jared
2969,Kyle
2970,Ike
2971,Cole
2972,Andrew
2973,Camren
2974,Jared
2975,Pedro
2976,Jack
2977,Cole
2978,Mariana
2979,Jack
2980,Kevin
2981,Cole
2982,Dhairye
2983,Brian
2984,Nick
2985,Dhyan
2986,Brian
2987,Dhyan
2988,Graeme
2989,Jack
2990,Kevin
2991,Camren
2992,Kevin
2993,Brian
2994,Pedro
2995,Kevin
2996,Ike
2997,Nathan
2998,Mariana
2999,Camren
3000,Graeme
3001,Sabrina
3002,Jack
3003,Camren
3004,Eric
3005,CJ
3006,CJ
3007,Jack
3008,Nick
3009,Renee
3010,Brian
3011,Brian
3012,Eric
3013,Kyle
3014,Jared
3015,Andrew
3016,Sabrina
3017,Ike
3018,Ike
3019,Dhairye
3020,Ike
3021,Cole
3022,Rachel
3023,Sabrina
3024,Pedro
3025,Brian
3026,Eric
3027,Andrew
3028,Renee
3029,Kyle
3030,Jared
3031,Pedro
3032,Sabrina
3033,Nathan
3034,Cole
3035,Andrew
3036,Mariana
3037,CJ
3038,Ike
3039,Sabrina
3040,Nathan
3041,Graeme
3042,Graeme
3043,Dhyan
3044,Graeme
3045,Kyle
3046,Renee
3047,Renee
3048,Pedro
3049,Brian
3050,Nick
3051,Jared
3052,Sabrina
3053,Brian
3054,Kevin
3055,Dhyan
3056,Sabrina
3057,CJ
3058,Camren
3059,Pedro
3060,Jack
3061,Eric
3062,Eric
3063,Kyle
3064,Camren
3065,Jared
3066,Pedro
3067,Cole
3068,Dhyan
3069,Dhairye
3070,Pedro
3071,Dhairye
3072,Brian
3073,Sabrina
3074,Jared
3075,Rachel
3076,Mariana
3077,Kyle
3078,Andrew
3079,Jack
3080,CJ
3081,Brian
3082,Renee
3083,Rachel
3084,Rachel
3085,Kevin
3086,Nick
3087,Kevin
3088,Mariana
3089,Camren
3090,Pedro
3091,Graeme
3092,Kyle
3093,Kyle
3094,Cole
3095,Renee
3096,Ike
3097,Pedro
3098,Dhyan
3099,Nick
3100,Dhyan
3101,Dhairye
3102,Eric
3103,Andrew
3104,Jared
3105,Nick
3106,Nathan
3107,Mariana
3108,Kyle
3109,Pedro
3110,Nathan
3111,Mariana
3112,Renee
3113,Nick
3114,Nathan
3115,Kevin
3116,Dhyan
3117,Mariana
3118,Ike
3119,Sabrina
3120,Graeme
3121,Camren
3122,Jack
3123,Dhairye
3124,Pedro
3125,Dhairye
3126,Camren
3127,Sabrina
3128,Pedro
3129,Eric
3130,Cole
3131,Renee
3132,Sabrina
3133,Dhairye
3134,Nick
3135,Dhyan
3136,Ike
3137,Jared
3138,Camren
3139,Andrew
3140,Dhairye
3141,Dhyan
3142,Renee
3143,Mariana
3144,Brian
3145,Kyle
3146,Renee
3147,Nathan
3148,Rachel
3149,Nick
3150,Dhyan
3151,Jack
3152,Andrew
3153,Graeme
3154,Graeme
3155,Rachel
3156,Jared
3157,Jared
3158,Renee
3159,Eric
3160,Kevin
3161,CJ
3162,Rachel
3163,Renee
3164,Eric
3165,Kevin
3166,Eric
3167,Andrew
3168,Nathan
3169,Dhairye
3170,Jared
3171,Nick
3172,Andrew
3173,Brian
3174,Pedro
3175,Ike
3176,Kyle
3177,Cole
3178,Mariana
3179,Graeme
3180,Rachel
3181,Pedro
3182,Mariana
3183,Ike
3184,Brian
3185,Nick
3186,CJ
3187,Dhairye
3188,Graeme
3189,Cole
3190,Andrew
3191,Pedro
3192,Jack
3193,Kyle
3194,Rachel
3195,Ike
3196,Cole
3197,Dhairye
3198,Nathan
3199,Nick
3200,Jack
3201,Renee
3202,Eric
3203,Dhyan
3204,Jack
3205,Dhyan
3206,Kyle
3207,Cole
3208,Pedro
3209,Nathan
3210,Renee
3211,Dhyan
3212,Mariana
3213,Dhairye
3214,Mariana
3215,Dhyan
3216,Kevin
3217,Cole
3218,Mariana
3219,Cole
3220,Mariana
3221,Rachel
3222,Kyle
3223,Andrew
3224,Graeme
3225,Andrew
3226,Kyle
3227,Dhyan
3228,Camren
3229,Jack
3230,CJ
3231,Brian
3232,Ike
3233,Renee
3234,Jack
3235,Cole
3236,Jared
3237,Jared
3238,Nick
3239,CJ
3240,Andrew
3241,Camren
3242,Dhyan
3243,Nathan
3244,Sabrina
3245,Sabrina
3246,Ike
3247,Rachel
3248,Pedro
3249,Andrew
3250,Dhairye
3251,Mariana
3252,Dhairye
3253,Mariana
3254,Dhairye
3255,Rachel
3256,Jared
3257,CJ
3258,Kevin
3259,Sabrina
3260,Kyle
3261,Ike
3262,Camren
3263,Sabrina
3264,Ike
3265,Camren
3266,Jared
3267,Nathan
3268,Jared
3269,Sabrina
3270,Dhyan
3271,Jack
3272,Graeme
3273,Rachel
3274,Jared
3275,Jared
3276,Renee
3277,Cole
3278,Kyle
3279,Cole
3280,Cole
3281,Andrew
3282,Camren
3283,Nick
3284,Ike
3285,Dhyan
3286,CJ
3287,Jared
3288,Camren
3289,Mariana
3290,Kevin
3291,Graeme
3292,Kyle
3293,Kyle
3294,Eric
3295,Renee
3296,Jared
3297,Dhyan
3298,Sabrina
3299,Sabrina
3300,Renee
3301,Sabrina
3302,Jack
3303,Andrew
3304,Rachel
3305,Nick
3306,Kyle
3307,CJ
3308,Kyle
3309,Pedro
3310,Graeme
3311,Nick
3312,Rachel
3313,Jack
3314,Andrew
3315,Andrew
3316,Dhyan
3317,Jared
3318,Nathan
3319,Cole
3320,Brian
3321,Dhyan
3322,Andrew
3323,Ike
3324,Dhyan
3325,Renee
3326,Pedro
3327,Pedro
3328,Rachel
3329,Nathan
3330,Kyle
3331,Kevin
3332,Renee
3333,Andrew
3334,Andrew
3335,Eric
3336,Dhyan
3337,Renee
3338,Pedro
3339,Cole
3340,CJ
3341,Eric
3342,Eric
3343,Sabrina
3344,Kevin
3345,Dhyan
3346,Brian
3347,Kevin
3348,Kyle
3349,Nathan
3350,Brian
3351,Graeme
3352,Camren
3353,Cole
3354,Eric
3355,Rachel
3356,Dhairye
3357,Kyle
3358,Mariana
3359,Dhyan
3360,Mariana
3361,Camren
3362,Nathan
3363,CJ
3364,Kevin
3365,Renee
3366,Mariana
3367,Camren
3368,Nathan
3369,Kyle
3370,Andrew
3371,CJ
3372,Graeme
3373,Graeme
3374,Jared
3375,Eric
3376,Ike
3377,Kevin
3378,Cole
3379,Rachel
3380,Dhairye
3381,Sabrina
3382,Brian
3383,Jack
3384,Dhyan
3385,Camren
3386,Pedro
3387,Dhairye
3388,Eric
3389,Nathan
3390,Renee
3391,Graeme
3392,Dhyan
3393,Dhyan
3394,Ike
3395,CJ
3396,Graeme
3397,Graeme
3398,Pedro
3399,Ike
3400,Cole
3401,Dhairye
3402,Kyle
3403,Renee
3404,Cole
3405,Eric
3406,Cole
3407,CJ
3408,Dhyan
3409,Sabrina
3410,Cole
3411,Graeme
3412,Camren
3413,Dhyan
3414,Sabrina
3415,Mariana
3416,Renee
3417,Eric
3418,Ike
3419,Cole
3420,Dhyan
3421,Eric
3422,Kevin
3423,Renee
3424,Ike
3425,Brian
3426,Jared
3427,Eric
3428,Eric
3429,Jack
3430,Dhairye
3431,Brian
3432,Andrew
3433,Dhyan
3434,Mariana
3435,Dhyan
3436,Pedro
3437,Mariana
3438,Kyle
3439,Rachel
3440,Mariana
3441,Jack
3442,Renee
3443,Andrew
3444,Kevin
3445,Ike
3446,Rachel
3447,CJ
3448,Mariana
3449,Eric
3450,Cole
3451,Camren
3452,CJ
3453,Mariana
3454,Renee
3455,Mariana
3456,Andrew
3457,Nathan
3458,Andrew
3459,CJ
3460,Cole
3461,Renee
3462,Kyle
3463,Pedro
3464,Nick
3465,Ike
3466,Kyle
3467,Kevin
3468,Kyle
3469,Camren
3470,Nathan
3471,Kevin
3472,Brian
3473,Kevin
3474,Mariana
3475,Nathan
3476,Brian
3477,Andrew
3478,Kyle
3479,Sabrina
3480,Ike
3481,Renee
3482,Graeme
3483,Ike
3484,Brian
3485,Jack
3486,Cole
3487,Jack
3488,Renee
3489,Sabrina
3490,Ike
3491,Pedro
3492,Pedro
3493,Nathan
3494,Jack
3495,Nick
3496,Brian
3497,Kyle
3498,Dhairye
3499,Mariana
3500,Nathan
3501,Andrew
3502,Renee
3503,Renee
3504,Cole
3505,Kyle
3506,Renee
3507,Graeme
3508,Nick
3509,Eric
3510,Dhairye
3511,Pedro
3512,Kevin
3513,Kyle
3514,Jack
3515,Kyle
3516,Renee
3517,Brian
3518,Dhairye
3519,Renee
3520,Eric
3521,Nathan
3522,Ike
3523,Renee
3524,Graeme
3525,Eric
3526,Renee
3527,Mariana
3528,Nick
3529,Dhairye
3530,Ike
3531,Camren
3532,Jack
3533,Renee
3534,Dhairye
3535,Jack
3536,Dhyan
3537,Kevin
3538,CJ
3539,Nathan
3540,Pedro
3541,Sabrina
3542,Rachel
3543,Dhyan
3544,Mariana
3545,Andrew
3546,Jared
3547,Renee
3548,Cole
3549,Nathan
3550,Mariana
3551,Andrew
3552,Dhyan
3553,Renee
3554,Andrew
3555,Eric
3556,Nathan
3557,Ike
3558,Kyle
3559,Cole
3560,Brian
3561,Dhyan
3562,Nathan
3563,Mariana
3564,Camren
3565,Jack
3566,Jared
3567,Ike
3568,Kevin
3569,Kevin
3570,Pedro
3571,Mariana
3572,Dhyan
3573,Sabrina
3574,Dhairye
3575,Renee
3576,Mariana
3577,Dhairye
3578,Nathan
3579,Mariana
3580,Eric
3581,Ike
3582,Renee
3583,Renee
3584,Pedro
3585,Jack
3586,Dhyan
3587,Camren
3588,Brian
3589,Graeme
3590,Nick
3591,Rachel
3592,Ike
3593,Andrew
3594,Eric
3595,Camren
3596,Ike
3597,Mariana
3598,Pedro
3599,Ike
3600,Dhyan
3601,Andrew
3602,Jared
3603,Camren
3604,Kevin
3605,Sabrina
3606,Mariana
3607,Ike
3608,Kyle
3609,Dhairye
3610,Nathan
3611,Pedro
3612,Graeme
3613,Ike
3614,Jared
3615,Sabrina
3616,Mariana
3617,Jack
3618,Rachel
3619,Nathan
3620,Jared
3621,Mariana
3622,Ike
3623,Nick
3624,Pedro
3625,Sabrina
3626,Dhyan
3627,Nathan
3628,Sabrina
3629,Brian
3630,Nick
3631,Mariana
3632,Nathan
3633,Kyle
3634,Brian
3635,Kevin
3636,Sabrina
3637,Renee
3638,Ike
3639,Rachel
3640,Graeme
3641,Pedro
3642,Dhairye
3643,Jack
3644,Jack
3645,Nathan
3646,Brian
3647,Andrew
3648,Cole
3649,CJ
3650,Kyle
3651,Dhairye
3652,Ike
3653,Kevin
3654,Mariana
3655,Nick
3656,Andrew
3657,Dhairye
3658,Cole
3659,Jack
3660,Kyle
3661,Nathan
3662,CJ
3663,Sabrina
3664,Andrew
3665,Jared
3666,Jack
3667,Kevin
3668,Jared
3669,Sabrina
3670,Kyle
3671,Dhairye
3672,Brian
3673,Camren
3674,Cole
3675,Kevin
3676,Dhairye
3677,Andrew
3678,Dhyan
3679,Kevin
3680,Graeme
3681,Pedro
3682,Andrew
3683,Graeme
3684,Dhairye
3685,Jack
3686,Jared
3687,Rachel
3688,Ike
3689,Jared
3690,Jack
3691,Graeme
3692,Sabrina
3693,Mariana
3694,Andrew
3695,Ike
3696,Camren
3697,Eric
3698,Eric
3699,Brian
3700,Jared
3701,Graeme
3702,Dhyan
3703,Brian
3704,Mariana
3705,Nathan
3706,Andrew
3707,Pedro
3708,Brian
3709,Pedro
3710,CJ
3711,Eric
3712,Cole
3713,Graeme
3714,Graeme
3715,Kyle
3716,Jack
3717,Nathan
3718,Sabrina
3719,Rachel
3720,Sabrina
3721,Rachel
3722,Mariana
3723,Graeme
3724,Brian
3725,Nick
3726,Brian
3727,Eric
3728,Renee
3729,Eric
3730,Jack
3731,Camren
3732,Dhairye
3733,Renee
3734,Nick
3735,Mariana
3736,Jack
3737,Renee
3738,Dhairye
3739,Nathan
3740,Pedro
3741,Cole
3742,Graeme
3743,Renee
3744,Ike
3745,Graeme
3746,Nick
3747,Sabrina
3748,Jared
3749,Graeme
3750,Jack
3751,Andrew
3752,Dhyan
3753,Pedro
3754,Sabrina
3755,Andrew
3756,Kyle
3757,Mariana
3758,Sabrina
3759,Dhyan
3760,Dhyan
3761,Dhairye
3762,Kyle
3763,Kyle
3764,Nathan
3765,Renee
3766,Nick
3767,Pedro
3768,Cole
3769,Cole
3770,Dhyan
3771,Camren
3772,Camren
3773,Eric
3774,Cole
3775,Graeme
3776,Eric
3777,Camren
3778,Sabrina
3779,Cole
3780,Sabrina
3781,Andrew
3782,Sabrina
3783,Nathan
3784,Camren
3785,Andrew
3786,Nathan
3787,Nathan
3788,Jack
3789,Sabrina
3790,Jack
3791,Cole
3792,Dhyan
3793,Graeme
3794,CJ
3795,Eric
3796,Dhairye
3797,Brian
3798,Kyle
3799,Andrew
3800,Ike
3801,Nick
3802,Eric
3803,Ike
3804,Kevin
3805,Jared
3806,Kevin
3807,Rachel
3808,Nathan
3809,Dhyan
3810,Pedro
3811,Andrew
3812,Brian
3813,Pedro
3814,Dhairye
3815,Rachel
3816,Camren
3817,Jared
3818,Cole
3819,Andrew
3820,Mariana
3821,Dhairye
3822,Eric
3823,Graeme
3824,Renee
3825,Nick
3826,Kyle
3827,Dhyan
3828,Renee
3829,Kyle
3830,Rachel
3831,Andrew
3832,Brian
3833,Dhairye
3834,Nick
3835,Jack
3836,Nathan
3837,Eric
3838,Kyle
3839,Camren
3840,Eric
3841,Cole
3842,Brian
3843,Cole
3844,Renee
3845,Kevin
3846,Ike
3847,Sabrina
3848,Rachel
3849,CJ
3850,Mariana
3851,Brian
3852,Renee
3853,Pedro
3854,Jared
3855,Renee
3856,Andrew
3857,Rachel
3858,Cole
3859,Nathan
3860,Eric
3861,Sabrina
3862,Sabrina
3863,Dhyan
3864,Nick
3865,Nathan
3866,Andrew
3867,Nick
3868,CJ
3869,Graeme
3870,Andrew
3871,Nick
3872,Eric
3873,Rachel
3874,Eric
3875,Pedro
3876,Cole
3877,Nick
3878,Kyle
3879,Nathan
3880,Brian
3881,CJ
3882,Eric
3883,Jared
3884,Brian
3885,Pedro
3886,Eric
3887,Dhairye
3888,Rachel
3889,Ike
3890,Kevin
3891,Sabrina
3892,Jared
3893,Renee
3894,Jared
3895,Pedro
3896,Nick
3897,Pedro
3898,Dhyan
3899,Kevin
3900,Cole
3901,Eric
3902,Andrew
3903,Pedro
3904,Renee
3905,Pedro
3906,Rachel
3907,Nick
3908,CJ
3909,Brian
3910,Renee
3911,CJ
3912,Dhyan
3913,Mariana
3914,Sabrina
3915,Dhairye
3916,Dhyan
3917,Pedro
3918,Ike
3919,CJ
3920,Sabrina
3921,Ike
3922,Jack
3923,Nick
3924,Rachel
3925,Renee
3926,Nick
3927,Mariana
3928,Kyle
3929,Andrew
3930,Dhyan
3931,Rachel
3932,Sabrina
3933,Brian
3934,Camren
3935,Rachel
3936,Nick
3937,Graeme
3938,Ike
3939,Ike
3940,CJ
3941,Camren
3942,Pedro
3943,CJ
3944,Cole
3945,Kyle
3946,Pedro
3947,Dhairye
3948,Nathan
3949,Dhairye
3950,Mariana
3951,Kyle
3952,Kyle
3953,CJ
3954,Nathan
3955,Sabrina
3956,Ike
3957,CJ
3958,Kyle
3959,Andrew
3960,Jared
3961,Nathan
3962,Rachel
3963,Renee
3964,Mariana
3965,Sabrina
3966,Kyle
3967,Jack
3968,Nick
3969,Renee
3970,Kyle
3971,Jack
3972,Renee
3973,Andrew
3974,Jared
3975,Brian
3976,Jack
3977,Nathan
3978,Jack
3979,Graeme
3980,Nick
3981,Andrew
3982,Kevin
3983,Kyle
3984,Camren
3985,Eric
3986,Rachel
3987,Brian
3988,Kyle
3989,Cole
3990,Brian
3991,Renee
3992,Jack
3993,Dhyan
3994,Renee
3995,Cole
3996,Rachel
3997,Eric
3998,Nick
3999,Sabrina
4000,Dhyan
4001,Rachel
4002,Dhairye
4003,Mariana
4004,Renee
4005,Graeme
4006,Nick
4007,Ike
4008,Eric
4009,Kyle
4010,Pedro
4011,Brian
4012,Camren
4013,Ike
4014,Ike
4015,Renee
4016,Jack
4017,Renee
4018,Andrew
4019,Kevin
4020,Camren
4021,Camren
4022,Camren
4023,Kevin
4024,Graeme
4025,Jack
4026,Dhyan
4027,Brian
4028,Andrew
4029,Brian
4030,Jack
4031,Mariana
4032,Dhairye
4033,Jared
4034,Jared
4035,Renee
4036,Cole
4037,Nick
4038,Dhyan
4039,Pedro
4040,Andrew
4041,Dhyan
4042,Eric
4043,Jack
4044,Kevin
4045,Kevin
4046,Dhyan
4047,Cole
4048,Dhairye
4049,Jared
4050,Rachel
4051,Eric
4052,Rachel
4053,Camren
4054,Jared
4055,Jack
4056,Camren
4057,Cole
4058,Jack
4059,Kyle
4060,Sabrina
4061,CJ
4062,Rachel
4063,Camren
4064,Graeme
4065,Jack
4066,Dhairye
4067,Kevin
4068,Dhyan
4069,Brian
4070,Nick
4071,Kyle
4072,Cole
4073,Cole
4074,Graeme
4075,Kevin
4076,Jack
4077,Rachel
4078,Cole
4079,Pedro
4080,Jack
4081,Renee
4082,Jack
4083,Ike
4084,Kyle
4085,Jack
4086,Nathan
4087,Sabrina
4088,Renee
4089,Sabrina
4090,Dhyan
4091,Camren
4092,Cole
4093,Pedro
4094,Pedro
4095,Dhyan
4096,Dhairye
4097,Brian
4098,Mariana
4099,Eric
4100,Rachel
4101,Jack
4102,Nathan
4103,Ike
4104,Nick
4105,Graeme
4106,Jack
4107,Cole
4108,Dhairye
4109,Sabrina
4110,Eric
4111,Nick
4112,Rachel
4113,Kyle
4114,Cole
4115,CJ
4116,Kyle
4117,Mariana
4118,Brian
4119,Kyle
4120,Jared
4121,Kevin
4122,Eric
4123,Brian
4124,Jared
4125,Mariana
4126,Jack
4127,Camren
4128,Eric
4129,Renee
4130,Mariana
4131,Nick
4132,Ike
4133,CJ
4134,Eric
4135,Rachel
4136,CJ
4137,Kyle
4138,Brian
4139,CJ
4140,Cole
4141,Pedro
4142,Mariana
4143,Kevin
4144,Nathan
4145,Dhairye
4146,Mariana
4147,Kevin
4148,Nick
4149,Dhairye
4150,Kyle
4151,Cole
4152,Nathan
4153,Sabrina
4154,Jared
4155,Ike
4156,Sabrina
4157,Andrew
4158,Dhairye
4159,Dhairye
4160,Cole
4161,Brian
4162,Dhyan
4163,Graeme
4164,Brian
4165,Pedro
4166,Kevin
4167,Jack
4168,Nathan
4169,Dhairye
4170,Eric
4171,Eric
4172,Brian
4173,Jared
4174,Camren
4175,Dhairye
4176,Cole
4177,Mariana
4178,Dhairye
4179,Andrew
4180,Andrew
4181,Renee
4182,Camren
4183,Rachel
4184,Nathan
4185,Pedro
4186,Jared
4187,Dhyan
4188,Jared
4189,Andrew
4190,Dhairye
4191,Sabrina
4192,Kyle
4193,Kyle
4194,CJ
4195,Nick
4196,Rachel
4197,Kyle
4198,Graeme
4199,Ike
4200,Dhyan
4201,Jack
4202,Ike
4203,Kevin
4204,Mariana
4205,Graeme
4206,Nathan
4207,Ike
4208,Jared
4209,Camren
4210,Kyle
4211,Andrew
4212,Nick
4213,Cole
4214,Pedro
4215,Nathan
4216,Sabrina
4217,Nick
4218,Mariana
4219,CJ
4220,Pedro
4221,Ike
4222,Nathan
4223,Dhairye
4224,Eric
4225,Dhairye
4226,Dhyan
4227,Rachel
4228,Jared
4229,Ike
4230,Brian
4231,Jared
4232,Nathan
4233,Eric
4234,Jared
4235,Pedro
4236,Andrew
4237,Ike
4238,Dhairye
4239,Sabrina
4240,Jared
4241,CJ
4242,CJ
4243,Eric
4244,Ike
4245,Mariana
4246,Andrew
4247,Jack
4248,Jack
4249,Sabrina
4250,Cole
4251,Ike
4252,Ike
4253,Kyle
4254,Andrew
4255,CJ
4256,Cole
4257,Mariana
4258,Rachel
4259,Dhairye
4260,Kevin
4261,Kevin
4262,Kyle
4263,Kevin
4264,Jared
4265,Brian
4266,Eric
4267,Rachel
4268,Pedro
4269,Sabrina
4270,Andrew
4271,Mariana
4272,Dhairye
4273,Graeme
4274,Nathan
4275,Dhairye
4276,Kevin
4277,Graeme
4278,Nick
4279,Kevin
4280,Ike
4281,Sabrina
4282,Sabrina
4283,Cole
4284,Andrew
4285,Renee
4286,Graeme
4287,Nathan
4288,Graeme
4289,Renee
4290,Sabrina
4291,Sabrina
4292,Graeme
4293,Sabrina
4294,Graeme
4295,Jared
4296,Ike
4297,Mariana
4298,Pedro
4299,Dhairye
4300,Graeme
4301,Jack
4302,Andrew
4303,Rachel
4304,Rachel
4305,Graeme
4306,Dhairye
4307,Dhairye
4308,Nathan
4309,CJ
4310,Andrew
4311,Mariana
4312,Ike
4313,Renee
4314,Graeme
4315,Camren
4316,Kyle
4317,Dhyan
4318,Ike
4319,Jared
4320,Nathan
4321,Nathan
4322,Renee
4323,Cole
4324,Nick
4325,Nathan
4326,Mariana
4327,Brian
4328,CJ
4329,Pedro
4330,Andrew
4331,Mariana
4332,Eric
4333,Renee
4334,Jared
4335,CJ
4336,CJ
4337,Camren
4338,Mariana
4339,Renee
4340,Nathan
4341,Nick
4342,Kevin
4343,Sabrina
4344,Dhyan
4345,Nick
4346,Mariana
4347,Mariana
4348,Kyle
4349,Dhairye
4350,Eric
4351,Eric
4352,Dhyan
4353,CJ
4354,Andrew
4355,Cole
4356,Jared
4357,Mariana
4358,Mariana
4359,Eric
4360,Mariana
4361,Eric
4362,Cole
4363,Camren
4364,Nick
4365,Dhairye
4366,Dhyan
4367,Kyle
4368,Eric
4369,Renee
4370,Jack
4371,Rachel
4372,Mariana
4373,Brian
4374,Kevin
4375,Eric
4376,Jared
4377,Pedro
4378,Pedro
4379,Eric
4380,Camren
4381,Brian
4382,Mariana
4383,Andrew
4384,CJ
4385,Camren
4386,Cole
4387,Kevin
4388,Kevin
4389,Dhyan
4390,Andrew
4391,Dhairye
4392,Dhairye
4393,Eric
4394,Ike
4395,Camren
4396,CJ
4397,Dhyan
4398,Mariana
4399,Nathan
4400,Kyle
4401,Mariana
4402,Sabrina
4403,Camren
4404,Graeme
4405,Nathan
4406,Brian
4407,Dhyan
4408,Pedro
4409,Mariana
4410,Rachel
4411,Jared
4412,Graeme
4413,Kyle
4414,Dhairye
4415,Jared
4416,Jack
4417,Rachel
4418,Ike
4419,CJ
4420,Eric
4421,Dhairye
4422,Eric
4423,Camren
4424,Pedro
4425,Kyle
4426,Dhyan
4427,Kevin
4428,Brian
4429,Jared
4430,Kevin
4431,Sabrina
4432,Renee
4433,Eric
4434,Eric
4435,Nathan
4436,Dhyan
4437,Andrew
4438,Dhyan
4439,Brian
4440,Jack
4441,Nathan
4442,Kyle
4443,Dhairye
4444,Jared
4445,Cole
4446,Ike
4447,Jack
4448,Nick
4449,Jared
4450,Dhairye
4451,Camren
4452,Jack
4453,Nathan
4454,Andrew
4455,Brian
4456,Mariana
4457,Sabrina
4458,CJ
4459,Dhairye
4460,Renee
4461,Brian
4462,Renee
4463,Nick
4464,Nathan
4465,Eric
4466,Graeme
4467,Nick
4468,Mariana
4469,Ike
4470,Rachel
4471,Rachel
4472,Andrew
4473,Kyle
4474,CJ
4475,Pedro
4476,Eric
4477,Graeme
4478,Camren
4479,Nathan
4480,Rachel
4481,Cole
4482,Jack
4483,Pedro
4484,Jared
4485,Nathan
4486,Jared
4487,Kyle
4488,Cole
4489,Jack
4490,Nick
4491,Dhairye
4492,Ike
4493,Mariana
4494,Andrew
4495,Ike
4496,Jared
4497,Kyle
4498,Pedro
4499,Renee
4500,Graeme
4501,Camren
4502,Eric
4503,Kevin
4504,CJ
4505,Kevin
4506,Cole
4507,Nick
4508,Mariana
4509,Graeme
4510,Eric
4511,Renee
4512,Mariana
4513,Mariana
4514,Dhairye
4515,Andrew
4516,Nathan
4517,Nathan
4518,Ike
4519,Dhyan
4520,Ike
4521,Nick
4522,Eric
4523,Brian
4524,Renee
4525,Andrew
4526,Brian
4527,Pedro
4528,Jared
4529,Brian
4530,Mariana
4531,Nathan
4532,Brian
4533,Pedro
4534,Dhairye
4535,Nick
4536,Andrew
4537,Ike
4538,Dhairye
4539,Brian
4540,Kevin
4541,Pedro
4542,Camren
4543,CJ
4544,Ike
4545,Nick
4546,CJ
4547,Eric
4548,Camren
4549,Sabrina
4550,Graeme
4551,Graeme
4552,Kyle
4553,Pedro
4554,Jared
4555,Pedro
4556,Camren
4557,Andrew
4558,Nick
4559,Dhyan
4560,Kyle
4561,Brian
4562,Kyle
4563,Camren
4564,Pedro
4565,Renee
4566,Cole
4567,Ike
4568,Nathan
4569,Eric
4570,Jack
4571,Dhairye
4572,Jared
4573,Eric
4574,Sabrina
4575,Rachel
4576,Andrew
4577,Pedro
4578,Kyle
4579,Camren
4580,Kevin
4581,Brian
4582,Dhyan
4583,Kyle
4584,Jared
4585,Eric
4586,Rachel
4587,Graeme
4588,Cole
4589,Dhyan
4590,Brian
4591,Cole
4592,Rachel
4593,Jared
4594,Brian
4595,Ike
4596,Sabrina
4597,Nick
4598,Dhyan
4599,Eric
4600,Ike
4601,CJ
4602,Ike
4603,Cole
4604,Rachel
4605,Ike
4606,Dhyan
4607,Sabrina
4608,Eric
4609,Brian
4610,Jared
4611,Camren
4612,Jack
4613,Nathan
4614,Renee
4615,Sabrina
4616,CJ
4617,Mariana
4618,Dhairye
4619,Brian
4620,Sabrina
4621,Nick
4622,Pedro
4623,Camren
4624,Ike
4625,Mariana
4626,Ike
4627,Dhyan
4628,Dhairye
4629,Jared
4630,Mariana
4631,Graeme
4632,Cole
4633,Rachel
4634,Dhyan
4635,Rachel
4636,Kevin
4637,Nathan
4638,Renee
4639,Dhairye
4640,Rachel
4641,Graeme
4642,Eric
4643,Dhyan
4644,Ike
4645,Eric
4646,Kyle
4647,Mariana
4648,Jack
4649,Nick
4650,Dhyan
4651,Graeme
4652,Kevin
4653,Eric
4654,Cole
4655,Brian
4656,Graeme
4657,Graeme
4658,Sabrina
4659,Dhyan
4660,Renee
4661,Cole
4662,Cole
4663,Andrew
4664,Jared
4665,Rachel
4666,Dhairye
4667,Jack
4668,Rachel
4669,Andrew
4670,Jack
4671,Kevin
4672,Cole
4673,Sabrina
4674,Dhairye
4675,Pedro
4676,Andrew
4677,Nathan
4678,Kevin
4679,Sabrina
4680,Andrew
4681,Kyle
4682,Andrew
4683,Graeme
4684,Dhairye
4685,Dhyan
4686,Camren
4687,CJ
4688,Dhyan
4689,Jack
4690,Kevin
4691,Eric
4692,CJ
4693,Rachel
4694,Eric
4695,CJ
4696,Ike
4697,Jack
4698,Eric
4699,Pedro
4700,Rachel
4701,Pedro
4702,Brian
4703,Sabrina
4704,Jack
4705,Jared
4706,Kyle
4707,Jack
4708,Jared
4709,Rachel
4710,Andrew
4711,Dhairye
4712,Pedro
4713,Kyle
4714,Nathan
4715,Nathan
4716,Kevin
4717,Eric
4718,Dhairye
4719,Dhairye
4720,Pedro
4721,Jared
4722,Mariana
4723,Nathan
4724,Dhairye
4725,Graeme
4726,Mariana
4727,Eric
4728,Sabrina
4729,Nathan
4730,Nathan
4731,CJ
4732,Cole
4733,Sabrina
4734,Kevin
4735,Camren
4736,Cole
4737,Ike
4738,Sabrina
4739,Eric
4740,Eric
4741,Eric
4742,Jared
4743,Kevin
4744,Graeme
4745,Rachel
4746,Camren
4747,Jack
4748,Andrew
4749,Sabrina
4750,Renee
4751,Kevin
4752,Pedro
4753,Cole
4754,Cole
4755,Ike
4756,Cole
4757,Dhyan
4758,Kevin
4759,Nick
4760,Brian
4761,Eric
4762,Andrew
4763,Dhyan
4764,Pedro
4765,Jack
4766,CJ
4767,Jack
4768,Cole
4769,Nick
4770,Pedro
4771,Pedro
4772,Mariana
4773,Jack
4774,Nathan
4775,Kevin
4776,Sabrina
4777,Rachel
4778,Graeme
4779,Eric
4780,Nick
4781,Nick
4782,Mariana
4783,Pedro
4784,Kevin
4785,Kyle
4786,Ike
4787,Nick
4788,Pedro
4789,Dhairye
4790,Brian
4791,Graeme
4792,Graeme
4793,Jared
4794,Eric
4795,Jack
4796,Ike
4797,Dhyan
4798,Rachel
4799,Nick
4800,Pedro
4801,Kevin
4802,Cole
4803,Sabrina
4804,Pedro
4805,Pedro
4806,Renee
4807,Sabrina
4808,Ike
4809,Camren
4810,Pedro
4811,Rachel
4812,Brian
4813,Dhairye
4814,Mariana
4815,Ike
4816,Jared
4817,Brian
4818,Kevin
4819,Mariana
4820,Renee
4821,Jared
4822,Kevin
4823,Rachel
4824,Nick
4825,Eric
4826,CJ
4827,CJ
4828,CJ
4829,Andrew
4830,CJ
4831,Cole
4832,Andrew
4833,Eric
4834,Dhyan
4835,Pedro
4836,Andrew
4837,Ike
4838,Andrew
4839,Pedro
4840,Mariana
4841,Andrew
4842,CJ
4843,Graeme
4844,Pedro
4845,CJ
4846,Kyle
4847,Nick
4848,Rachel
4849,Dhyan
4850,Nick
4851,Camren
4852,Cole
4853,Rachel
4854,CJ
4855,Ike
4856,Andrew
4857,Pedro
4858,Ike
4859,Kevin
4860,Pedro
4861,Graeme
4862,Jared
4863,Andrew
4864,Sabrina
4865,Nick
4866,Cole
4867,Rachel
4868,Ike
4869,Camren
4870,Cole
4871,Jack
4872,Eric
4873,Pedro
4874,Rachel
4875,Sabrina
4876,Dhyan
4877,Dhairye
4878,Rachel
4879,Mariana
4880,Eric
4881,Cole
4882,Mariana
4883,CJ
4884,Cole
4885,Brian
4886,Graeme
4887,Cole
4888,Sabrina
4889,Eric
4890,Rachel
4891,Ike
4892,Sabrina
4893,Andrew
4894,Nick
4895,CJ
4896,Kyle
4897,Mariana
4898,Jared
4899,Pedro
4900,Sabrina
4901,Eric
4902,Graeme
4903,Andrew
4904,Rachel
4905,Nick
4906,Dhyan
4907,Dhyan
4908,Dhairye
4909,Camren
4910,Dhyan
4911,Renee
4912,Eric
4913,Kyle
4914,Eric
4915,Brian
4916,Andrew
4917,Nathan
4918,Andrew
4919,Sabrina
4920,Pedro
4921,Kevin
4922,Renee
4923,Dhairye
4924,Sabrina
4925,Andrew
4926,Ike
4927,Kyle
4928,Nathan
4929,Nathan
4930,Dhyan
4931,Sabrina
4932,Nathan
4933,Brian
4934,Camren
4935,Dhyan
4936,Renee
4937,Renee
4938,Sabrina
4939,Camren
4940,Dhyan
4941,Nick
4942,Eric
4943,Renee
4944,Rachel
4945,Eric
4946,Brian
4947,Jared
4948,Dhyan
4949,Cole
4950,Pedro
4951,Mariana
4952,Graeme
4953,Ike
4954,Ike
4955,Pedro
4956,Pedro
4957,Jack
4958,Cole
4959,Andrew
4960,Nick
4961,Kyle
4962,Dhairye
4963,Pedro
4964,Ike
4965,Graeme
4966,Nick
4967,Pedro
4968,Dhairye
4969,CJ
4970,Eric
4971,Kyle
4972,Andrew
4973,Eric
4974,Mariana
4975,Graeme
4976,Mariana
4977,Kyle
4978,Pedro
4979,Sabrina
4980,Jared
4981,Dhyan
4982,Kyle
4983,Andrew
4984,Rachel
4985,Graeme
4986,Brian
4987,Nathan
4988,Renee
4989,Kevin
4990,Nick
4991,Jack
4992,Dhairye
4993,Andrew
4994,Jack
4995,Ike
4996,Kyle
4997,Kyle
4998,Sabrina
4999,Eric
5000,Graeme
5001,Camren
5002,Rachel
5003,Pedro
5004,Dhyan
5005,Cole
5006,Renee
5007,Graeme
5008,Mariana
5009,Camren
5010,CJ
5011,Andrew
5012,Rachel
5013,Rachel
5014,Dhairye
5015,Dhairye
5016,Camren
5017,Jared
5018,Dhairye
5019,Sabrina
5020,Renee
5021,Ike
5022,Graeme
5023,Eric
5024,Graeme
5025,Eric
5026,Nathan
5027,Pedro
5028,Renee
5029,CJ
5030,Nathan
5031,Camren
5032,Andrew
5033,Dhairye
5034,CJ
5035,Renee
5036,CJ
5037,Renee
5038,CJ
5039,Graeme
5040,Mariana
5041,Renee
5042,Nick
5043,Nathan
5044,Cole
5045,Jared
5046,Eric
5047,Ike
5048,Pedro
5049,Eric
5050,Nick
5051,Cole
5052,Nathan
5053,Cole
5054,Camren
5055,Brian
5056,Eric
5057,Rachel
5058,Mariana
5059,Nathan
5060,Dhairye
5061,Jared
5062,Pedro
5063,Andrew
5064,Nick
5065,Jack
5066,Dhairye
5067,Sabrina
5068,Kevin
5069,Brian
5070,Jack
5071,Dhyan
5072,CJ
5073,Pedro
5074,Renee
5075,Andrew
5076,Cole
5077,Andrew
5078,Renee
5079,Nick
5080,Kyle
5081,Mariana
5082,CJ
5083,Nick
5084,Rachel
5085,CJ
5086,Dhairye
5087,Cole
5088,Nick
5089,Rachel
5090,Dhyan
5091,Nick
5092,Jared
5093,Rachel
5094,Jared
5095,Cole
5096,Brian
5097,Renee
5098,Jared
5099,Nathan
5100,Andrew
5101,Graeme
5102,Camren
5103,Pedro
5104,Pedro
5105,Brian
5106,Dhairye
5107,Eric
5108,Kevin
5109,CJ
5110,Andrew
5111,Pedro
5112,Dhyan
5113,Sabrina
5114,Sabrina
5115,Sabrina
5116,Kyle
5117,Nick
5118,Camren
5119,Andrew
5120,Kevin
5121,Cole
5122,Kevin
5123,Jack
5124,Ike
5125,Nathan
5126,Jack
5127,Cole
5128,Mariana
5129,Mariana
5130,Dhairye
5131,Brian
5132,Nick
5133,Jack
5134,Andrew
5135,Ike
5136,Mariana
5137,Jared
5138,Kyle
5139,Rachel
5140,Graeme
5141,Mariana
5142,Rachel
5143,Camren
5144,Rachel
5145,Kevin
5146,Dhairye
5147,Kyle
5148,Sabrina
5149,Mariana
5150,Dhairye
5151,Jack
5152,Nathan
5153,Nick
5154,Mariana
5155,Nick
5156,Dhairye
5157,Sabrina
5158,Cole
5159,Mariana
5160,Kyle
5161,Graeme
5162,Rachel
5163,Eric
5164,Jared
5165,Cole
5166,Nathan
5167,Eric
5168,Graeme
5169,Nathan
5170,Rachel
5171,Kevin
5172,Mariana
5173,Renee
5174,Brian
5175,Nick
5176,CJ
5177,Dhairye
5178,Graeme
5179,Nathan
5180,Camren
5181,Jack
5182,Renee
5183,Ike
5184,Brian
5185,Brian
5186,Ike
5187,Eric
5188,CJ
5189,Pedro
5190,Kevin
5191,Brian
5192,Nick
5193,Renee
5194,Jack
5195,Eric
5196,CJ
5197,CJ
5198,Eric
5199,Pedro
5200,Nick
5201,Rachel
5202,Eric
5203,Dhairye
5204,Sabrina
5205,Brian
5206,Nick
5207,Dhyan
5208,Dhairye
5209,Nick
5210,Camren
5211,Andrew
5212,CJ
5213,Sabrina
5214,Jack
5215,Nick
5216,Rachel
5217,Rachel
5218,Dhyan
5219,Jared
5220,Sabrina
5221,Graeme
5222,Rachel
5223,Eric
5224,Kyle
5225,Jared
5226,Nick
5227,Dhyan
5228,Jared
5229,Sabrina
5230,Eric
5231,Graeme
5232,Pedro
5233,Dhyan
5234,Nick
5235,Jared
5236,Kyle
5237,Kyle
5238,Pedro
5239,Rachel
5240,Nathan
5241,Renee
5242,Andrew
5243,Sabrina
5244,Camren
5245,Ike
5246,Renee
5247,Jared
5248,Nick
5249,Cole
5250,Kevin
5251,Rachel
5252,CJ
5253,Kevin
5254,Eric
5255,Camren
5256,Kevin
5257,Camren
5258,Eric
5259,CJ
5260,Jack
5261,Dhyan
5262,Kevin
5263,Dhyan
5264,Jared
5265,CJ
5266,Renee
5267,Dhairye
5268,Cole
5269,Cole
5270,CJ
5271,Jared
5272,Pedro
5273,Jack
5274,Jared
5275,Kevin
5276,Dhairye
5277,Sabrina
5278,Ike
5279,Rachel
5280,CJ
5281,Nick
5282,Ike
5283,Cole
5284,Jared
5285,Mariana
5286,Kyle
5287,Nick
5288,Dhairye
5289,Andrew
5290,Jared
5291,Rachel
5292,Dhyan
5293,Nick
5294,Kevin
5295,Dhyan
5296,Nick
5297,Nathan
5298,Sabrina
5299,Brian
5300,Nathan
5301,Eric
5302,CJ
5303,Sabrina
5304,Pedro
5305,Dhyan
5306,Camren
5307,Rachel
5308,Mariana
5309,Kyle
5310,Mariana
5311,Rachel
5312,Kyle
5313,Graeme
5314,Andrew
5315,Kyle
5316,Nick
5317,Ike
5318,Jared
5319,Sabrina
5320,Nathan
5321,Nathan
5322,Andrew
5323,Rachel
5324,Brian
5325,Camren
5326,Graeme
5327,Rachel
5328,Andrew
5329,CJ
5330,Jared
5331,Kyle
5332,Dhairye
5333,Brian
5334,CJ
5335,Nathan
5336,Nick
5337,Rachel
5338,CJ
5339,Rachel
5340,Rachel
5341,Pedro
5342,Graeme
5343,Eric
5344,Ike
5345,Nathan
5346,Renee
5347,Rachel
5348,Jack
5349,Brian
5350,Camren
5351,Jared
5352,Cole
5353,Jack
5354,Nathan
5355,Jared
5356,Andrew
5357,Pedro
5358,Jack
5359,Ike
5360,CJ
5361,Graeme
5362,Camren
5363,Mariana
5364,Jack
5365,Camren
5366,Kevin
5367,Dhairye
5368,CJ
5369,Jack
5370,Jared
5371,Nick
5372,Cole
5373,Renee
5374,Graeme
5375,Eric
5376,Ike
5377,Kyle
5378,Jared
5379,Rachel
5380,Sabrina
5381,Dhyan
5382,Kevin
5383,Kyle
5384,Jack
5385,Nick
5386,Camren
5387,Nick
5388,Renee
5389,Jack
5390,Eric
5391,Pedro
5392,Sabrina
5393,Eric
5394,Rachel
5395,Nathan
5396,Sabrina
5397,Graeme
5398,Kevin
5399,Ike
5400,Nathan
5401,Dhyan
5402,Kevin
5403,Jack
5404,Mariana
5405,Ike
5406,Brian
5407,Cole
5408,Nick
5409,Nick
5410,Brian
5411,Nathan
5412,Nick
5413,Kyle
5414,Ike
5415,Sabrina
5416,Jared
5417,Rachel
5418,Brian
5419,Jared
5420,Jack
5421,Dhyan
5422,Nick
5423,Jared
5424,Ike
5425,Nathan
5426,Kyle
5427,Graeme
5428,Brian
5429,Dhairye
5430,Jared
5431,Eric
5432,CJ
5433,Dhyan
5434,Andrew
5435,Kevin
5436,Camren
5437,Jared
5438,Nick
5439,Eric
5440,Nick
5441,Andrew
5442,Dhyan
5443,Camren
5444,Camren
5445,Pedro
5446,Camren
5447,Dhairye
5448,CJ
5449,Rachel
5450,Andrew
5451,Sabrina
5452,Jack
5453,Dhyan
5454,Kevin
5455,Camren
5456,Andrew
5457,Ike
5458,Camren
5459,Mariana
5460,Cole
5461,Eric
5462,Graeme
5463,Rachel
5464,Dhyan
5465,Pedro
5466,Kyle
5467,Sabrina
5468,Mariana
5469,Nick
5470,Nick
5471,Dhyan
5472,Renee
5473,Andrew
5474,Mariana
5475,Dhyan
5476,Kevin
5477,Jack
5478,Nick
5479,Cole
5480,Brian
5481,Dhyan
5482,Andrew
5483,Jack
5484,Eric
5485,Cole
5486,Andrew
5487,Dhyan
5488,Rachel
5489,Ike
5490,Nathan
5491,Rachel
5492,Jack
5493,Graeme
5494,Sabrina
5495,Kevin
5496,Sabrina
5497,Eric
5498,Jared
5499,Dhyan
5500,Jack
5501,Kyle
5502,Jack
5503,Sabrina
5504,Kyle
5505,Brian
5506,Jack
5507,Graeme
5508,Sabrina
5509,Pedro
5510,Renee
5511,Renee
5512,Nick
5513,Nick
5514,Dhairye
5515,Nathan
5516,Jack
5517,Ike
5518,Brian
5519,Kevin
5520,Cole
5521,Dhyan
5522,Graeme
5523,Rachel
5524,Ike
5525,Sabrina
5526,Sabrina
5527,Kyle
5528,Rachel
5529,Ike
5530,Cole
5531,Kevin
5532,CJ
5533,Kyle
5534,Camren
5535,Brian
5536,Jared
5537,Cole
5538,CJ
5539,Sabrina
5540,Dhyan
5541,CJ
5542,Dhyan
5543,Kyle
5544,Kyle
5545,Kevin
5546,Pedro
5547,Pedro
5548,CJ
5549,Renee
5550,Jack
5551,Cole
5552,Dhairye
5553,Nick
5554,Sabrina
5555,Dhyan
5556,Andrew
5557,Andrew
5558,Jared
5559,Ike
5560,Mariana
5561,Brian
5562,Andrew
5563,Camren
5564,Kevin
5565,Rachel
5566,Cole
5567,Sabrina
5568,Mariana
5569,Renee
5570,Kevin
5571,Jared
5572,Mariana
5573,Dhairye
5574,Dhairye
5575,CJ
5576,Dhairye
5577,Eric
5578,Nathan
5579,Nathan
5580,Sabrina
5581,Graeme
5582,Renee
5583,Camren
5584,Kyle
5585,Sabrina
5586,CJ
5587,Brian
5588,Cole
5589,Kyle
5590,Dhairye
5591,Andrew
5592,Eric
5593,Eric
5594,Sabrina
5595,Kyle
5596,Graeme
5597,Ike
5598,Ike
5599,Camren
5600,Dhairye
5601,Kyle
5602,Renee
5603,Dhyan
5604,Nathan
5605,Kyle
5606,Jared
5607,Jared
5608,Andrew
5609,Andrew
5610,Jack
5611,Cole
5612,Jared
5613,Eric
5614,Kevin
5615,Dhyan
5616,Andrew
5617,Brian
5618,Ike
5619,Rachel
5620,Graeme
5621,Renee
5622,Ike
5623,Camren
5624,Pedro
5625,Andrew
5626,Nathan
5627,Cole
5628,Nick
5629,Cole
5630,Dhyan
5631,Pedro
5632,Graeme
5633,CJ
5634,Graeme
5635,Camren
5636,Kyle
5637,Dhairye
5638,Jared
5639,Pedro
5640,Jack
5641,Renee
5642,Jared
5643,Dhairye
5644,Jack
5645,CJ
5646,CJ
5647,Camren
5648,Graeme
5649,Brian
5650,CJ
5651,Jack
5652,Renee
5653,Brian
5654,Mariana
5655,Kevin
5656,Mariana
5657,CJ
5658,Kyle
5659,Pedro
5660,Eric
5661,Camren
5662,Brian
5663,Mariana
5664,Brian
5665,Mariana
5666,Andrew
5667,Nathan
5668,Kevin
5669,Jack
5670,Jack
5671,Sabrina
5672,Kevin
5673,Graeme
5674,Renee
5675,Rachel
5676,Pedro
5677,Nick
5678,Jack
5679,Camren
5680,Renee
5681,Dhyan
5682,Dhyan
5683,Kevin
5684,Kyle
5685,Brian
5686,Nick
5687,Kevin
5688,Jared
5689,Jack
5690,Dhyan
5691,Nick
5692,Pedro
5693,Cole
5694,Jack
5695,Mariana
5696,Dhyan
5697,Camren
5698,Nathan
5699,Sabrina
5700,CJ
5701,Dhyan
5702,Jared
5703,Jack
5704,Mariana
5705,Nathan
5706,Renee
5707,Mariana
5708,Jack
5709,Graeme
5710,Brian
5711,Andrew
5712,Kevin
5713,CJ
5714,Eric
5715,Renee
5716,CJ
5717,Brian
5718,Rachel
5719,Andrew
5720,Nick
5721,Andrew
5722,Dhyan
5723,Andrew
5724,Nick
5725,Nathan
5726,Brian
5727,Ike
5728,CJ
5729,Nick
5730,Graeme
5731,Renee
5732,Jack
5733,Cole
5734,Rachel
5735,Andrew
5736,Cole
5737,Mariana
5738,Nick
5739,Renee
5740,Renee
5741,Nathan
5742,Dhyan
5743,CJ
5744,Renee
5745,CJ
5746,Kyle
5747,Nick
5748,Camren
5749,Renee
5750,Nick
5751,Camren
5752,Ike
5753,Graeme
5754,Cole
5755,CJ
5756,Cole
5757,Jack
5758,Kyle
5759,Rachel
5760,Mariana
5761,Rachel
5762,Mariana
5763,Andrew
5764,Jared
5765,Nathan
5766,Nathan
5767,Mariana
5768,Nathan
5769,Nick
5770,Jared
5771,Graeme
5772,Rachel
5773,Rachel
5774,Renee
5775,Graeme
5776,Nick
5777,Brian
5778,Pedro
5779,Brian
5780,Camren
5781,Eric
5782,Renee
5783,Dhyan
5784,Ike
5785,Graeme
5786,Jared
5787,Brian
5788,Eric
5789,Kyle
5790,Kevin
5791,Renee
5792,Mariana
5793,Sabrina
5794,Kevin
5795,Rachel
5796,Nathan
5797,Eric
5798,Jack
5799,Dhyan
5800,Rachel
5801,Nick
5802,Jared
5803,Camren
5804,Dhairye
5805,Nick
5806,Nathan
5807,Graeme
5808,Sabrina
5809,Renee
5810,Jack
5811,Dhairye
5812,Pedro
5813,Kyle
5814,Sabrina
5815,Dhairye
5816,Ike
5817,Graeme
5818,Jared
5819,Jack
5820,Brian
5821,Camren
5822,Nathan
5823,Eric
5824,Brian
5825,Nick
5826,Nathan
5827,Camren
5828,Eric
5829,Andrew
5830,Kyle
5831,Pedro
5832,Jack
5833,Rachel
5834,CJ
5835,Camren
5836,Renee
5837,Renee
5838,Brian
5839,Cole
5840,Nathan
5841,Camren
5842,Sabrina
5843,Dhairye
5844,Ike
5845,Kyle
5846,Cole
5847,Kevin
5848,Eric
5849,Ike
5850,Kyle
5851,Sabrina
5852,Pedro
5853,Nick
5854,Renee
5855,Dhairye
5856,Jared
5857,Mariana
5858,Brian
5859,CJ
5860,Dhyan
5861,Renee
5862,Nick
5863,Cole
5864,Sabrina
5865,Brian
5866,Camren
5867,Jared
5868,Nathan
5869,Brian
5870,Nick
5871,Graeme
5872,Mariana
5873,Cole
5874,Ike
5875,Nick
5876,Cole
5877,Dhyan
5878,Graeme
5879,Rachel
5880,Nick
5881,Cole
5882,Eric
5883,CJ
5884,Eric
5885,CJ
5886,Sabrina
5887,Cole
5888,Jack
5889,Rachel
5890,Andrew
5891,Kevin
5892,Dhairye
5893,Brian
5894,Kyle
5895,Andrew
5896,Nick
5897,Jared
5898,Andrew
5899,Kevin
5900,Renee
5901,Jack
5902,Dhyan
5903,Camren
5904,Kyle
5905,Sabrina
5906,Mariana
5907,Jared
5908,CJ
5909,Jared
5910,Sabrina
5911,Eric
5912,Andrew
5913,Ike
5914,CJ
5915,Andrew
5916,CJ
5917,Eric
5918,Kyle
5919,Eric
5920,Kyle
5921,Pedro
5922,Kyle
5923,Cole
5924,Dhyan
5925,Kevin
5926,Brian
5927,Kyle
5928,CJ
5929,Graeme
5930,Eric
5931,Jared
5932,Jared
5933,Nathan
5934,CJ
5935,Ike
5936,Camren
5937,Kevin
5938,Renee
5939,Pedro
5940,Renee
5941,Brian
5942,Nick
5943,Cole
5944,CJ
5945,Eric
5946,CJ
5947,Ike
5948,Eric
5949,Pedro
5950,Kevin
5951,Graeme
5952,Jack
5953,Kevin
5954,Graeme
5955,Sabrina
5956,CJ
5957,Dhyan
5958,Sabrina
5959,Camren
5960,Sabrina
5961,Renee
5962,Ike
5963,Jack
5964,Graeme
5965,Kyle
5966,Mariana
5967,Ike
5968,Mariana
5969,Graeme
5970,Dhyan
5971,Pedro
5972,Nick
5973,Dhairye
5974,Cole
5975,Sabrina
5976,Graeme
5977,Camren
5978,Pedro
5979,CJ
5980,Sabrina
5981,Graeme
5982,Sabrina
5983,Kevin
5984,Ike
5985,Dhairye
5986,Ike
5987,Jared
5988,Jared
5989,Nick
5990,CJ
5991,Dhairye
5992,Kyle
5993,Dhyan
5994,Brian
5995,Cole
5996,Dhairye
5997,Dhairye
5998,Andrew
5999,Nathan
6000,Camren
6001,Renee
6002,Dhyan
6003,Andrew
6004,Brian
6005,CJ
6006,Graeme
6007,Kyle
6008,Graeme
6009,Kevin
6010,Jared
6011,CJ
6012,Eric
6013,Graeme
6014,Kevin
6015,Eric
6016,Cole
6017,Brian
6018,Nathan
6019,Brian
6020,Brian
6021,Ike
6022,Brian
6023,Cole
6024,Pedro
6025,Brian
6026,Dhyan
6027,Brian
6028,Nathan
6029,Jack
6030,Jack
6031,Jack
6032,Sabrina
6033,Dhairye
6034,Andrew
6035,Dhairye
6036,Renee
6037,Jared
6038,Sabrina
6039,Kevin
6040,Jared
6041,Jack
6042,Ike
6043,Sabrina
6044,Rachel
6045,Rachel
6046,Sabrina
6047,Cole
6048,Kevin
6049,Graeme
6050,Eric
6051,Camren
6052,Kevin
6053,Pedro
6054,Nick
6055,Andrew
6056,Brian
6057,Kyle
6058,Nathan
6059,Kevin
6060,Jack
6061,Nathan
6062,Jared
6063,Graeme
6064,Cole
6065,CJ
6066,Pedro
6067,Mariana
6068,Jared
6069,Nathan
6070,Nathan
6071,Cole
6072,Graeme
6073,Andrew
6074,Eric
6075,CJ
6076,Brian
6077,Kyle
6078,Rachel
6079,Ike
6080,Camren
6081,Eric
6082,Dhairye
6083,Nick
6084,Ike
6085,Renee
6086,Nick
6087,Dhairye
6088,Rachel
6089,Ike
6090,Jack
6091,Andrew
6092,Nathan
6093,Nathan
6094,Dhyan
6095,Kevin
6096,Ike
6097,Andrew
6098,Sabrina
6099,Jack
6100,Brian
6101,Kyle
6102,Eric
6103,Dhairye
6104,Camren
6105,Eric
6106,Dhairye
6107,CJ
6108,Rachel
6109,Renee
6110,Kevin
6111,Dhairye
6112,Ike
6113,Kyle
6114,Dhyan
6115,Eric
6116,Eric
6117,Pedro
6118,Kevin
6119,Mariana
6120,Kevin
6121,Pedro
6122,Brian
6123,Cole
6124,Pedro
6125,CJ
6126,Rachel
6127,Jack
6128,CJ
6129,Dhyan
6130,Ike
6131,Nathan
6132,Kyle
6133,Jack
6134,Kyle
6135,Eric
6136,Rachel
6137,Jared
6138,Rachel
6139,Kevin
6140,Renee
6141,Camren
6142,Eric
6143,Kyle
6144,Eric
6145,Nathan
6146,Camren
6147,Camren
6148,Dhairye
6149,Sabrina
6150,Kyle
6151,Eric
6152,Kevin
6153,Brian
6154,Mariana
6155,Rachel
6156,Kevin
6157,Andrew
6158,CJ
6159,Nick
6160,Kevin
6161,Andrew
6162,Nathan
6163,Sabrina
6164,Sabrina
6165,Nick
6166,Nathan
6167,Graeme
6168,CJ
6169,Nathan
6170,Dhairye
6171,Kevin
6172,Graeme
6173,Brian
6174,Eric
6175,Graeme
6176,Ike
6177,Cole
6178,Camren
6179,Kevin
6180,Pedro
6181,Cole
6182,Camren
6183,Andrew
6184,Renee
6185,Renee
6186,Rachel
6187,Andrew
6188,Jared
6189,Dhairye
6190,Ike
6191,Eric
6192,Renee
6193,Kyle
6194,CJ
6195,Dhairye
6196,Eric
6197,Dhyan
6198,Sabrina
6199,Mariana
6200,Dhairye
6201,Nick
6202,Mariana
6203,Jack
6204,Cole
6205,Brian
6206,Cole
6207,Kevin
6208,Jack
6209,Jack
6210,Camren
6211,Ike
6212,Sabrina
6213,Graeme
6214,Jack
6215,Dhairye
6216,Jared
6217,Dhyan
6218,CJ
6219,Renee
6220,Ike
6221,Sabrina
6222,Sabrina
6223,Jared
6224,Andrew
6225,Sabrina
6226,CJ
6227,Nick
6228,Nick
6229,Nathan
6230,Dhairye
6231,Mariana
6232,Jared
6233,Sabrina
6234,Kyle
6235,Jack
6236,Camren
6237,Kevin
6238,Jack
6239,Graeme
6240,Kevin
6241,CJ
6242,Nick
6243,CJ
6244,Sabrina
6245,Dhairye
6246,Jared
6247,Ike
6248,Mariana
6249,Cole
6250,CJ
6251,Eric
6252,Dhairye
6253,Dhyan
6254,Nathan
6255,Eric
6256,Pedro
6257,Pedro
6258,Renee
6259,Dhairye
6260,Camren
6261,Brian
6262,Nathan
6263,Cole
6264,Brian
6265,Jack
6266,Kevin
6267,Andrew
6268,Renee
6269,Dhyan
6270,Nick
6271,Rachel
6272,Camren
6273,Dhyan
6274,Mariana
6275,Kyle
6276,Jack
6277,Nick
6278,CJ
6279,Dhyan
6280,Pedro
6281,CJ
6282,Kevin
6283,Brian
6284,Camren
6285,Renee
6286,Dhairye
6287,Mariana
6288,Pedro
6289,Renee
6290,Ike
6291,Andrew
6292,Nick
6293,Mariana
6294,Mariana
6295,Graeme
6296,Nick
6297,Eric
6298,Rachel
6299,Nathan
6300,Dhairye
6301,Jack
6302,Graeme
6303,Andrew
6304,Graeme
6305,Sabrina
6306,Nathan
6307,Ike
6308,Nick
6309,Dhyan
6310,CJ
6311,Jared
6312,Dhairye
6313,Kyle
6314,Camren
6315,Dhyan
6316,Renee
6317,Dhairye
6318,Jared
6319,Dhyan
6320,Cole
6321,Eric
6322,Andrew
6323,Renee
6324,Mariana
6325,Kyle
6326,Nathan
6327,Jared
6328,Pedro
6329,Nick
6330,Kevin
6331,Kyle
6332,Kyle
6333,CJ
6334,Brian
6335,CJ
6336,Andrew
6337,Dhairye
6338,Renee
6339,Brian
6340,Nathan
6341,Jared
6342,Brian
6343,Sabrina
6344,Dhyan
6345,Rachel
6346,Dhairye
6347,Ike
6348,Dhairye
6349,Cole
6350,Pedro
6351,Mariana
6352,Jack
6353,Cole
6354,Jared
6355,Rachel
6356,Andrew
6357,Renee
6358,Mariana
6359,Sabrina
6360,Renee
6361,Rachel
6362,Mariana
6363,Jared
6364,Cole
6365,Nathan
6366,Mariana
6367,Nick
6368,Ike
6369,Camren
6370,Nick
6371,Camren
6372,Brian
6373,Cole
6374,Sabrina
6375,Nick
6376,Kyle
6377,Kyle
6378,CJ
6379,Brian
6380,Dhairye
6381,Jared
6382,Ike
6383,Andrew
6384,Kyle
6385,Jack
6386,Sabrina
6387,Mariana
6388,Brian
6389,Jack
6390,Jack
6391,Cole
6392,Mariana
6393,Cole
6394,Rachel
6395,Andrew
6396,Camren
6397,Jared
6398,Ike
6399,Kevin
6400,Jared
6401,CJ
6402,Kyle
6403,Ike
6404,Dhyan
6405,Jack
6406,Rachel
6407,Dhairye
6408,Kevin
6409,Cole
6410,Jared
6411,Kyle
6412,Kevin
6413,Sabrina
6414,Jack
6415,Brian
6416,Camren
6417,Dhyan
6418,Renee
6419,Kyle
6420,Renee
6421,Rachel
6422,Brian
6423,Graeme
6424,Eric
6425,Brian
6426,Dhairye
6427,Renee
6428,Dhyan
6429,Nick
6430,Jared
6431,Rachel
6432,Sabrina
6433,Dhyan
6434,Mariana
6435,Cole
6436,Ike
6437,Nick
6438,Ike
6439,Nathan
6440,Nathan
6441,Jared
6442,Kevin
6443,Brian
6444,Ike
6445,Jack
6446,Rachel
6447,Graeme
6448,Renee
6449,Camren
6450,Ike
6451,Nathan
6452,Rachel
6453,Sabrina
6454,Nick
6455,Mariana
6456,Kevin
6457,Pedro
6458,Nathan
6459,Andrew
6460,Nick
6461,Kevin
6462,Rachel
6463,Graeme
6464,Dhyan
6465,Brian
6466,Brian
6467,CJ
6468,Jared
6469,CJ
6470,Mariana
6471,Cole
6472,Kevin
6473,Camren
6474,Jack
6475,Graeme
6476,Andrew
6477,Pedro
6478,Andrew
6479,Pedro
6480,Andrew
6481,Eric
6482,Graeme
6483,Camren
6484,Cole
6485,Renee
6486,Pedro
6487,Jack
6488,Cole
6489,Brian
6490,Kevin
6491,CJ
6492,Nick
6493,Graeme
6494,Renee
6495,Renee
6496,CJ
6497,Eric
6498,Kevin
6499,Pedro
6500,Nathan
6501,Eric
6502,Sabrina
6503,Nick
6504,Sabrina
6505,Ike
6506,Brian
6507,Sabrina
6508,Eric
6509,Dhyan
6510,Jack
6511,Dhyan
6512,Kyle
6513,Mariana
6514,Graeme
6515,Mariana
6516,Nathan
6517,Ike
6518,Dhyan
6519,Graeme
6520,Ike
6521,Brian
6522,Dhairye
6523,Dhyan
6524,Dhyan
6525,Nathan
6526,Dhyan
6527,Jack
6528,Kevin
6529,Ike
6530,Sabrina
6531,Dhyan
6532,Rachel
6533,Ike
6534,Brian
6535,Ike
6536,Camren
6537,Jared
6538,Ike
6539,Cole
6540,Camren
6541,Brian
6542,CJ
6543,Nathan
6544,Renee
6545,Rachel
6546,Graeme
6547,Dhairye
6548,Brian
6549,Cole
6550,Graeme
6551,Ike
6552,Jared
6553,Dhairye
6554,Brian
6555,Mariana
6556,Camren
6557,Graeme
6558,Dhyan
6559,Jared
6560,Sabrina
6561,Rachel
6562,Ike
6563,Kevin
6564,Graeme
6565,Nick
6566,Jared
6567,CJ
6568,Nick
6569,Nick
6570,Dhyan
6571,Camren
6572,Camren
6573,Kevin
6574,Mariana
6575,Andrew
6576,Renee
6577,Dhyan
6578,CJ
6579,Sabrina
6580,Nick
6581,Mariana
6582,Kevin
6583,Sabrina
6584,Rachel
6585,Nick
6586,CJ
6587,Cole
6588,Andrew
6589,Ike
6590,Kevin
6591,Nathan
6592,CJ
6593,Mariana
6594,Mariana
6595,Eric
6596,Brian
6597,Camren
6598,Dhyan
6599,Graeme
6600,Pedro
6601,Ike
6602,Dhairye
6603,Brian
6604,Mariana
6605,Eric
6606,Eric
6607,Graeme
6608,Nathan
6609,Kevin
6610,Ike
6611,Pedro
6612,Sabrina
6613,Camren
6614,Dhyan
6615,Ike
6616,Ike
6617,Kevin
6618,Nathan
6619,Graeme
6620,Dhairye
6621,Nathan
6622,Brian
6623,Camren
6624,Nick
6625,CJ
6626,Nick
6627,Cole
6628,Rachel
6629,Mariana
6630,Camren
6631,Dhyan
6632,Rachel
6633,Eric
6634,Cole
6635,Mariana
6636,Ike
6637,Dhyan
6638,Nathan
6639,Renee
6640,Kevin
6641,Rachel
6642,Nick
6643,Graeme
6644,Graeme
6645,Kevin
6646,Nathan
6647,Jack
6648,Jack
6649,Kevin
6650,Camren
6651,Jared
6652,Cole
6653,Dhyan
6654,Graeme
6655,Ike
6656,Rachel
6657,Pedro
6658,Nathan
6659,Dhairye
6660,Dhyan
6661,Kevin
6662,Jared
6663,Pedro
6664,CJ
6665,Jared
6666,Kevin
6667,Kyle
6668,Renee
6669,Dhairye
6670,Cole
6671,Kevin
6672,Cole
6673,Mariana
6674,Nick
6675,Kevin
6676,Dhyan
6677,Jared
6678,Ike
6679,Mariana
6680,Kevin
6681,Rachel
6682,Andrew
6683,Dhairye
6684,Pedro
6685,Dhairye
6686,Jared
6687,CJ
6688,Rachel
6689,Rachel
6690,Nick
6691,Nick
6692,Eric
6693,Graeme
6694,Brian
6695,Pedro
6696,Ike
6697,Dhairye
6698,Renee
6699,Ike
6700,Kyle
6701,Nick
6702,Cole
6703,Sabrina
6704,Dhairye
6705,Cole
6706,Andrew
6707,Pedro
6708,Eric
6709,Sabrina
6710,Dhyan
6711,Kyle
6712,Renee
6713,Kevin
6714,Dhyan
6715,Nick
6716,Renee
6717,Mariana
6718,Sabrina
6719,Rachel
6720,Nathan
6721,Camren
6722,Dhairye
6723,Kevin
6724,Andrew
6725,Kyle
6726,Jack
6727,Graeme
6728,Dhyan
6729,Sabrina
6730,Nathan
6731,Pedro
6732,Cole
6733,CJ
6734,CJ
6735,Camren
6736,Dhyan
6737,Dhyan
6738,Sabrina
6739,Nick
6740,Brian
6741,Andrew
6742,Nathan
6743,Graeme
6744,Nick
6745,Sabrina
6746,Dhyan
6747,Jack
6748,Renee
6749,Jack
6750,Cole
6751,Dhairye
6752,Kevin
6753,Pedro
6754,Kyle
6755,Dhyan
6756,Jared
6757,Ike
6758,Camren
6759,Jared
6760,Renee
6761,Camren
6762,Rachel
6763,Brian
6764,Camren
6765,Camren
6766,Jared
6767,CJ
6768,Mariana
6769,Dhairye
6770,Nick
6771,Kyle
6772,Camren
6773,Kyle
6774,Nick
6775,Kyle
6776,Renee
6777,Dhyan
6778,Eric
6779,Andrew
6780,Ike
6781,Andrew
6782,Brian
6783,Nick
6784,Nathan
6785,Dhairye
6786,Cole
6787,Sabrina
6788,Cole
6789,Camren
6790,Brian
6791,Andrew
6792,Nathan
6793,Brian
6794,Jack
6795,Cole
6796,Dhairye
6797,Renee
6798,CJ
6799,Cole
6800,Renee
6801,Ike
6802,Cole
6803,Brian
6804,Dhairye
6805,Mariana
6806,Kyle
6807,Kyle
6808,CJ
6809,Mariana
6810,Jack
6811,Eric
6812,Rachel
6813,Dhairye
6814,Eric
6815,Graeme
6816,Camren
6817,Eric
6818,Brian
6819,Rachel
6820,Nick
6821,Dhairye
6822,Renee
6823,Mariana
6824,Jared
6825,Dhairye
6826,CJ
6827,Brian
6828,Ike
6829,CJ
6830,Dhyan
6831,Jack
6832,Kevin
6833,Graeme
6834,Andrew
6835,Rachel
6836,Rachel
6837,Eric
6838,Jared
6839,Dhyan
6840,Brian
6841,Renee
6842,Camren
6843,Mariana
6844,Ike
6845,Cole
6846,Nick
6847,Andrew
6848,Dhairye
6849,Kevin
6850,Cole
6851,Renee
6852,Camren
6853,Cole
6854,Dhairye
6855,Nathan
6856,Mariana
6857,Cole
6858,Brian
6859,Pedro
6860,Andrew
6861,Cole
6862,Nick
6863,Mariana
6864,Nick
6865,Mariana
6866,Sabrina
6867,Jack
6868,Eric
6869,Pedro
6870,Camren
6871,Nathan
6872,Jack
6873,Pedro
6874,Nick
6875,Mariana
6876,Brian
6877,Rachel
6878,Brian
6879,Rachel
6880,Kevin
6881,CJ
6882,Graeme
6883,Kyle
6884,Rachel
6885,Sabrina
6886,Kevin
6887,Kyle
6888,Rachel
6889,CJ
6890,Renee
6891,Mariana
6892,Jack
6893,Renee
6894,Camren
6895,Ike
6896,Kyle
6897,Dhairye
6898,CJ
6899,Brian
6900,Ike
6901,Graeme
6902,Nathan
6903,Kyle
6904,Rachel
6905,Dhyan
6906,Kyle
6907,Nathan
6908,Kyle
6909,Cole
6910,CJ
6911,Nathan
6912,Kevin
6913,Brian
6914,Jack
6915,Rachel
6916,Ike
6917,Kevin
6918,Camren
6919,Kyle
6920,Nick
6921,Andrew
6922,Dhairye
6923,Rachel
6924,Eric
6925,Kyle
6926,Andrew
6927,Andrew
6928,Brian
6929,Nathan
6930,Cole
6931,Graeme
6932,Dhyan
6933,Mariana
6934,CJ
6935,Andrew
6936,Camren
6937,Dhairye
6938,Andrew
6939,Jared
6940,Rachel
6941,Andrew
6942,Cole
6943,Graeme
6944,Sabrina
6945,Jared
6946,CJ
6947,Jared
6948,Dhairye
6949,Kevin
6950,Mariana
6951,Brian
6952,Pedro
6953,Rachel
6954,CJ
6955,Jack
6956,Pedro
6957,Jared
6958,Jared
6959,Ike
6960,Graeme
6961,Kyle
6962,Dhyan
6963,Renee
6964,Camren
6965,Renee
6966,Camren
6967,CJ
6968,Graeme
6969,Kyle
6970,Kevin
6971,Dhairye
6972,Dhairye
6973,Brian
6974,CJ
6975,Graeme
6976,Kevin
6977,Ike
6978,Graeme
6979,Dhairye
6980,Kevin
6981,Dhairye
6982,Kevin
6983,Renee
6984,Ike
6985,Dhyan
6986,Pedro
6987,Pedro
6988,Kyle
6989,Rachel
6990,Mariana
6991,Renee
