T_ID,Type,Speed
,NA,NA
,NA,NA
,NA,NA
,NA,NA
,NA,NA
,NA,NA
,NA,NA
,NA,NA
,NA,NA
,NA,NA
,NA,NA
,NA,NA
,NA,NA
,NA,NA
,NA,NA
,NA,NA
,NA,NA
,NA,NA
,NA,NA
,NA,NA
,NA,NA
,NA,NA
,NA,NA
,NA,NA
,NA,NA
,NA,NA
,NA,NA
,NA,NA
,NA,NA
,NA,NA
,NA,NA
,NA,NA
,NA,NA
,NA,NA
,NA,NA
,NA,NA
,NA,NA
,NA,NA
,NA,NA
,NA,NA
,NA,NA
,NA,NA
,NA,NA
,NA,NA
,NA,NA
,NA,NA
,NA,NA
,NA,NA
,NA,NA
,NA,NA
,NA,NA
,NA,NA
,NA,NA
,NA,NA
,NA,NA
,NA,NA
,NA,NA
,NA,NA
,NA,NA
,NA,NA
,NA,NA
,NA,NA
,NA,NA
,NA,NA
,NA,NA
,NA,NA
,NA,NA
,NA,NA
,NA,NA
,NA,NA
,NA,NA
,NA,NA
,NA,NA
,NA,NA
,NA,NA
,NA,NA
,NA,NA
,NA,NA
,NA,NA
,NA,NA
,NA,NA
,NA,NA
,NA,NA
,NA,NA
,NA,NA
,NA,NA
,NA,NA
,NA,NA
,NA,NA
,NA,NA
,NA,NA
,NA,NA
,NA,NA
,NA,NA
,NA,NA
,NA,NA
,NA,NA
,NA,NA
,NA,NA
,NA,NA
,NA,NA
,NA,NA
,NA,NA
,NA,NA
,NA,NA
,NA,NA
,NA,NA
,NA,NA
,NA,NA
,NA,NA
,NA,NA
,NA,NA
,NA,NA
,NA,NA
,NA,NA
,NA,NA
,NA,NA
,NA,NA
,NA,NA
,NA,NA
,NA,NA
,NA,NA
,NA,NA
,NA,NA
,NA,NA
,NA,NA
,NA,NA
,NA,NA
,NA,NA
,NA,NA
,NA,NA
,NA,NA
,NA,NA
,NA,NA
,NA,NA
,NA,NA
,NA,NA
,NA,NA
,NA,NA
,NA,NA
,NA,NA
,NA,NA
,NA,NA
,NA,NA
,NA,NA
,NA,NA
,NA,NA
,NA,NA
,NA,NA
,NA,NA
,NA,NA
,NA,NA
,NA,NA
,NA,NA
,NA,NA
,NA,NA
,NA,NA
,NA,NA
,NA,NA
,NA,NA
,NA,NA
,NA,NA
,NA,NA
,NA,NA
,NA,NA
,NA,NA
,NA,NA
,NA,NA
,NA,NA
,NA,NA
,NA,NA
,NA,NA
,NA,NA
,NA,NA
,NA,NA
,NA,NA
,NA,NA
,NA,NA
,NA,NA
,NA,NA
,NA,NA
,NA,NA
,NA,NA
,NA,NA
,NA,NA
,NA,NA
,NA,NA
,NA,NA
,NA,NA
,NA,NA
,NA,NA
,NA,NA
,NA,NA
,NA,NA
,NA,NA
,NA,NA
,NA,NA
,NA,NA
,NA,NA
,NA,NA
,NA,NA
,NA,NA
,NA,NA
,NA,NA
,NA,NA
,NA,NA
,NA,NA
,NA,NA
,NA,NA
,NA,NA
,NA,NA
,NA,NA
,NA,NA
,NA,NA
,NA,NA
,NA,NA
,NA,NA
,NA,NA
,NA,NA
,NA,NA
,NA,NA
,NA,NA
,NA,NA
,NA,NA
,NA,NA
,NA,NA
,NA,NA
,NA,NA
,NA,NA
,NA,NA
,NA,NA
,NA,NA
,NA,NA
,NA,NA
,NA,NA
,NA,NA
,NA,NA
,NA,NA
,NA,NA
,NA,NA
,NA,NA
,NA,NA
,NA,NA
,NA,NA
,NA,NA
,NA,NA
,NA,NA
,NA,NA
,NA,NA
,NA,NA
,NA,NA
,NA,NA
,NA,NA
,NA,NA
,NA,NA
,NA,NA
,NA,NA
,NA,NA
,NA,NA
,NA,NA
,NA,NA
,NA,NA
,NA,NA
,NA,NA
,NA,NA
,NA,NA
,NA,NA
,NA,NA
,NA,NA
,NA,NA
,NA,NA
,NA,NA
,NA,NA
,NA,NA
,NA,NA
,NA,NA
,NA,NA
,NA,NA
,NA,NA
,NA,NA
,NA,NA
,NA,NA
,NA,NA
,NA,NA
,NA,NA
,NA,NA
,NA,NA
,NA,NA
,NA,NA
,NA,NA
,NA,NA
,NA,NA
,NA,NA
,NA,NA
,NA,NA
,NA,NA
,NA,NA
,NA,NA
,NA,NA
,NA,NA
,NA,NA
,NA,NA
,NA,NA
,NA,NA
,NA,NA
,NA,NA
,NA,NA
,NA,NA
,NA,NA
,NA,NA
,NA,NA
,NA,NA
,NA,NA
,NA,NA
,NA,NA
,NA,NA
,NA,NA
,NA,NA
,NA,NA
,NA,NA
,NA,NA
,NA,NA
,NA,NA
,NA,NA
,NA,NA
,NA,NA
,NA,NA
,NA,NA
,NA,NA
,NA,NA
,NA,NA
,NA,NA
,NA,NA
,NA,NA
,NA,NA
,NA,NA
,NA,NA
,NA,NA
,NA,NA
,NA,NA
,NA,NA
,NA,NA
,NA,NA
,NA,NA
,NA,NA
,NA,NA
,NA,NA
,NA,NA
,NA,NA
,NA,NA
,NA,NA
,NA,NA
,NA,NA
,NA,NA
,NA,NA
,NA,NA
,NA,NA
,NA,NA
,NA,NA
,NA,NA
,NA,NA
,NA,NA
,NA,NA
,NA,NA
,NA,NA
,NA,NA
,NA,NA
,NA,NA
,NA,NA
,NA,NA
,NA,NA
,NA,NA
,NA,NA
,NA,NA
,NA,NA
,NA,NA
,NA,NA
,NA,NA
,NA,NA
,NA,NA
,NA,NA
,NA,NA
,NA,NA
,NA,NA
,NA,NA
,NA,NA
,NA,NA
,NA,NA
,NA,NA
,NA,NA
,NA,NA
,NA,NA
,NA,NA
,NA,NA
,NA,NA
,NA,NA
,NA,NA
,NA,NA
,NA,NA
,NA,NA
,NA,NA
,NA,NA
,NA,NA
,NA,NA
,NA,NA
,NA,NA
,NA,NA
,NA,NA
,NA,NA
,NA,NA
,NA,NA
,NA,NA
,NA,NA
,NA,NA
,NA,NA
,NA,NA
,NA,NA
,NA,NA
,NA,NA
,NA,NA
,NA,NA
,NA,NA
,NA,NA
,NA,NA
,NA,NA
,NA,NA
,NA,NA
,NA,NA
,NA,NA
,NA,NA
,NA,NA
,NA,NA
,NA,NA
,NA,NA
,NA,NA
,NA,NA
,NA,NA
,NA,NA
,NA,NA
,NA,NA
,NA,NA
,NA,NA
,NA,NA
,NA,NA
,NA,NA
,NA,NA
,NA,NA
,NA,NA
,NA,NA
,NA,NA
,NA,NA
,NA,NA
,NA,NA
,NA,NA
,NA,NA
,NA,NA
,NA,NA
,NA,NA
,NA,NA
,NA,NA
,NA,NA
,NA,NA
,NA,NA
,NA,NA
,NA,NA
,NA,NA
,NA,NA
,NA,NA
,NA,NA
,NA,NA
,NA,NA
,NA,NA
,NA,NA
,NA,NA
,NA,NA
,NA,NA
,NA,NA
,NA,NA
,NA,NA
,NA,NA
,NA,NA
,NA,NA
,NA,NA
,NA,NA
,NA,NA
,NA,NA
,NA,NA
,NA,NA
,NA,NA
,NA,NA
,NA,NA
,NA,NA
,NA,NA
,NA,NA
,NA,NA
,NA,NA
,NA,NA
,NA,NA
,NA,NA
,NA,NA
,NA,NA
,NA,NA
,NA,NA
,NA,NA
,NA,NA
,NA,NA
,NA,NA
,NA,NA
,NA,NA
,NA,NA
,NA,NA
,NA,NA
,NA,NA
,NA,NA
,NA,NA
,NA,NA
,NA,NA
,NA,NA
,NA,NA
,NA,NA
,NA,NA
,NA,NA
,NA,NA
,NA,NA
,NA,NA
,NA,NA
,NA,NA
,NA,NA
,NA,NA
,NA,NA
,NA,NA
,NA,NA
,NA,NA
,NA,NA
,NA,NA
,NA,NA
,NA,NA
,NA,NA
,NA,NA
,NA,NA
,NA,NA
,NA,NA
,NA,NA
,NA,NA
,NA,NA
,NA,NA
,NA,NA
,NA,NA
,NA,NA
,NA,NA
,NA,NA
,NA,NA
,NA,NA
,NA,NA
,NA,NA
,NA,NA
,NA,NA
,NA,NA
,NA,NA
,NA,NA
,NA,NA
,NA,NA
,NA,NA
,NA,NA
,NA,NA
,NA,NA
,NA,NA
,NA,NA
,NA,NA
,NA,NA
,NA,NA
,NA,NA
,NA,NA
,NA,NA
,NA,NA
,NA,NA
,NA,NA
,NA,NA
,NA,NA
,NA,NA
,NA,NA
,NA,NA
,NA,NA
,NA,NA
,NA,NA
,NA,NA
,NA,NA
,NA,NA
,NA,NA
,NA,NA
,NA,NA
,NA,NA
,NA,NA
,NA,NA
,NA,NA
,NA,NA
,NA,NA
,NA,NA
,NA,NA
,NA,NA
,NA,NA
,NA,NA
,NA,NA
,NA,NA
,NA,NA
,NA,NA
,NA,NA
,NA,NA
,NA,NA
,NA,NA
,NA,NA
,NA,NA
,NA,NA
,NA,NA
,NA,NA
,NA,NA
,NA,NA
,NA,NA
,NA,NA
,NA,NA
,NA,NA
,NA,NA
,NA,NA
,NA,NA
,NA,NA
,NA,NA
,NA,NA
,NA,NA
,NA,NA
,NA,NA
,NA,NA
,NA,NA
,NA,NA
,NA,NA
,NA,NA
,NA,NA
,NA,NA
,NA,NA
,NA,NA
,NA,NA
,NA,NA
,NA,NA
,NA,NA
,NA,NA
,NA,NA
,NA,NA
,NA,NA
,NA,NA
,NA,NA
,NA,NA
,NA,NA
,NA,NA
,NA,NA
,NA,NA
,NA,NA
,NA,NA
,NA,NA
,NA,NA
,NA,NA
,NA,NA
,NA,NA
,NA,NA
,NA,NA
,NA,NA
,NA,NA
,NA,NA
,NA,NA
,NA,NA
,NA,NA
,NA,NA
,NA,NA
,NA,NA
,NA,NA
,NA,NA
,NA,NA
,NA,NA
,NA,NA
,NA,NA
,NA,NA
,NA,NA
,NA,NA
,NA,NA
,NA,NA
,NA,NA
,NA,NA
,NA,NA
,NA,NA
,NA,NA
,NA,NA
,NA,NA
,NA,NA
,NA,NA
,NA,NA
,NA,NA
,NA,NA
,NA,NA
,NA,NA
,NA,NA
,NA,NA
,NA,NA
,NA,NA
,NA,NA
,NA,NA
,NA,NA
,NA,NA
,NA,NA
,NA,NA
,NA,NA
,NA,NA
,NA,NA
,NA,NA
,NA,NA
,NA,NA
,NA,NA
,NA,NA
,NA,NA
,NA,NA
,NA,NA
,NA,NA
,NA,NA
,NA,NA
,NA,NA
,NA,NA
,NA,NA
,NA,NA
,NA,NA
,NA,NA
,NA,NA
,NA,NA
,NA,NA
,NA,NA
,NA,NA
,NA,NA
,NA,NA
,NA,NA
,NA,NA
,NA,NA
,NA,NA
,NA,NA
,NA,NA
,NA,NA
,NA,NA
,NA,NA
,NA,NA
,NA,NA
,NA,NA
,NA,NA
,NA,NA
,NA,NA
,NA,NA
,NA,NA
,NA,NA
,NA,NA
,NA,NA
,NA,NA
,NA,NA
,NA,NA
,NA,NA
,NA,NA
,NA,NA
,NA,NA
,NA,NA
,NA,NA
,NA,NA
,NA,NA
,NA,NA
,NA,NA
,NA,NA
,NA,NA
,NA,NA
,NA,NA
,NA,NA
,NA,NA
,NA,NA
,NA,NA
,NA,NA
,NA,NA
,NA,NA
,NA,NA
,NA,NA
,NA,NA
,NA,NA
,NA,NA
,NA,NA
,NA,NA
,NA,NA
,NA,NA
,NA,NA
,NA,NA
,NA,NA
,NA,NA
,NA,NA
,NA,NA
,NA,NA
,NA,NA
,NA,NA
,NA,NA
,NA,NA
,NA,NA
,NA,NA
,NA,NA
,NA,NA
,NA,NA
,NA,NA
,NA,NA
,NA,NA
,NA,NA
,NA,NA
,NA,NA
,NA,NA
,NA,NA
,NA,NA
,NA,NA
,NA,NA
,NA,NA
,NA,NA
,NA,NA
,NA,NA
,NA,NA
,NA,NA
,NA,NA
,NA,NA
,NA,NA
,NA,NA
,NA,NA
,NA,NA
,NA,NA
,NA,NA
,NA,NA
,NA,NA
,NA,NA
,NA,NA
,NA,NA
,NA,NA
,NA,NA
,NA,NA
,NA,NA
,NA,NA
,NA,NA
,NA,NA
,NA,NA
,NA,NA
,NA,NA
,NA,NA
,NA,NA
,NA,NA
,NA,NA
,NA,NA
,NA,NA
,NA,NA
,NA,NA
,NA,NA
,NA,NA
,NA,NA
,NA,NA
,NA,NA
,NA,NA
,NA,NA
,NA,NA
,NA,NA
,NA,NA
,NA,NA
,NA,NA
,NA,NA
,NA,NA
,NA,NA
,NA,NA
,NA,NA
,NA,NA
,NA,NA
,NA,NA
,NA,NA
,NA,NA
,NA,NA
,NA,NA
,NA,NA
,NA,NA
,NA,NA
,NA,NA
,NA,NA
,NA,NA
,NA,NA
,NA,NA
,NA,NA
,NA,NA
,NA,NA
,NA,NA
,NA,NA
,NA,NA
,NA,NA
,NA,NA
,NA,NA
,NA,NA
,NA,NA
,NA,NA
,NA,NA
,NA,NA
,NA,NA
,NA,NA
,NA,NA
,NA,NA
,NA,NA
,NA,NA
,NA,NA
,NA,NA
,NA,NA
,NA,NA
,NA,NA
,NA,NA
,NA,NA
,NA,NA
,NA,NA
,NA,NA
,NA,NA
,NA,NA
,NA,NA
,NA,NA
,NA,NA
,NA,NA
,NA,NA
,NA,NA
,NA,NA
,NA,NA
,NA,NA
,NA,NA
,NA,NA
,NA,NA
,NA,NA
,NA,NA
,NA,NA
,NA,NA
,NA,NA
,NA,NA
,NA,NA
,NA,NA
,NA,NA
,NA,NA
,NA,NA
,NA,NA
,NA,NA
,NA,NA
,NA,NA
,NA,NA
,NA,NA
,NA,NA
,NA,NA
,NA,NA
,NA,NA
,NA,NA
,NA,NA
,NA,NA
,NA,NA
,NA,NA
,NA,NA
,NA,NA
,NA,NA
,NA,NA
,NA,NA
,NA,NA
,NA,NA
,NA,NA
,NA,NA
,NA,NA
,NA,NA
,NA,NA
,NA,NA
,NA,NA
,NA,NA
,NA,NA
,NA,NA
,NA,NA
,NA,NA
,NA,NA
,NA,NA
,NA,NA
,NA,NA
,NA,NA
,NA,NA
,NA,NA
,NA,NA
,NA,NA
,NA,NA
,NA,NA
,NA,NA
,NA,NA
,NA,NA
,NA,NA
,NA,NA
,NA,NA
,NA,NA
,NA,NA
,NA,NA
,NA,NA
,NA,NA
,NA,NA
,NA,NA
,NA,NA
,NA,NA
,NA,NA
,NA,NA
,NA,NA
,NA,NA
,NA,NA
,NA,NA
,NA,NA
,NA,NA
,NA,NA
,NA,NA
,NA,NA
,NA,NA
,NA,NA
,NA,NA
,NA,NA
,NA,NA
,NA,NA
,NA,NA
,NA,NA
,NA,NA
,NA,NA
,NA,NA
,NA,NA
,NA,NA
,NA,NA
,NA,NA
,NA,NA
,NA,NA
,NA,NA
,NA,NA
,NA,NA
,NA,NA
,NA,NA
,NA,NA
,NA,NA
,NA,NA
,NA,NA
,NA,NA
,NA,NA
,NA,NA
,NA,NA
,NA,NA
,NA,NA
,NA,NA
,NA,NA
,NA,NA
,NA,NA
,NA,NA
,NA,NA
,NA,NA
,NA,NA
,NA,NA
,NA,NA
,NA,NA
,NA,NA
,NA,NA
,NA,NA
,NA,NA
,NA,NA
,NA,NA
,NA,NA
,NA,NA
,NA,NA
,NA,NA
,NA,NA
,NA,NA
,NA,NA
,NA,NA
,NA,NA
,NA,NA
,NA,NA
,NA,NA
,NA,NA
,NA,NA
,NA,NA
,NA,NA
,NA,NA
,NA,NA
,NA,NA
,NA,NA
,NA,NA
,NA,NA
,NA,NA
,NA,NA
,NA,NA
,NA,NA
,NA,NA
,NA,NA
,NA,NA
,NA,NA
,NA,NA
,NA,NA
,NA,NA
,NA,NA
,NA,NA
,NA,NA
,NA,NA
,NA,NA
,NA,NA
,NA,NA
,NA,NA
,NA,NA
,NA,NA
,NA,NA
,NA,NA
,NA,NA
,NA,NA
,NA,NA
,NA,NA
,NA,NA
,NA,NA
,NA,NA
,NA,NA
,NA,NA
,NA,NA
,NA,NA
,NA,NA
,NA,NA
,NA,NA
,NA,NA
,NA,NA
,NA,NA
,NA,NA
,NA,NA
,NA,NA
,NA,NA
,NA,NA
,NA,NA
,NA,NA
,NA,NA
,NA,NA
,NA,NA
,NA,NA
,NA,NA
,NA,NA
,NA,NA
,NA,NA
,NA,NA
,NA,NA
,NA,NA
,NA,NA
,NA,NA
,NA,NA
,NA,NA
,NA,NA
,NA,NA
,NA,NA
,NA,NA
,NA,NA
,NA,NA
,NA,NA
,NA,NA
,NA,NA
,NA,NA
,NA,NA
,NA,NA
,NA,NA
,NA,NA
,NA,NA
,NA,NA
,NA,NA
,NA,NA
,NA,NA
,NA,NA
,NA,NA
,NA,NA
,NA,NA
,NA,NA
,NA,NA
,NA,NA
,NA,NA
,NA,NA
,NA,NA
,NA,NA
,NA,NA
,NA,NA
,NA,NA
,NA,NA
,NA,NA
,NA,NA
,NA,NA
,NA,NA
,NA,NA
,NA,NA
,NA,NA
,NA,NA
,NA,NA
,NA,NA
,NA,NA
,NA,NA
,NA,NA
,NA,NA
,NA,NA
,NA,NA
,NA,NA
,NA,NA
,NA,NA
,NA,NA
,NA,NA
,NA,NA
,NA,NA
,NA,NA
,NA,NA
,NA,NA
,NA,NA
,NA,NA
,NA,NA
,NA,NA
,NA,NA
,NA,NA
,NA,NA
,NA,NA
,NA,NA
,NA,NA
,NA,NA
,NA,NA
,NA,NA
,NA,NA
,NA,NA
,NA,NA
,NA,NA
,NA,NA
,NA,NA
,NA,NA
,NA,NA
,NA,NA
,NA,NA
,NA,NA
,NA,NA
,NA,NA
,NA,NA
,NA,NA
,NA,NA
,NA,NA
,NA,NA
,NA,NA
,NA,NA
,NA,NA
,NA,NA
,NA,NA
,NA,NA
,NA,NA
,NA,NA
,NA,NA
,NA,NA
,NA,NA
,NA,NA
,NA,NA
,NA,NA
,NA,NA
,NA,NA
,NA,NA
,NA,NA
,NA,NA
,NA,NA
,NA,NA
,NA,NA
,NA,NA
,NA,NA
,NA,NA
,NA,NA
,NA,NA
,NA,NA
,NA,NA
,NA,NA
,NA,NA
,NA,NA
,NA,NA
,NA,NA
,NA,NA
,NA,NA
,NA,NA
,NA,NA
,NA,NA
,NA,NA
,NA,NA
,NA,NA
,NA,NA
,NA,NA
,NA,NA
,NA,NA
,NA,NA
,NA,NA
,NA,NA
,NA,NA
,NA,NA
,NA,NA
,NA,NA
,NA,NA
,NA,NA
,NA,NA
,NA,NA
,NA,NA
,NA,NA
,NA,NA
,NA,NA
,NA,NA
,NA,NA
,NA,NA
,NA,NA
,NA,NA
,NA,NA
,NA,NA
,NA,NA
,NA,NA
,NA,NA
,NA,NA
,NA,NA
,NA,NA
,NA,NA
,NA,NA
,NA,NA
,NA,NA
,NA,NA
,NA,NA
,NA,NA
,NA,NA
,NA,NA
,NA,NA
,NA,NA
,NA,NA
,NA,NA
,NA,NA
,NA,NA
,NA,NA
,NA,NA
,NA,NA
,NA,NA
,NA,NA
,NA,NA
,NA,NA
,NA,NA
,NA,NA
,NA,NA
,NA,NA
,NA,NA
,NA,NA
,NA,NA
,NA,NA
,NA,NA
,NA,NA
,NA,NA
,NA,NA
,NA,NA
,NA,NA
,NA,NA
,NA,NA
,NA,NA
,NA,NA
,NA,NA
,NA,NA
,NA,NA
,NA,NA
,NA,NA
,NA,NA
,NA,NA
,NA,NA
,NA,NA
,NA,NA
,NA,NA
,NA,NA
,NA,NA
,NA,NA
,NA,NA
,NA,NA
,NA,NA
,NA,NA
,NA,NA
,NA,NA
,NA,NA
,NA,NA
,NA,NA
,NA,NA
,NA,NA
,NA,NA
,NA,NA
,NA,NA
,NA,NA
,NA,NA
,NA,NA
,NA,NA
,NA,NA
,NA,NA
,NA,NA
,NA,NA
,NA,NA
,NA,NA
,NA,NA
,NA,NA
,NA,NA
,NA,NA
,NA,NA
,NA,NA
,NA,NA
,NA,NA
,NA,NA
,NA,NA
,NA,NA
,NA,NA
,NA,NA
,NA,NA
,NA,NA
,NA,NA
,NA,NA
,NA,NA
,NA,NA
,NA,NA
,NA,NA
,NA,NA
,NA,NA
,NA,NA
,NA,NA
,NA,NA
,NA,NA
,NA,NA
,NA,NA
,NA,NA
,NA,NA
,NA,NA
,NA,NA
,NA,NA
,NA,NA
,NA,NA
,NA,NA
,NA,NA
,NA,NA
,NA,NA
,NA,NA
,NA,NA
,NA,NA
,NA,NA
,NA,NA
,NA,NA
,NA,NA
,NA,NA
,NA,NA
,NA,NA
,NA,NA
,NA,NA
,NA,NA
,NA,NA
,NA,NA
,NA,NA
,NA,NA
,NA,NA
,NA,NA
,NA,NA
,NA,NA
,NA,NA
,NA,NA
,NA,NA
,NA,NA
,NA,NA
,NA,NA
,NA,NA
,NA,NA
,NA,NA
,NA,NA
,NA,NA
,NA,NA
,NA,NA
,NA,NA
,NA,NA
,NA,NA
,NA,NA
,NA,NA
,NA,NA
,NA,NA
,NA,NA
,NA,NA
,NA,NA
,NA,NA
,NA,NA
,NA,NA
,NA,NA
,NA,NA
,NA,NA
,NA,NA
,NA,NA
,NA,NA
,NA,NA
,NA,NA
,NA,NA
,NA,NA
,NA,NA
,NA,NA
,NA,NA
,NA,NA
,NA,NA
,NA,NA
,NA,NA
,NA,NA
,NA,NA
,NA,NA
,NA,NA
,NA,NA
,NA,NA
,NA,NA
,NA,NA
,NA,NA
,NA,NA
,NA,NA
,NA,NA
,NA,NA
,NA,NA
,NA,NA
,NA,NA
,NA,NA
,NA,NA
,NA,NA
,NA,NA
,NA,NA
,NA,NA
,NA,NA
,NA,NA
,NA,NA
,NA,NA
,NA,NA
,NA,NA
,NA,NA
,NA,NA
,NA,NA
,NA,NA
,NA,NA
,NA,NA
,NA,NA
,NA,NA
,NA,NA
,NA,NA
,NA,NA
,NA,NA
,NA,NA
,NA,NA
,NA,NA
,NA,NA
,NA,NA
,NA,NA
,NA,NA
,NA,NA
,NA,NA
,NA,NA
,NA,NA
,NA,NA
,NA,NA
,NA,NA
,NA,NA
,NA,NA
,NA,NA
,NA,NA
,NA,NA
,NA,NA
,NA,NA
,NA,NA
,NA,NA
,NA,NA
,NA,NA
,NA,NA
,NA,NA
,NA,NA
,NA,NA
,NA,NA
,NA,NA
,NA,NA
,NA,NA
,NA,NA
,NA,NA
,NA,NA
,NA,NA
,NA,NA
,NA,NA
,NA,NA
,NA,NA
,NA,NA
,NA,NA
,NA,NA
,NA,NA
,NA,NA
,NA,NA
,NA,NA
,NA,NA
,NA,NA
,NA,NA
,NA,NA
,NA,NA
,NA,NA
,NA,NA
,NA,NA
,NA,NA
,NA,NA
,NA,NA
,NA,NA
,NA,NA
,NA,NA
,NA,NA
,NA,NA
,NA,NA
,NA,NA
,NA,NA
,NA,NA
,NA,NA
,NA,NA
,NA,NA
,NA,NA
,NA,NA
,NA,NA
,NA,NA
,NA,NA
,NA,NA
,NA,NA
,NA,NA
,NA,NA
,NA,NA
,NA,NA
,NA,NA
,NA,NA
,NA,NA
,NA,NA
,NA,NA
,NA,NA
,NA,NA
,NA,NA
,NA,NA
,NA,NA
,NA,NA
,NA,NA
,NA,NA
,NA,NA
,NA,NA
,NA,NA
,NA,NA
,NA,NA
,NA,NA
,NA,NA
,NA,NA
,NA,NA
,NA,NA
,NA,NA
,NA,NA
,NA,NA
,NA,NA
,NA,NA
,NA,NA
,NA,NA
,NA,NA
,NA,NA
,NA,NA
,NA,NA
,NA,NA
,NA,NA
,NA,NA
,NA,NA
,NA,NA
,NA,NA
,NA,NA
,NA,NA
,NA,NA
,NA,NA
,NA,NA
,NA,NA
,NA,NA
,NA,NA
,NA,NA
,NA,NA
,NA,NA
,NA,NA
,NA,NA
,NA,NA
,NA,NA
,NA,NA
,NA,NA
,NA,NA
,NA,NA
,NA,NA
,NA,NA
,NA,NA
,NA,NA
,NA,NA
,NA,NA
,NA,NA
,NA,NA
,NA,NA
,NA,NA
,NA,NA
,NA,NA
,NA,NA
,NA,NA
,NA,NA
,NA,NA
,NA,NA
,NA,NA
,NA,NA
,NA,NA
,NA,NA
,NA,NA
,NA,NA
,NA,NA
,NA,NA
,NA,NA
,NA,NA
,NA,NA
,NA,NA
,NA,NA
,NA,NA
,NA,NA
,NA,NA
,NA,NA
,NA,NA
,NA,NA
,NA,NA
,NA,NA
,NA,NA
,NA,NA
,NA,NA
,NA,NA
,NA,NA
,NA,NA
,NA,NA
,NA,NA
,NA,NA
,NA,NA
,NA,NA
,NA,NA
,NA,NA
,NA,NA
,NA,NA
,NA,NA
,NA,NA
,NA,NA
,NA,NA
,NA,NA
,NA,NA
,NA,NA
,NA,NA
,NA,NA
,NA,NA
,NA,NA
,NA,NA
,NA,NA
,NA,NA
,NA,NA
,NA,NA
,NA,NA
,NA,NA
,NA,NA
,NA,NA
,NA,NA
,NA,NA
,NA,NA
,NA,NA
,NA,NA
,NA,NA
,NA,NA
,NA,NA
,NA,NA
,NA,NA
,NA,NA
,NA,NA
,NA,NA
,NA,NA
,NA,NA
,NA,NA
,NA,NA
,NA,NA
,NA,NA
,NA,NA
,NA,NA
,NA,NA
,NA,NA
,NA,NA
,NA,NA
,NA,NA
,NA,NA
,NA,NA
,NA,NA
,NA,NA
,NA,NA
,NA,NA
,NA,NA
,NA,NA
,NA,NA
,NA,NA
,NA,NA
,NA,NA
,NA,NA
,NA,NA
,NA,NA
,NA,NA
,NA,NA
,NA,NA
,NA,NA
,NA,NA
,NA,NA
,NA,NA
,NA,NA
,NA,NA
,NA,NA
,NA,NA
,NA,NA
,NA,NA
,NA,NA
,NA,NA
,NA,NA
,NA,NA
,NA,NA
,NA,NA
,NA,NA
,NA,NA
,NA,NA
,NA,NA
,NA,NA
,NA,NA
,NA,NA
,NA,NA
,NA,NA
,NA,NA
,NA,NA
,NA,NA
,NA,NA
,NA,NA
,NA,NA
,NA,NA
,NA,NA
,NA,NA
,NA,NA
,NA,NA
,NA,NA
,NA,NA
,NA,NA
,NA,NA
,NA,NA
,NA,NA
,NA,NA
,NA,NA
,NA,NA
,NA,NA
,NA,NA
,NA,NA
,NA,NA
,NA,NA
,NA,NA
,NA,NA
,NA,NA
,NA,NA
,NA,NA
,NA,NA
,NA,NA
,NA,NA
,NA,NA
,NA,NA
,NA,NA
,NA,NA
,NA,NA
,NA,NA
,NA,NA
,NA,NA
,NA,NA
,NA,NA
,NA,NA
,NA,NA
,NA,NA
,NA,NA
,NA,NA
,NA,NA
,NA,NA
,NA,NA
,NA,NA
,NA,NA
,NA,NA
,NA,NA
,NA,NA
,NA,NA
,NA,NA
,NA,NA
,NA,NA
,NA,NA
,NA,NA
,NA,NA
,NA,NA
,NA,NA
,NA,NA
,NA,NA
,NA,NA
,NA,NA
,NA,NA
,NA,NA
,NA,NA
,NA,NA
,NA,NA
,NA,NA
,NA,NA
,NA,NA
,NA,NA
,NA,NA
,NA,NA
,NA,NA
,NA,NA
,NA,NA
,NA,NA
,NA,NA
,NA,NA
,NA,NA
,NA,NA
,NA,NA
,NA,NA
,NA,NA
,NA,NA
,NA,NA
,NA,NA
,NA,NA
,NA,NA
,NA,NA
,NA,NA
,NA,NA
,NA,NA
,NA,NA
,NA,NA
,NA,NA
,NA,NA
,NA,NA
,NA,NA
,NA,NA
,NA,NA
,NA,NA
,NA,NA
,NA,NA
,NA,NA
,NA,NA
,NA,NA
,NA,NA
,NA,NA
,NA,NA
,NA,NA
,NA,NA
,NA,NA
,NA,NA
,NA,NA
,NA,NA
,NA,NA
,NA,NA
,NA,NA
,NA,NA
,NA,NA
,NA,NA
,NA,NA
,NA,NA
,NA,NA
,NA,NA
,NA,NA
,NA,NA
,NA,NA
,NA,NA
,NA,NA
,NA,NA
,NA,NA
,NA,NA
,NA,NA
,NA,NA
,NA,NA
,NA,NA
,NA,NA
,NA,NA
,NA,NA
,NA,NA
,NA,NA
,NA,NA
,NA,NA
,NA,NA
,NA,NA
,NA,NA
,NA,NA
,NA,NA
,NA,NA
,NA,NA
,NA,NA
,NA,NA
,NA,NA
,NA,NA
,NA,NA
,NA,NA
,NA,NA
,NA,NA
,NA,NA
,NA,NA
,NA,NA
,NA,NA
,NA,NA
,NA,NA
,NA,NA
,NA,NA
,NA,NA
,NA,NA
,NA,NA
,NA,NA
,NA,NA
,NA,NA
,NA,NA
,NA,NA
,NA,NA
,NA,NA
,NA,NA
,NA,NA
,NA,NA
,NA,NA
,NA,NA
,NA,NA
,NA,NA
,NA,NA
,NA,NA
,NA,NA
,NA,NA
,NA,NA
,NA,NA
,NA,NA
,NA,NA
,NA,NA
,NA,NA
,NA,NA
,NA,NA
,NA,NA
,NA,NA
,NA,NA
,NA,NA
,NA,NA
,NA,NA
,NA,NA
,NA,NA
,NA,NA
,NA,NA
,NA,NA
,NA,NA
,NA,NA
,NA,NA
,NA,NA
,NA,NA
,NA,NA
,NA,NA
,NA,NA
,NA,NA
,NA,NA
,NA,NA
,NA,NA
,NA,NA
,NA,NA
,NA,NA
,NA,NA
,NA,NA
,NA,NA
,NA,NA
,NA,NA
,NA,NA
,NA,NA
,NA,NA
,NA,NA
,NA,NA
,NA,NA
,NA,NA
,NA,NA
,NA,NA
,NA,NA
,NA,NA
,NA,NA
,NA,NA
,NA,NA
,NA,NA
,NA,NA
,NA,NA
,NA,NA
,NA,NA
,NA,NA
,NA,NA
,NA,NA
,NA,NA
,NA,NA
,NA,NA
,NA,NA
,NA,NA
,NA,NA
,NA,NA
,NA,NA
,NA,NA
,NA,NA
,NA,NA
,NA,NA
,NA,NA
,NA,NA
,NA,NA
,NA,NA
,NA,NA
,NA,NA
,NA,NA
,NA,NA
,NA,NA
,NA,NA
,NA,NA
,NA,NA
,NA,NA
,NA,NA
,NA,NA
,NA,NA
,NA,NA
,NA,NA
,NA,NA
,NA,NA
,NA,NA
,NA,NA
,NA,NA
,NA,NA
,NA,NA
,NA,NA
,NA,NA
,NA,NA
,NA,NA
,NA,NA
,NA,NA
,NA,NA
,NA,NA
,NA,NA
,NA,NA
,NA,NA
,NA,NA
,NA,NA
,NA,NA
,NA,NA
,NA,NA
,NA,NA
,NA,NA
,NA,NA
,NA,NA
,NA,NA
,NA,NA
,NA,NA
,NA,NA
,NA,NA
,NA,NA
,NA,NA
,NA,NA
,NA,NA
,NA,NA
,NA,NA
,NA,NA
,NA,NA
,NA,NA
,NA,NA
,NA,NA
,NA,NA
,NA,NA
,NA,NA
,NA,NA
,NA,NA
,NA,NA
,NA,NA
,NA,NA
,NA,NA
,NA,NA
,NA,NA
,NA,NA
,NA,NA
,NA,NA
,NA,NA
,NA,NA
,NA,NA
,NA,NA
,NA,NA
,NA,NA
,NA,NA
,NA,NA
,NA,NA
,NA,NA
,NA,NA
,NA,NA
,NA,NA
,NA,NA
,NA,NA
,NA,NA
,NA,NA
,NA,NA
,NA,NA
,NA,NA
,NA,NA
,NA,NA
,NA,NA
,NA,NA
,NA,NA
,NA,NA
,NA,NA
,NA,NA
,NA,NA
,NA,NA
,NA,NA
,NA,NA
,NA,NA
,NA,NA
,NA,NA
,NA,NA
,NA,NA
,NA,NA
,NA,NA
,NA,NA
,NA,NA
,NA,NA
,NA,NA
,NA,NA
,NA,NA
,NA,NA
,NA,NA
,NA,NA
,NA,NA
,NA,NA
,NA,NA
,NA,NA
,NA,NA
,NA,NA
,NA,NA
,NA,NA
,NA,NA
,NA,NA
,NA,NA
,NA,NA
,NA,NA
,NA,NA
,NA,NA
,NA,NA
,NA,NA
,NA,NA
,NA,NA
,NA,NA
,NA,NA
,NA,NA
,NA,NA
,NA,NA
,NA,NA
,NA,NA
,NA,NA
,NA,NA
,NA,NA
,NA,NA
,NA,NA
,NA,NA
,NA,NA
,NA,NA
,NA,NA
,NA,NA
,NA,NA
,NA,NA
,NA,NA
,NA,NA
,NA,NA
,NA,NA
,NA,NA
,NA,NA
,NA,NA
,NA,NA
,NA,NA
,NA,NA
,NA,NA
,NA,NA
,NA,NA
,NA,NA
,NA,NA
,NA,NA
,NA,NA
,NA,NA
,NA,NA
,NA,NA
,NA,NA
,NA,NA
,NA,NA
,NA,NA
,NA,NA
,NA,NA
,NA,NA
,NA,NA
,NA,NA
,NA,NA
,NA,NA
,NA,NA
,NA,NA
,NA,NA
,NA,NA
,NA,NA
,NA,NA
,NA,NA
,NA,NA
,NA,NA
,NA,NA
,NA,NA
,NA,NA
,NA,NA
,NA,NA
,NA,NA
,NA,NA
,NA,NA
,NA,NA
,NA,NA
,NA,NA
,NA,NA
,NA,NA
,NA,NA
,NA,NA
,NA,NA
,NA,NA
,NA,NA
,NA,NA
,NA,NA
,NA,NA
,NA,NA
,NA,NA
,NA,NA
,NA,NA
,NA,NA
,NA,NA
,NA,NA
,NA,NA
,NA,NA
,NA,NA
,NA,NA
,NA,NA
,NA,NA
,NA,NA
,NA,NA
,NA,NA
,NA,NA
,NA,NA
,NA,NA
,NA,NA
,NA,NA
,NA,NA
,NA,NA
,NA,NA
,NA,NA
,NA,NA
,NA,NA
,NA,NA
,NA,NA
,NA,NA
,NA,NA
,NA,NA
,NA,NA
,NA,NA
,NA,NA
,NA,NA
,NA,NA
,NA,NA
,NA,NA
,NA,NA
,NA,NA
,NA,NA
,NA,NA
,NA,NA
,NA,NA
,NA,NA
,NA,NA
,NA,NA
,NA,NA
,NA,NA
,NA,NA
,NA,NA
,NA,NA
,NA,NA
,NA,NA
,NA,NA
,NA,NA
,NA,NA
,NA,NA
,NA,NA
,NA,NA
,NA,NA
,NA,NA
,NA,NA
,NA,NA
,NA,NA
,NA,NA
,NA,NA
,NA,NA
,NA,NA
,NA,NA
,NA,NA
,NA,NA
,NA,NA
,NA,NA
,NA,NA
,NA,NA
,NA,NA
,NA,NA
,NA,NA
,NA,NA
,NA,NA
,NA,NA
,NA,NA
,NA,NA
,NA,NA
,NA,NA
,NA,NA
,NA,NA
,NA,NA
,NA,NA
,NA,NA
,NA,NA
,NA,NA
,NA,NA
,NA,NA
,NA,NA
,NA,NA
,NA,NA
,NA,NA
,NA,NA
,NA,NA
,NA,NA
,NA,NA
,NA,NA
,NA,NA
,NA,NA
,NA,NA
,NA,NA
,NA,NA
,NA,NA
,NA,NA
,NA,NA
,NA,NA
,NA,NA
,NA,NA
,NA,NA
,NA,NA
,NA,NA
,NA,NA
,NA,NA
,NA,NA
,NA,NA
,NA,NA
,NA,NA
,NA,NA
,NA,NA
,NA,NA
,NA,NA
,NA,NA
,NA,NA
,NA,NA
,NA,NA
,NA,NA
,NA,NA
,NA,NA
,NA,NA
,NA,NA
,NA,NA
,NA,NA
,NA,NA
,NA,NA
,NA,NA
,NA,NA
,NA,NA
,NA,NA
,NA,NA
,NA,NA
,NA,NA
,NA,NA
,NA,NA
,NA,NA
,NA,NA
,NA,NA
,NA,NA
,NA,NA
,NA,NA
,NA,NA
,NA,NA
,NA,NA
,NA,NA
,NA,NA
,NA,NA
,NA,NA
,NA,NA
,NA,NA
,NA,NA
,NA,NA
,NA,NA
,NA,NA
,NA,NA
,NA,NA
,NA,NA
,NA,NA
,NA,NA
,NA,NA
,NA,NA
,NA,NA
,NA,NA
,NA,NA
,NA,NA
,NA,NA
,NA,NA
,NA,NA
,NA,NA
,NA,NA
,NA,NA
,NA,NA
,NA,NA
,NA,NA
,NA,NA
,NA,NA
,NA,NA
,NA,NA
,NA,NA
,NA,NA
,NA,NA
,NA,NA
,NA,NA
,NA,NA
,NA,NA
,NA,NA
,NA,NA
,NA,NA
,NA,NA
,NA,NA
,NA,NA
,NA,NA
,NA,NA
,NA,NA
,NA,NA
,NA,NA
,NA,NA
,NA,NA
,NA,NA
,NA,NA
,NA,NA
,NA,NA
,NA,NA
,NA,NA
,NA,NA
,NA,NA
,NA,NA
,NA,NA
,NA,NA
,NA,NA
,NA,NA
,NA,NA
,NA,NA
,NA,NA
,NA,NA
,NA,NA
,NA,NA
,NA,NA
,NA,NA
,NA,NA
,NA,NA
,NA,NA
,NA,NA
,NA,NA
,NA,NA
,NA,NA
,NA,NA
,NA,NA
,NA,NA
,NA,NA
,NA,NA
,NA,NA
,NA,NA
,NA,NA
,NA,NA
,NA,NA
,NA,NA
,NA,NA
,NA,NA
,NA,NA
,NA,NA
,NA,NA
,NA,NA
,NA,NA
,NA,NA
,NA,NA
,NA,NA
,NA,NA
,NA,NA
,NA,NA
,NA,NA
,NA,NA
,NA,NA
,NA,NA
,NA,NA
,NA,NA
,NA,NA
,NA,NA
,NA,NA
,NA,NA
,NA,NA
,NA,NA
,NA,NA
,NA,NA
,NA,NA
,NA,NA
,NA,NA
,NA,NA
,NA,NA
,NA,NA
,NA,NA
,NA,NA
,NA,NA
,NA,NA
,NA,NA
,NA,NA
,NA,NA
,NA,NA
,NA,NA
,NA,NA
,NA,NA
,NA,NA
,NA,NA
,NA,NA
,NA,NA
,NA,NA
,NA,NA
,NA,NA
,NA,NA
,NA,NA
,NA,NA
,NA,NA
,NA,NA
,NA,NA
,NA,NA
,NA,NA
,NA,NA
,NA,NA
,NA,NA
,NA,NA
,NA,NA
,NA,NA
,NA,NA
,NA,NA
,NA,NA
,NA,NA
,NA,NA
,NA,NA
,NA,NA
,NA,NA
,NA,NA
,NA,NA
,NA,NA
,NA,NA
,NA,NA
,NA,NA
,NA,NA
,NA,NA
,NA,NA
,NA,NA
,NA,NA
,NA,NA
,NA,NA
,NA,NA
,NA,NA
,NA,NA
,NA,NA
,NA,NA
,NA,NA
,NA,NA
,NA,NA
,NA,NA
,NA,NA
,NA,NA
,NA,NA
,NA,NA
,NA,NA
,NA,NA
,NA,NA
,NA,NA
,NA,NA
,NA,NA
,NA,NA
,NA,NA
,NA,NA
,NA,NA
,NA,NA
,NA,NA
,NA,NA
,NA,NA
,NA,NA
,NA,NA
,NA,NA
,NA,NA
,NA,NA
,NA,NA
,NA,NA
,NA,NA
,NA,NA
,NA,NA
,NA,NA
,NA,NA
,NA,NA
,NA,NA
,NA,NA
,NA,NA
,NA,NA
,NA,NA
,NA,NA
,NA,NA
,NA,NA
,NA,NA
,NA,NA
,NA,NA
,NA,NA
,NA,NA
,NA,NA
,NA,NA
,NA,NA
,NA,NA
,NA,NA
,NA,NA
,NA,NA
,NA,NA
,NA,NA
,NA,NA
,NA,NA
,NA,NA
,NA,NA
,NA,NA
,NA,NA
,NA,NA
,NA,NA
,NA,NA
,NA,NA
,NA,NA
,NA,NA
,NA,NA
,NA,NA
,NA,NA
,NA,NA
,NA,NA
,NA,NA
,NA,NA
,NA,NA
,NA,NA
,NA,NA
,NA,NA
,NA,NA
,NA,NA
,NA,NA
,NA,NA
,NA,NA
,NA,NA
,NA,NA
,NA,NA
,NA,NA
,NA,NA
,NA,NA
,NA,NA
,NA,NA
,NA,NA
,NA,NA
,NA,NA
,NA,NA
,NA,NA
,NA,NA
,NA,NA
,NA,NA
,NA,NA
,NA,NA
,NA,NA
,NA,NA
,NA,NA
,NA,NA
,NA,NA
,NA,NA
,NA,NA
,NA,NA
,NA,NA
,NA,NA
,NA,NA
,NA,NA
,NA,NA
,NA,NA
,NA,NA
,NA,NA
,NA,NA
,NA,NA
,NA,NA
,NA,NA
,NA,NA
,NA,NA
,NA,NA
,NA,NA
,NA,NA
,NA,NA
,NA,NA
,NA,NA
,NA,NA
,NA,NA
,NA,NA
,NA,NA
,NA,NA
,NA,NA
,NA,NA
,NA,NA
,NA,NA
,NA,NA
,NA,NA
,NA,NA
,NA,NA
,NA,NA
,NA,NA
,NA,NA
,NA,NA
,NA,NA
,NA,NA
,NA,NA
,NA,NA
,NA,NA
,NA,NA
,NA,NA
,NA,NA
,NA,NA
,NA,NA
,NA,NA
,NA,NA
,NA,NA
,NA,NA
,NA,NA
,NA,NA
,NA,NA
,NA,NA
,NA,NA
,NA,NA
,NA,NA
,NA,NA
,NA,NA
,NA,NA
,NA,NA
,NA,NA
,NA,NA
,NA,NA
,NA,NA
,NA,NA
,NA,NA
,NA,NA
,NA,NA
,NA,NA
,NA,NA
,NA,NA
,NA,NA
,NA,NA
,NA,NA
,NA,NA
,NA,NA
,NA,NA
,NA,NA
,NA,NA
,NA,NA
,NA,NA
,NA,NA
,NA,NA
,NA,NA
,NA,NA
,NA,NA
,NA,NA
,NA,NA
,NA,NA
,NA,NA
,NA,NA
,NA,NA
,NA,NA
,NA,NA
,NA,NA
,NA,NA
,NA,NA
,NA,NA
,NA,NA
,NA,NA
,NA,NA
,NA,NA
,NA,NA
,NA,NA
,NA,NA
,NA,NA
,NA,NA
,NA,NA
,NA,NA
,NA,NA
,NA,NA
,NA,NA
,NA,NA
,NA,NA
,NA,NA
,NA,NA
,NA,NA
,NA,NA
,NA,NA
,NA,NA
,NA,NA
,NA,NA
,NA,NA
,NA,NA
,NA,NA
,NA,NA
,NA,NA
,NA,NA
,NA,NA
,NA,NA
,NA,NA
,NA,NA
,NA,NA
,NA,NA
,NA,NA
,NA,NA
,NA,NA
,NA,NA
,NA,NA
,NA,NA
,NA,NA
,NA,NA
,NA,NA
,NA,NA
,NA,NA
,NA,NA
,NA,NA
,NA,NA
,NA,NA
,NA,NA
,NA,NA
,NA,NA
,NA,NA
,NA,NA
,NA,NA
,NA,NA
,NA,NA
,NA,NA
,NA,NA
,NA,NA
,NA,NA
,NA,NA
,NA,NA
,NA,NA
,NA,NA
,NA,NA
,NA,NA
,NA,NA
,NA,NA
,NA,NA
,NA,NA
,NA,NA
,NA,NA
,NA,NA
,NA,NA
,NA,NA
,NA,NA
,NA,NA
,NA,NA
,NA,NA
,NA,NA
,NA,NA
,NA,NA
,NA,NA
,NA,NA
,NA,NA
,NA,NA
,NA,NA
,NA,NA
,NA,NA
,NA,NA
,NA,NA
,NA,NA
,NA,NA
,NA,NA
,NA,NA
,NA,NA
,NA,NA
,NA,NA
,NA,NA
,NA,NA
,NA,NA
,NA,NA
,NA,NA
,NA,NA
,NA,NA
,NA,NA
,NA,NA
,NA,NA
,NA,NA
,NA,NA
,NA,NA
,NA,NA
,NA,NA
,NA,NA
,NA,NA
,NA,NA
,NA,NA
,NA,NA
,NA,NA
,NA,NA
,NA,NA
,NA,NA
,NA,NA
,NA,NA
,NA,NA
,NA,NA
,NA,NA
,NA,NA
,NA,NA
,NA,NA
,NA,NA
,NA,NA
,NA,NA
,NA,NA
,NA,NA
,NA,NA
,NA,NA
,NA,NA
,NA,NA
,NA,NA
,NA,NA
,NA,NA
,NA,NA
,NA,NA
,NA,NA
,NA,NA
,NA,NA
,NA,NA
,NA,NA
,NA,NA
,NA,NA
,NA,NA
,NA,NA
,NA,NA
,NA,NA
,NA,NA
,NA,NA
,NA,NA
,NA,NA
,NA,NA
,NA,NA
,NA,NA
,NA,NA
,NA,NA
,NA,NA
,NA,NA
,NA,NA
,NA,NA
,NA,NA
,NA,NA
,NA,NA
,NA,NA
,NA,NA
,NA,NA
,NA,NA
,NA,NA
,NA,NA
,NA,NA
,NA,NA
,NA,NA
,NA,NA
,NA,NA
,NA,NA
,NA,NA
,NA,NA
,NA,NA
,NA,NA
,NA,NA
,NA,NA
,NA,NA
,NA,NA
,NA,NA
,NA,NA
,NA,NA
,NA,NA
,NA,NA
,NA,NA
,NA,NA
,NA,NA
,NA,NA
,NA,NA
,NA,NA
,NA,NA
,NA,NA
,NA,NA
,NA,NA
,NA,NA
,NA,NA
,NA,NA
,NA,NA
,NA,NA
,NA,NA
,NA,NA
,NA,NA
,NA,NA
,NA,NA
,NA,NA
,NA,NA
,NA,NA
,NA,NA
,NA,NA
,NA,NA
,NA,NA
,NA,NA
,NA,NA
,NA,NA
,NA,NA
,NA,NA
,NA,NA
,NA,NA
,NA,NA
,NA,NA
,NA,NA
,NA,NA
,NA,NA
,NA,NA
,NA,NA
,NA,NA
,NA,NA
,NA,NA
,NA,NA
,NA,NA
,NA,NA
,NA,NA
,NA,NA
,NA,NA
,NA,NA
,NA,NA
,NA,NA
,NA,NA
,NA,NA
,NA,NA
,NA,NA
,NA,NA
,NA,NA
,NA,NA
,NA,NA
,NA,NA
,NA,NA
,NA,NA
,NA,NA
,NA,NA
,NA,NA
,NA,NA
,NA,NA
,NA,NA
,NA,NA
,NA,NA
,NA,NA
,NA,NA
,NA,NA
,NA,NA
,NA,NA
,NA,NA
,NA,NA
,NA,NA
,NA,NA
,NA,NA
,NA,NA
,NA,NA
,NA,NA
,NA,NA
,NA,NA
,NA,NA
,NA,NA
,NA,NA
,NA,NA
,NA,NA
,NA,NA
,NA,NA
,NA,NA
,NA,NA
,NA,NA
,NA,NA
,NA,NA
,NA,NA
,NA,NA
,NA,NA
,NA,NA
,NA,NA
,NA,NA
,NA,NA
,NA,NA
,NA,NA
,NA,NA
,NA,NA
,NA,NA
,NA,NA
,NA,NA
,NA,NA
,NA,NA
,NA,NA
,NA,NA
,NA,NA
,NA,NA
,NA,NA
,NA,NA
,NA,NA
,NA,NA
,NA,NA
,NA,NA
,NA,NA
,NA,NA
,NA,NA
,NA,NA
,NA,NA
,NA,NA
,NA,NA
,NA,NA
,NA,NA
,NA,NA
,NA,NA
,NA,NA
,NA,NA
,NA,NA
,NA,NA
,NA,NA
,NA,NA
,NA,NA
,NA,NA
,NA,NA
,NA,NA
,NA,NA
,NA,NA
,NA,NA
,NA,NA
,NA,NA
,NA,NA
,NA,NA
,NA,NA
,NA,NA
,NA,NA
,NA,NA
,NA,NA
,NA,NA
,NA,NA
,NA,NA
,NA,NA
,NA,NA
,NA,NA
,NA,NA
,NA,NA
,NA,NA
,NA,NA
,NA,NA
,NA,NA
,NA,NA
,NA,NA
,NA,NA
,NA,NA
,NA,NA
,NA,NA
,NA,NA
,NA,NA
,NA,NA
,NA,NA
,NA,NA
,NA,NA
,NA,NA
,NA,NA
,NA,NA
,NA,NA
,NA,NA
,NA,NA
,NA,NA
,NA,NA
,NA,NA
,NA,NA
,NA,NA
,NA,NA
,NA,NA
,NA,NA
,NA,NA
,NA,NA
,NA,NA
,NA,NA
,NA,NA
,NA,NA
,NA,NA
,NA,NA
,NA,NA
,NA,NA
,NA,NA
,NA,NA
,NA,NA
,NA,NA
,NA,NA
,NA,NA
,NA,NA
,NA,NA
,NA,NA
,NA,NA
,NA,NA
,NA,NA
,NA,NA
,NA,NA
,NA,NA
,NA,NA
,NA,NA
,NA,NA
,NA,NA
,NA,NA
,NA,NA
,NA,NA
,NA,NA
,NA,NA
,NA,NA
,NA,NA
,NA,NA
,NA,NA
,NA,NA
,NA,NA
,NA,NA
,NA,NA
,NA,NA
,NA,NA
,NA,NA
,NA,NA
,NA,NA
,NA,NA
,NA,NA
,NA,NA
,NA,NA
,NA,NA
,NA,NA
,NA,NA
,NA,NA
,NA,NA
,NA,NA
,NA,NA
,NA,NA
,NA,NA
,NA,NA
,NA,NA
,NA,NA
,NA,NA
,NA,NA
,NA,NA
,NA,NA
,NA,NA
,NA,NA
,NA,NA
,NA,NA
,NA,NA
,NA,NA
,NA,NA
,NA,NA
,NA,NA
,NA,NA
,NA,NA
,NA,NA
,NA,NA
,NA,NA
,NA,NA
,NA,NA
,NA,NA
,NA,NA
,NA,NA
,NA,NA
,NA,NA
,NA,NA
,NA,NA
,NA,NA
,NA,NA
,NA,NA
,NA,NA
,NA,NA
,NA,NA
,NA,NA
,NA,NA
,NA,NA
,NA,NA
,NA,NA
,NA,NA
,NA,NA
,NA,NA
,NA,NA
,NA,NA
,NA,NA
,NA,NA
,NA,NA
,NA,NA
,NA,NA
,NA,NA
,NA,NA
,NA,NA
,NA,NA
,NA,NA
,NA,NA
,NA,NA
,NA,NA
,NA,NA
,NA,NA
,NA,NA
,NA,NA
,NA,NA
,NA,NA
,NA,NA
,NA,NA
,NA,NA
,NA,NA
,NA,NA
,NA,NA
,NA,NA
,NA,NA
,NA,NA
,NA,NA
,NA,NA
,NA,NA
,NA,NA
,NA,NA
,NA,NA
,NA,NA
,NA,NA
,NA,NA
,NA,NA
,NA,NA
,NA,NA
,NA,NA
,NA,NA
,NA,NA
,NA,NA
,NA,NA
,NA,NA
,NA,NA
,NA,NA
,NA,NA
,NA,NA
,NA,NA
,NA,NA
,NA,NA
,NA,NA
,NA,NA
,NA,NA
,NA,NA
,NA,NA
,NA,NA
,NA,NA
,NA,NA
,NA,NA
,NA,NA
,NA,NA
,NA,NA
,NA,NA
,NA,NA
,NA,NA
,NA,NA
,NA,NA
,NA,NA
,NA,NA
,NA,NA
,NA,NA
,NA,NA
,NA,NA
,NA,NA
,NA,NA
,NA,NA
,NA,NA
,NA,NA
,NA,NA
,NA,NA
,NA,NA
,NA,NA
,NA,NA
,NA,NA
,NA,NA
,NA,NA
,NA,NA
,NA,NA
,NA,NA
,NA,NA
,NA,NA
,NA,NA
,NA,NA
,NA,NA
,NA,NA
,NA,NA
,NA,NA
,NA,NA
,NA,NA
,NA,NA
,NA,NA
,NA,NA
,NA,NA
,NA,NA
,NA,NA
,NA,NA
,NA,NA
,NA,NA
,NA,NA
,NA,NA
,NA,NA
,NA,NA
,NA,NA
,NA,NA
,NA,NA
,NA,NA
,NA,NA
,NA,NA
,NA,NA
,NA,NA
,NA,NA
,NA,NA
,NA,NA
,NA,NA
,NA,NA
,NA,NA
,NA,NA
,NA,NA
,NA,NA
,NA,NA
,NA,NA
,NA,NA
,NA,NA
,NA,NA
,NA,NA
,NA,NA
,NA,NA
,NA,NA
,NA,NA
,NA,NA
,NA,NA
,NA,NA
,NA,NA
,NA,NA
,NA,NA
,NA,NA
,NA,NA
,NA,NA
,NA,NA
,NA,NA
,NA,NA
,NA,NA
,NA,NA
,NA,NA
,NA,NA
,NA,NA
,NA,NA
,NA,NA
,NA,NA
,NA,NA
,NA,NA
,NA,NA
,NA,NA
,NA,NA
,NA,NA
,NA,NA
,NA,NA
,NA,NA
,NA,NA
,NA,NA
,NA,NA
,NA,NA
,NA,NA
,NA,NA
,NA,NA
,NA,NA
,NA,NA
,NA,NA
,NA,NA
,NA,NA
,NA,NA
,NA,NA
,NA,NA
,NA,NA
,NA,NA
,NA,NA
,NA,NA
,NA,NA
,NA,NA
,NA,NA
,NA,NA
,NA,NA
,NA,NA
,NA,NA
,NA,NA
,NA,NA
,NA,NA
,NA,NA
,NA,NA
,NA,NA
,NA,NA
,NA,NA
,NA,NA
,NA,NA
,NA,NA
,NA,NA
,NA,NA
,NA,NA
,NA,NA
,NA,NA
,NA,NA
,NA,NA
,NA,NA
,NA,NA
,NA,NA
,NA,NA
,NA,NA
,NA,NA
,NA,NA
,NA,NA
,NA,NA
,NA,NA
,NA,NA
,NA,NA
,NA,NA
,NA,NA
,NA,NA
,NA,NA
,NA,NA
,NA,NA
,NA,NA
,NA,NA
,NA,NA
,NA,NA
,NA,NA
,NA,NA
,NA,NA
,NA,NA
,NA,NA
,NA,NA
,NA,NA
,NA,NA
,NA,NA
,NA,NA
,NA,NA
,NA,NA
,NA,NA
,NA,NA
,NA,NA
,NA,NA
,NA,NA
,NA,NA
,NA,NA
,NA,NA
,NA,NA
,NA,NA
,NA,NA
,NA,NA
,NA,NA
,NA,NA
,NA,NA
,NA,NA
,NA,NA
,NA,NA
,NA,NA
,NA,NA
,NA,NA
,NA,NA
,NA,NA
,NA,NA
,NA,NA
,NA,NA
,NA,NA
,NA,NA
,NA,NA
,NA,NA
,NA,NA
,NA,NA
,NA,NA
,NA,NA
,NA,NA
,NA,NA
,NA,NA
,NA,NA
,NA,NA
,NA,NA
,NA,NA
,NA,NA
,NA,NA
,NA,NA
,NA,NA
,NA,NA
,NA,NA
,NA,NA
,NA,NA
,NA,NA
,NA,NA
,NA,NA
,NA,NA
,NA,NA
,NA,NA
,NA,NA
,NA,NA
,NA,NA
,NA,NA
,NA,NA
,NA,NA
,NA,NA
,NA,NA
,NA,NA
,NA,NA
,NA,NA
,NA,NA
,NA,NA
,NA,NA
,NA,NA
,NA,NA
,NA,NA
,NA,NA
,NA,NA
,NA,NA
,NA,NA
,NA,NA
,NA,NA
,NA,NA
,NA,NA
,NA,NA
,NA,NA
,NA,NA
,NA,NA
,NA,NA
,NA,NA
,NA,NA
,NA,NA
,NA,NA
,NA,NA
,NA,NA
,NA,NA
,NA,NA
,NA,NA
,NA,NA
,NA,NA
,NA,NA
,NA,NA
,NA,NA
,NA,NA
,NA,NA
,NA,NA
,NA,NA
,NA,NA
,NA,NA
,NA,NA
,NA,NA
,NA,NA
,NA,NA
,NA,NA
,NA,NA
,NA,NA
,NA,NA
,NA,NA
,NA,NA
,NA,NA
,NA,NA
,NA,NA
,NA,NA
,NA,NA
,NA,NA
,NA,NA
,NA,NA
,NA,NA
,NA,NA
,NA,NA
,NA,NA
,NA,NA
,NA,NA
,NA,NA
,NA,NA
,NA,NA
,NA,NA
,NA,NA
,NA,NA
,NA,NA
,NA,NA
,NA,NA
,NA,NA
,NA,NA
,NA,NA
,NA,NA
,NA,NA
,NA,NA
,NA,NA
,NA,NA
,NA,NA
,NA,NA
,NA,NA
,NA,NA
,NA,NA
,NA,NA
,NA,NA
,NA,NA
,NA,NA
,NA,NA
,NA,NA
,NA,NA
,NA,NA
,NA,NA
,NA,NA
,NA,NA
,NA,NA
,NA,NA
,NA,NA
,NA,NA
,NA,NA
,NA,NA
,NA,NA
,NA,NA
,NA,NA
,NA,NA
,NA,NA
,NA,NA
,NA,NA
,NA,NA
,NA,NA
,NA,NA
,NA,NA
,NA,NA
,NA,NA
,NA,NA
,NA,NA
,NA,NA
,NA,NA
,NA,NA
,NA,NA
,NA,NA
,NA,NA
,NA,NA
,NA,NA
,NA,NA
,NA,NA
,NA,NA
,NA,NA
,NA,NA
,NA,NA
,NA,NA
,NA,NA
,NA,NA
,NA,NA
,NA,NA
,NA,NA
,NA,NA
,NA,NA
,NA,NA
,NA,NA
,NA,NA
,NA,NA
,NA,NA
,NA,NA
,NA,NA
,NA,NA
,NA,NA
,NA,NA
,NA,NA
,NA,NA
,NA,NA
,NA,NA
,NA,NA
,NA,NA
,NA,NA
,NA,NA
,NA,NA
,NA,NA
,NA,NA
,NA,NA
,NA,NA
,NA,NA
,NA,NA
,NA,NA
,NA,NA
,NA,NA
,NA,NA
,NA,NA
,NA,NA
,NA,NA
,NA,NA
,NA,NA
,NA,NA
,NA,NA
,NA,NA
,NA,NA
,NA,NA
,NA,NA
,NA,NA
,NA,NA
,NA,NA
,NA,NA
,NA,NA
,NA,NA
,NA,NA
,NA,NA
,NA,NA
,NA,NA
,NA,NA
,NA,NA
,NA,NA
,NA,NA
,NA,NA
,NA,NA
,NA,NA
,NA,NA
,NA,NA
,NA,NA
,NA,NA
,NA,NA
,NA,NA
,NA,NA
,NA,NA
,NA,NA
,NA,NA
,NA,NA
,NA,NA
,NA,NA
,NA,NA
,NA,NA
,NA,NA
,NA,NA
,NA,NA
,NA,NA
,NA,NA
,NA,NA
,NA,NA
,NA,NA
,NA,NA
,NA,NA
,NA,NA
,NA,NA
,NA,NA
,NA,NA
,NA,NA
,NA,NA
,NA,NA
,NA,NA
,NA,NA
,NA,NA
,NA,NA
,NA,NA
,NA,NA
,NA,NA
,NA,NA
,NA,NA
,NA,NA
,NA,NA
,NA,NA
,NA,NA
,NA,NA
,NA,NA
,NA,NA
,NA,NA
,NA,NA
,NA,NA
,NA,NA
,NA,NA
,NA,NA
,NA,NA
,NA,NA
,NA,NA
,NA,NA
,NA,NA
,NA,NA
,NA,NA
,NA,NA
,NA,NA
,NA,NA
,NA,NA
,NA,NA
,NA,NA
,NA,NA
,NA,NA
,NA,NA
,NA,NA
,NA,NA
,NA,NA
,NA,NA
,NA,NA
,NA,NA
,NA,NA
,NA,NA
,NA,NA
,NA,NA
,NA,NA
,NA,NA
,NA,NA
,NA,NA
,NA,NA
,NA,NA
,NA,NA
,NA,NA
,NA,NA
,NA,NA
,NA,NA
,NA,NA
,NA,NA
,NA,NA
,NA,NA
,NA,NA
,NA,NA
,NA,NA
,NA,NA
,NA,NA
,NA,NA
,NA,NA
,NA,NA
,NA,NA
,NA,NA
,NA,NA
,NA,NA
,NA,NA
,NA,NA
,NA,NA
,NA,NA
,NA,NA
,NA,NA
,NA,NA
,NA,NA
,NA,NA
,NA,NA
,NA,NA
,NA,NA
,NA,NA
,NA,NA
,NA,NA
,NA,NA
,NA,NA
,NA,NA
,NA,NA
,NA,NA
,NA,NA
,NA,NA
,NA,NA
,NA,NA
,NA,NA
,NA,NA
,NA,NA
,NA,NA
,NA,NA
,NA,NA
,NA,NA
,NA,NA
,NA,NA
,NA,NA
,NA,NA
,NA,NA
,NA,NA
,NA,NA
,NA,NA
,NA,NA
,NA,NA
,NA,NA
,NA,NA
,NA,NA
,NA,NA
,NA,NA
,NA,NA
,NA,NA
,NA,NA
,NA,NA
,NA,NA
,NA,NA
,NA,NA
,NA,NA
,NA,NA
,NA,NA
,NA,NA
,NA,NA
,NA,NA
,NA,NA
,NA,NA
,NA,NA
,NA,NA
,NA,NA
,NA,NA
,NA,NA
,NA,NA
,NA,NA
,NA,NA
,NA,NA
,NA,NA
,NA,NA
,NA,NA
,NA,NA
,NA,NA
,NA,NA
,NA,NA
,NA,NA
,NA,NA
,NA,NA
,NA,NA
,NA,NA
,NA,NA
,NA,NA
,NA,NA
,NA,NA
,NA,NA
,NA,NA
,NA,NA
,NA,NA
,NA,NA
,NA,NA
,NA,NA
,NA,NA
,NA,NA
,NA,NA
,NA,NA
,NA,NA
,NA,NA
,NA,NA
,NA,NA
,NA,NA
,NA,NA
,NA,NA
,NA,NA
,NA,NA
,NA,NA
,NA,NA
,NA,NA
,NA,NA
,NA,NA
,NA,NA
,NA,NA
,NA,NA
,NA,NA
,NA,NA
,NA,NA
,NA,NA
,NA,NA
,NA,NA
,NA,NA
,NA,NA
,NA,NA
,NA,NA
,NA,NA
,NA,NA
,NA,NA
,NA,NA
,NA,NA
,NA,NA
,NA,NA
,NA,NA
,NA,NA
,NA,NA
,NA,NA
,NA,NA
,NA,NA
,NA,NA
,NA,NA
,NA,NA
,NA,NA
,NA,NA
,NA,NA
,NA,NA
,NA,NA
,NA,NA
,NA,NA
,NA,NA
,NA,NA
,NA,NA
,NA,NA
,NA,NA
,NA,NA
,NA,NA
,NA,NA
,NA,NA
,NA,NA
,NA,NA
,NA,NA
,NA,NA
,NA,NA
,NA,NA
,NA,NA
,NA,NA
,NA,NA
,NA,NA
,NA,NA
,NA,NA
,NA,NA
,NA,NA
,NA,NA
,NA,NA
,NA,NA
,NA,NA
,NA,NA
,NA,NA
,NA,NA
,NA,NA
,NA,NA
,NA,NA
,NA,NA
,NA,NA
,NA,NA
,NA,NA
,NA,NA
,NA,NA
,NA,NA
,NA,NA
,NA,NA
,NA,NA
,NA,NA
,NA,NA
,NA,NA
,NA,NA
,NA,NA
,NA,NA
,NA,NA
,NA,NA
,NA,NA
,NA,NA
,NA,NA
,NA,NA
,NA,NA
,NA,NA
,NA,NA
,NA,NA
,NA,NA
,NA,NA
,NA,NA
,NA,NA
,NA,NA
,NA,NA
,NA,NA
,NA,NA
,NA,NA
,NA,NA
,NA,NA
,NA,NA
,NA,NA
,NA,NA
,NA,NA
,NA,NA
,NA,NA
,NA,NA
,NA,NA
,NA,NA
,NA,NA
,NA,NA
,NA,NA
,NA,NA
,NA,NA
,NA,NA
,NA,NA
,NA,NA
,NA,NA
,NA,NA
,NA,NA
,NA,NA
,NA,NA
,NA,NA
,NA,NA
,NA,NA
,NA,NA
,NA,NA
,NA,NA
,NA,NA
,NA,NA
,NA,NA
,NA,NA
,NA,NA
,NA,NA
,NA,NA
,NA,NA
,NA,NA
,NA,NA
,NA,NA
,NA,NA
,NA,NA
,NA,NA
,NA,NA
,NA,NA
,NA,NA
,NA,NA
,NA,NA
,NA,NA
,NA,NA
,NA,NA
,NA,NA
,NA,NA
,NA,NA
,NA,NA
,NA,NA
,NA,NA
,NA,NA
,NA,NA
,NA,NA
,NA,NA
,NA,NA
,NA,NA
,NA,NA
,NA,NA
,NA,NA
,NA,NA
,NA,NA
,NA,NA
,NA,NA
,NA,NA
,NA,NA
,NA,NA
,NA,NA
,NA,NA
,NA,NA
,NA,NA
,NA,NA
,NA,NA
,NA,NA
,NA,NA
,NA,NA
,NA,NA
,NA,NA
,NA,NA
,NA,NA
,NA,NA
,NA,NA
,NA,NA
,NA,NA
,NA,NA
,NA,NA
,NA,NA
,NA,NA
,NA,NA
,NA,NA
,NA,NA
,NA,NA
,NA,NA
,NA,NA
,NA,NA
,NA,NA
,NA,NA
,NA,NA
,NA,NA
,NA,NA
,NA,NA
,NA,NA
,NA,NA
,NA,NA
,NA,NA
,NA,NA
,NA,NA
,NA,NA
,NA,NA
,NA,NA
,NA,NA
,NA,NA
,NA,NA
,NA,NA
,NA,NA
,NA,NA
,NA,NA
,NA,NA
,NA,NA
,NA,NA
,NA,NA
,NA,NA
,NA,NA
,NA,NA
,NA,NA
,NA,NA
,NA,NA
,NA,NA
,NA,NA
,NA,NA
,NA,NA
,NA,NA
,NA,NA
,NA,NA
,NA,NA
,NA,NA
,NA,NA
,NA,NA
,NA,NA
,NA,NA
,NA,NA
,NA,NA
,NA,NA
,NA,NA
,NA,NA
,NA,NA
,NA,NA
,NA,NA
,NA,NA
,NA,NA
,NA,NA
,NA,NA
,NA,NA
,NA,NA
,NA,NA
,NA,NA
,NA,NA
,NA,NA
,NA,NA
,NA,NA
,NA,NA
,NA,NA
,NA,NA
,NA,NA
,NA,NA
,NA,NA
,NA,NA
,NA,NA
,NA,NA
,NA,NA
,NA,NA
,NA,NA
,NA,NA
,NA,NA
,NA,NA
,NA,NA
,NA,NA
,NA,NA
,NA,NA
,NA,NA
,NA,NA
,NA,NA
,NA,NA
,NA,NA
,NA,NA
,NA,NA
,NA,NA
,NA,NA
,NA,NA
,NA,NA
,NA,NA
,NA,NA
,NA,NA
,NA,NA
,NA,NA
,NA,NA
,NA,NA
,NA,NA
,NA,NA
,NA,NA
,NA,NA
,NA,NA
,NA,NA
,NA,NA
,NA,NA
,NA,NA
,NA,NA
,NA,NA
,NA,NA
,NA,NA
,NA,NA
,NA,NA
,NA,NA
,NA,NA
,NA,NA
,NA,NA
,NA,NA
,NA,NA
,NA,NA
,NA,NA
,NA,NA
,NA,NA
,NA,NA
,NA,NA
,NA,NA
,NA,NA
,NA,NA
,NA,NA
,NA,NA
,NA,NA
,NA,NA
,NA,NA
,NA,NA
,NA,NA
,NA,NA
,NA,NA
,NA,NA
,NA,NA
,NA,NA
,NA,NA
,NA,NA
,NA,NA
,NA,NA
,NA,NA
,NA,NA
,NA,NA
,NA,NA
,NA,NA
,NA,NA
,NA,NA
,NA,NA
,NA,NA
,NA,NA
,NA,NA
,NA,NA
,NA,NA
,NA,NA
,NA,NA
,NA,NA
,NA,NA
,NA,NA
,NA,NA
,NA,NA
,NA,NA
,NA,NA
,NA,NA
,NA,NA
,NA,NA
,NA,NA
,NA,NA
,NA,NA
,NA,NA
,NA,NA
,NA,NA
,NA,NA
,NA,NA
,NA,NA
,NA,NA
,NA,NA
,NA,NA
,NA,NA
,NA,NA
,NA,NA
,NA,NA
,NA,NA
,NA,NA
,NA,NA
,NA,NA
,NA,NA
,NA,NA
,NA,NA
,NA,NA
,NA,NA
,NA,NA
,NA,NA
,NA,NA
,NA,NA
,NA,NA
,NA,NA
,NA,NA
,NA,NA
,NA,NA
,NA,NA
,NA,NA
,NA,NA
,NA,NA
,NA,NA
,NA,NA
,NA,NA
,NA,NA
,NA,NA
,NA,NA
,NA,NA
,NA,NA
,NA,NA
,NA,NA
,NA,NA
,NA,NA
,NA,NA
,NA,NA
,NA,NA
,NA,NA
,NA,NA
,NA,NA
,NA,NA
,NA,NA
,NA,NA
,NA,NA
,NA,NA
,NA,NA
,NA,NA
,NA,NA
,NA,NA
,NA,NA
,NA,NA
,NA,NA
,NA,NA
,NA,NA
,NA,NA
,NA,NA
,NA,NA
,NA,NA
,NA,NA
,NA,NA
,NA,NA
,NA,NA
,NA,NA
,NA,NA
,NA,NA
,NA,NA
,NA,NA
,NA,NA
,NA,NA
,NA,NA
,NA,NA
,NA,NA
,NA,NA
,NA,NA
,NA,NA
,NA,NA
,NA,NA
,NA,NA
,NA,NA
,NA,NA
,NA,NA
,NA,NA
,NA,NA
,NA,NA
,NA,NA
,NA,NA
,NA,NA
,NA,NA
,NA,NA
,NA,NA
,NA,NA
,NA,NA
,NA,NA
,NA,NA
,NA,NA
,NA,NA
,NA,NA
,NA,NA
,NA,NA
,NA,NA
,NA,NA
,NA,NA
,NA,NA
,NA,NA
,NA,NA
,NA,NA
,NA,NA
,NA,NA
,NA,NA
,NA,NA
,NA,NA
,NA,NA
,NA,NA
,NA,NA
,NA,NA
,NA,NA
,NA,NA
,NA,NA
,NA,NA
,NA,NA
,NA,NA
,NA,NA
,NA,NA
,NA,NA
,NA,NA
,NA,NA
,NA,NA
,NA,NA
,NA,NA
,NA,NA
,NA,NA
,NA,NA
,NA,NA
,NA,NA
,NA,NA
,NA,NA
,NA,NA
,NA,NA
,NA,NA
,NA,NA
,NA,NA
,NA,NA
,NA,NA
,NA,NA
,NA,NA
,NA,NA
,NA,NA
,NA,NA
,NA,NA
,NA,NA
,NA,NA
,NA,NA
,NA,NA
,NA,NA
,NA,NA
,NA,NA
,NA,NA
,NA,NA
,NA,NA
,NA,NA
,NA,NA
,NA,NA
,NA,NA
,NA,NA
,NA,NA
,NA,NA
,NA,NA
,NA,NA
,NA,NA
,NA,NA
,NA,NA
,NA,NA
,NA,NA
,NA,NA
,NA,NA
,NA,NA
,NA,NA
,NA,NA
,NA,NA
,NA,NA
,NA,NA
,NA,NA
,NA,NA
,NA,NA
,NA,NA
,NA,NA
,NA,NA
,NA,NA
,NA,NA
,NA,NA
,NA,NA
,NA,NA
,NA,NA
,NA,NA
,NA,NA
,NA,NA
,NA,NA
,NA,NA
,NA,NA
,NA,NA
,NA,NA
,NA,NA
,NA,NA
,NA,NA
,NA,NA
,NA,NA
,NA,NA
,NA,NA
,NA,NA
,NA,NA
,NA,NA
,NA,NA
,NA,NA
,NA,NA
,NA,NA
,NA,NA
,NA,NA
,NA,NA
,NA,NA
,NA,NA
,NA,NA
,NA,NA
,NA,NA
,NA,NA
,NA,NA
,NA,NA
,NA,NA
,NA,NA
,NA,NA
,NA,NA
,NA,NA
,NA,NA
,NA,NA
,NA,NA
,NA,NA
,NA,NA
,NA,NA
,NA,NA
,NA,NA
,NA,NA
,NA,NA
,NA,NA
,NA,NA
,NA,NA
,NA,NA
,NA,NA
,NA,NA
,NA,NA
,NA,NA
,NA,NA
,NA,NA
,NA,NA
,NA,NA
,NA,NA
,NA,NA
,NA,NA
,NA,NA
,NA,NA
,NA,NA
,NA,NA
,NA,NA
,NA,NA
,NA,NA
,NA,NA
,NA,NA
,NA,NA
,NA,NA
,NA,NA
,NA,NA
,NA,NA
,NA,NA
,NA,NA
,NA,NA
,NA,NA
,NA,NA
,NA,NA
,NA,NA
,NA,NA
,NA,NA
,NA,NA
,NA,NA
,NA,NA
,NA,NA
,NA,NA
,NA,NA
,NA,NA
,NA,NA
,NA,NA
,NA,NA
,NA,NA
,NA,NA
,NA,NA
,NA,NA
,NA,NA
,NA,NA
,NA,NA
,NA,NA
,NA,NA
,NA,NA
,NA,NA
,NA,NA
,NA,NA
,NA,NA
,NA,NA
,NA,NA
,NA,NA
,NA,NA
,NA,NA
,NA,NA
,NA,NA
,NA,NA
,NA,NA
,NA,NA
,NA,NA
,NA,NA
,NA,NA
,NA,NA
,NA,NA
,NA,NA
,NA,NA
,NA,NA
,NA,NA
,NA,NA
,NA,NA
,NA,NA
,NA,NA
,NA,NA
,NA,NA
,NA,NA
,NA,NA
,NA,NA
,NA,NA
,NA,NA
,NA,NA
,NA,NA
,NA,NA
,NA,NA
,NA,NA
,NA,NA
,NA,NA
,NA,NA
,NA,NA
,NA,NA
,NA,NA
,NA,NA
,NA,NA
,NA,NA
,NA,NA
,NA,NA
,NA,NA
,NA,NA
,NA,NA
,NA,NA
,NA,NA
,NA,NA
,NA,NA
,NA,NA
,NA,NA
,NA,NA
,NA,NA
,NA,NA
,NA,NA
,NA,NA
,NA,NA
,NA,NA
,NA,NA
,NA,NA
,NA,NA
,NA,NA
,NA,NA
,NA,NA
,NA,NA
,NA,NA
,NA,NA
,NA,NA
,NA,NA
,NA,NA
,NA,NA
,NA,NA
,NA,NA
,NA,NA
,NA,NA
,NA,NA
,NA,NA
,NA,NA
,NA,NA
,NA,NA
,NA,NA
,NA,NA
,NA,NA
,NA,NA
,NA,NA
,NA,NA
,NA,NA
,NA,NA
,NA,NA
,NA,NA
,NA,NA
,NA,NA
,NA,NA
,NA,NA
,NA,NA
,NA,NA
,NA,NA
,NA,NA
,NA,NA
,NA,NA
,NA,NA
,NA,NA
,NA,NA
,NA,NA
,NA,NA
,NA,NA
,NA,NA
,NA,NA
,NA,NA
,NA,NA
,NA,NA
,NA,NA
,NA,NA
,NA,NA
,NA,NA
,NA,NA
,NA,NA
,NA,NA
,NA,NA
,NA,NA
,NA,NA
,NA,NA
,NA,NA
,NA,NA
,NA,NA
,NA,NA
,NA,NA
,NA,NA
,NA,NA
,NA,NA
,NA,NA
,NA,NA
,NA,NA
,NA,NA
,NA,NA
,NA,NA
,NA,NA
,NA,NA
,NA,NA
,NA,NA
,NA,NA
,NA,NA
,NA,NA
,NA,NA
,NA,NA
,NA,NA
,NA,NA
,NA,NA
,NA,NA
,NA,NA
,NA,NA
,NA,NA
,NA,NA
,NA,NA
,NA,NA
,NA,NA
,NA,NA
,NA,NA
,NA,NA
,NA,NA
,NA,NA
,NA,NA
,NA,NA
,NA,NA
,NA,NA
,NA,NA
,NA,NA
,NA,NA
,NA,NA
,NA,NA
,NA,NA
,NA,NA
,NA,NA
,NA,NA
,NA,NA
,NA,NA
,NA,NA
,NA,NA
,NA,NA
,NA,NA
,NA,NA
,NA,NA
,NA,NA
,NA,NA
,NA,NA
,NA,NA
,NA,NA
,NA,NA
,NA,NA
,NA,NA
,NA,NA
,NA,NA
,NA,NA
,NA,NA
,NA,NA
,NA,NA
,NA,NA
,NA,NA
,NA,NA
,NA,NA
,NA,NA
,NA,NA
,NA,NA
,NA,NA
,NA,NA
,NA,NA
,NA,NA
,NA,NA
,NA,NA
,NA,NA
,NA,NA
,NA,NA
,NA,NA
,NA,NA
,NA,NA
,NA,NA
,NA,NA
,NA,NA
,NA,NA
,NA,NA
,NA,NA
,NA,NA
,NA,NA
,NA,NA
,NA,NA
,NA,NA
,NA,NA
,NA,NA
,NA,NA
,NA,NA
,NA,NA
,NA,NA
,NA,NA
,NA,NA
,NA,NA
,NA,NA
,NA,NA
,NA,NA
,NA,NA
,NA,NA
,NA,NA
,NA,NA
,NA,NA
,NA,NA
,NA,NA
,NA,NA
,NA,NA
,NA,NA
,NA,NA
,NA,NA
,NA,NA
,NA,NA
,NA,NA
,NA,NA
,NA,NA
,NA,NA
,NA,NA
,NA,NA
,NA,NA
,NA,NA
,NA,NA
,NA,NA
,NA,NA
,NA,NA
,NA,NA
,NA,NA
,NA,NA
,NA,NA
,NA,NA
,NA,NA
,NA,NA
,NA,NA
,NA,NA
,NA,NA
,NA,NA
,NA,NA
,NA,NA
,NA,NA
,NA,NA
,NA,NA
,NA,NA
,NA,NA
,NA,NA
,NA,NA
,NA,NA
,NA,NA
,NA,NA
,NA,NA
,NA,NA
,NA,NA
,NA,NA
,NA,NA
,NA,NA
,NA,NA
,NA,NA
,NA,NA
,NA,NA
,NA,NA
,NA,NA
,NA,NA
,NA,NA
,NA,NA
,NA,NA
,NA,NA
,NA,NA
,NA,NA
,NA,NA
,NA,NA
,NA,NA
,NA,NA
,NA,NA
,NA,NA
,NA,NA
,NA,NA
,NA,NA
,NA,NA
,NA,NA
,NA,NA
,NA,NA
,NA,NA
,NA,NA
,NA,NA
,NA,NA
,NA,NA
,NA,NA
,NA,NA
,NA,NA
,NA,NA
,NA,NA
,NA,NA
,NA,NA
,NA,NA
,NA,NA
,NA,NA
,NA,NA
,NA,NA
,NA,NA
,NA,NA
,NA,NA
,NA,NA
,NA,NA
,NA,NA
,NA,NA
,NA,NA
,NA,NA
,NA,NA
,NA,NA
,NA,NA
,NA,NA
,NA,NA
,NA,NA
,NA,NA
,NA,NA
,NA,NA
,NA,NA
,NA,NA
,NA,NA
,NA,NA
,NA,NA
,NA,NA
,NA,NA
,NA,NA
,NA,NA
,NA,NA
,NA,NA
,NA,NA
,NA,NA
,NA,NA
,NA,NA
,NA,NA
,NA,NA
,NA,NA
,NA,NA
,NA,NA
,NA,NA
,NA,NA
,NA,NA
,NA,NA
,NA,NA
,NA,NA
,NA,NA
,NA,NA
,NA,NA
,NA,NA
,NA,NA
,NA,NA
,NA,NA
,NA,NA
,NA,NA
,NA,NA
,NA,NA
,NA,NA
,NA,NA
,NA,NA
,NA,NA
,NA,NA
,NA,NA
,NA,NA
,NA,NA
,NA,NA
,NA,NA
,NA,NA
,NA,NA
,NA,NA
,NA,NA
,NA,NA
,NA,NA
,NA,NA
,NA,NA
,NA,NA
,NA,NA
,NA,NA
,NA,NA
,NA,NA
,NA,NA
,NA,NA
,NA,NA
,NA,NA
,NA,NA
,NA,NA
,NA,NA
,NA,NA
,NA,NA
,NA,NA
,NA,NA
,NA,NA
,NA,NA
,NA,NA
,NA,NA
,NA,NA
,NA,NA
,NA,NA
,NA,NA
,NA,NA
,NA,NA
,NA,NA
,NA,NA
,NA,NA
,NA,NA
,NA,NA
,NA,NA
,NA,NA
,NA,NA
,NA,NA
,NA,NA
,NA,NA
,NA,NA
,NA,NA
,NA,NA
,NA,NA
,NA,NA
,NA,NA
,NA,NA
,NA,NA
,NA,NA
,NA,NA
,NA,NA
,NA,NA
,NA,NA
,NA,NA
,NA,NA
,NA,NA
,NA,NA
,NA,NA
,NA,NA
,NA,NA
,NA,NA
,NA,NA
,NA,NA
,NA,NA
,NA,NA
,NA,NA
,NA,NA
,NA,NA
,NA,NA
,NA,NA
,NA,NA
,NA,NA
,NA,NA
,NA,NA
,NA,NA
,NA,NA
,NA,NA
,NA,NA
,NA,NA
,NA,NA
,NA,NA
,NA,NA
,NA,NA
,NA,NA
,NA,NA
,NA,NA
,NA,NA
,NA,NA
,NA,NA
,NA,NA
,NA,NA
,NA,NA
,NA,NA
,NA,NA
,NA,NA
,NA,NA
,NA,NA
,NA,NA
,NA,NA
,NA,NA
,NA,NA
,NA,NA
,NA,NA
,NA,NA
,NA,NA
,NA,NA
,NA,NA
,NA,NA
,NA,NA
,NA,NA
,NA,NA
,NA,NA
,NA,NA
,NA,NA
,NA,NA
,NA,NA
,NA,NA
,NA,NA
,NA,NA
,NA,NA
,NA,NA
,NA,NA
,NA,NA
,NA,NA
,NA,NA
,NA,NA
,NA,NA
,NA,NA
,NA,NA
,NA,NA
,NA,NA
,NA,NA
,NA,NA
,NA,NA
,NA,NA
,NA,NA
,NA,NA
,NA,NA
,NA,NA
,NA,NA
,NA,NA
,NA,NA
,NA,NA
,NA,NA
,NA,NA
,NA,NA
,NA,NA
,NA,NA
,NA,NA
,NA,NA
,NA,NA
,NA,NA
,NA,NA
,NA,NA
,NA,NA
,NA,NA
,NA,NA
,NA,NA
,NA,NA
,NA,NA
,NA,NA
,NA,NA
,NA,NA
,NA,NA
,NA,NA
,NA,NA
,NA,NA
,NA,NA
,NA,NA
,NA,NA
,NA,NA
,NA,NA
,NA,NA
,NA,NA
,NA,NA
,NA,NA
,NA,NA
,NA,NA
,NA,NA
,NA,NA
,NA,NA
,NA,NA
,NA,NA
,NA,NA
,NA,NA
,NA,NA
,NA,NA
,NA,NA
,NA,NA
,NA,NA
,NA,NA
,NA,NA
,NA,NA
,NA,NA
,NA,NA
,NA,NA
,NA,NA
,NA,NA
,NA,NA
,NA,NA
,NA,NA
,NA,NA
,NA,NA
,NA,NA
,NA,NA
,NA,NA
,NA,NA
,NA,NA
,NA,NA
,NA,NA
,NA,NA
,NA,NA
,NA,NA
,NA,NA
,NA,NA
,NA,NA
,NA,NA
,NA,NA
,NA,NA
,NA,NA
,NA,NA
,NA,NA
,NA,NA
,NA,NA
,NA,NA
,NA,NA
,NA,NA
,NA,NA
,NA,NA
,NA,NA
,NA,NA
,NA,NA
,NA,NA
,NA,NA
,NA,NA
,NA,NA
,NA,NA
,NA,NA
,NA,NA
,NA,NA
,NA,NA
,NA,NA
,NA,NA
,NA,NA
,NA,NA
,NA,NA
,NA,NA
,NA,NA
,NA,NA
,NA,NA
,NA,NA
,NA,NA
,NA,NA
,NA,NA
,NA,NA
,NA,NA
,NA,NA
,NA,NA
,NA,NA
,NA,NA
,NA,NA
,NA,NA
,NA,NA
,NA,NA
,NA,NA
,NA,NA
,NA,NA
,NA,NA
,NA,NA
,NA,NA
,NA,NA
,NA,NA
,NA,NA
,NA,NA
,NA,NA
,NA,NA
,NA,NA
,NA,NA
,NA,NA
,NA,NA
,NA,NA
,NA,NA
,NA,NA
,NA,NA
,NA,NA
,NA,NA
,NA,NA
,NA,NA
,NA,NA
,NA,NA
,NA,NA
,NA,NA
,NA,NA
,NA,NA
,NA,NA
,NA,NA
,NA,NA
,NA,NA
,NA,NA
,NA,NA
,NA,NA
,NA,NA
,NA,NA
,NA,NA
,NA,NA
,NA,NA
,NA,NA
,NA,NA
,NA,NA
,NA,NA
,NA,NA
,NA,NA
,NA,NA
,NA,NA
,NA,NA
,NA,NA
,NA,NA
,NA,NA
,NA,NA
,NA,NA
,NA,NA
,NA,NA
,NA,NA
,NA,NA
,NA,NA
,NA,NA
,NA,NA
,NA,NA
,NA,NA
,NA,NA
,NA,NA
,NA,NA
,NA,NA
,NA,NA
,NA,NA
,NA,NA
,NA,NA
,NA,NA
,NA,NA
,NA,NA
,NA,NA
,NA,NA
,NA,NA
,NA,NA
,NA,NA
,NA,NA
,NA,NA
,NA,NA
,NA,NA
,NA,NA
,NA,NA
,NA,NA
,NA,NA
,NA,NA
,NA,NA
,NA,NA
,NA,NA
,NA,NA
,NA,NA
,NA,NA
,NA,NA
,NA,NA
,NA,NA
,NA,NA
,NA,NA
,NA,NA
,NA,NA
,NA,NA
,NA,NA
,NA,NA
,NA,NA
,NA,NA
,NA,NA
,NA,NA
,NA,NA
,NA,NA
,NA,NA
,NA,NA
,NA,NA
,NA,NA
,NA,NA
,NA,NA
,NA,NA
,NA,NA
,NA,NA
,NA,NA
,NA,NA
,NA,NA
,NA,NA
,NA,NA
,NA,NA
,NA,NA
,NA,NA
,NA,NA
,NA,NA
,NA,NA
,NA,NA
,NA,NA
,NA,NA
,NA,NA
,NA,NA
,NA,NA
,NA,NA
,NA,NA
,NA,NA
,NA,NA
,NA,NA
,NA,NA
,NA,NA
,NA,NA
,NA,NA
,NA,NA
,NA,NA
,NA,NA
,NA,NA
,NA,NA
,NA,NA
,NA,NA
,NA,NA
,NA,NA
,NA,NA
,NA,NA
,NA,NA
,NA,NA
,NA,NA
,NA,NA
,NA,NA
,NA,NA
,NA,NA
,NA,NA
,NA,NA
,NA,NA
,NA,NA
,NA,NA
,NA,NA
,NA,NA
,NA,NA
,NA,NA
,NA,NA
,NA,NA
,NA,NA
,NA,NA
,NA,NA
,NA,NA
,NA,NA
,NA,NA
,NA,NA
,NA,NA
,NA,NA
,NA,NA
,NA,NA
,NA,NA
,NA,NA
,NA,NA
,NA,NA
,NA,NA
,NA,NA
,NA,NA
,NA,NA
,NA,NA
,NA,NA
,NA,NA
,NA,NA
,NA,NA
,NA,NA
,NA,NA
,NA,NA
,NA,NA
,NA,NA
,NA,NA
,NA,NA
,NA,NA
,NA,NA
,NA,NA
,NA,NA
,NA,NA
,NA,NA
,NA,NA
,NA,NA
,NA,NA
,NA,NA
,NA,NA
,NA,NA
,NA,NA
,NA,NA
,NA,NA
,NA,NA
,NA,NA
,NA,NA
,NA,NA
,NA,NA
,NA,NA
,NA,NA
,NA,NA
,NA,NA
,NA,NA
,NA,NA
,NA,NA
,NA,NA
,NA,NA
,NA,NA
,NA,NA
,NA,NA
,NA,NA
,NA,NA
,NA,NA
,NA,NA
,NA,NA
,NA,NA
,NA,NA
,NA,NA
,NA,NA
,NA,NA
,NA,NA
,NA,NA
,NA,NA
,NA,NA
,NA,NA
,NA,NA
,NA,NA
,NA,NA
,NA,NA
,NA,NA
,NA,NA
,NA,NA
,NA,NA
,NA,NA
,NA,NA
,NA,NA
,NA,NA
,NA,NA
,NA,NA
,NA,NA
,NA,NA
,NA,NA
,NA,NA
,NA,NA
,NA,NA
,NA,NA
,NA,NA
,NA,NA
,NA,NA
,NA,NA
,NA,NA
,NA,NA
,NA,NA
,NA,NA
,NA,NA
,NA,NA
,NA,NA
,NA,NA
,NA,NA
,NA,NA
,NA,NA
,NA,NA
,NA,NA
,NA,NA
,NA,NA
,NA,NA
,NA,NA
,NA,NA
,NA,NA
,NA,NA
,NA,NA
,NA,NA
,NA,NA
,NA,NA
,NA,NA
,NA,NA
,NA,NA
,NA,NA
,NA,NA
,NA,NA
,NA,NA
,NA,NA
,NA,NA
,NA,NA
,NA,NA
,NA,NA
,NA,NA
,NA,NA
,NA,NA
,NA,NA
,NA,NA
,NA,NA
,NA,NA
,NA,NA
,NA,NA
,NA,NA
,NA,NA
,NA,NA
,NA,NA
,NA,NA
,NA,NA
,NA,NA
,NA,NA
,NA,NA
,NA,NA
,NA,NA
,NA,NA
,NA,NA
,NA,NA
,NA,NA
,NA,NA
,NA,NA
,NA,NA
,NA,NA
,NA,NA
,NA,NA
,NA,NA
,NA,NA
,NA,NA
,NA,NA
,NA,NA
,NA,NA
,NA,NA
,NA,NA
,NA,NA
,NA,NA
,NA,NA
,NA,NA
,NA,NA
,NA,NA
,NA,NA
,NA,NA
,NA,NA
,NA,NA
,NA,NA
,NA,NA
,NA,NA
,NA,NA
,NA,NA
,NA,NA
,NA,NA
,NA,NA
,NA,NA
,NA,NA
,NA,NA
,NA,NA
,NA,NA
,NA,NA
,NA,NA
,NA,NA
,NA,NA
,NA,NA
,NA,NA
,NA,NA
,NA,NA
,NA,NA
,NA,NA
,NA,NA
,NA,NA
,NA,NA
,NA,NA
,NA,NA
,NA,NA
,NA,NA
,NA,NA
,NA,NA
,NA,NA
,NA,NA
,NA,NA
,NA,NA
,NA,NA
,NA,NA
,NA,NA
,NA,NA
,NA,NA
,NA,NA
,NA,NA
,NA,NA
,NA,NA
,NA,NA
,NA,NA
,NA,NA
,NA,NA
,NA,NA
,NA,NA
,NA,NA
,NA,NA
,NA,NA
,NA,NA
,NA,NA
,NA,NA
,NA,NA
,NA,NA
,NA,NA
,NA,NA
,NA,NA
,NA,NA
,NA,NA
,NA,NA
,NA,NA
,NA,NA
,NA,NA
,NA,NA
,NA,NA
,NA,NA
,NA,NA
,NA,NA
,NA,NA
,NA,NA
,NA,NA
,NA,NA
,NA,NA
,NA,NA
,NA,NA
,NA,NA
,NA,NA
,NA,NA
,NA,NA
,NA,NA
,NA,NA
,NA,NA
,NA,NA
,NA,NA
,NA,NA
,NA,NA
,NA,NA
,NA,NA
,NA,NA
,NA,NA
,NA,NA
,NA,NA
,NA,NA
,NA,NA
,NA,NA
,NA,NA
,NA,NA
,NA,NA
,NA,NA
,NA,NA
,NA,NA
,NA,NA
,NA,NA
,NA,NA
,NA,NA
,NA,NA
,NA,NA
,NA,NA
,NA,NA
,NA,NA
,NA,NA
,NA,NA
,NA,NA
,NA,NA
,NA,NA
,NA,NA
,NA,NA
,NA,NA
,NA,NA
,NA,NA
,NA,NA
,NA,NA
,NA,NA
,NA,NA
,NA,NA
,NA,NA
,NA,NA
,NA,NA
,NA,NA
,NA,NA
,NA,NA
,NA,NA
,NA,NA
,NA,NA
,NA,NA
,NA,NA
,NA,NA
,NA,NA
,NA,NA
,NA,NA
,NA,NA
,NA,NA
,NA,NA
,NA,NA
,NA,NA
,NA,NA
,NA,NA
,NA,NA
,NA,NA
,NA,NA
,NA,NA
,NA,NA
,NA,NA
,NA,NA
,NA,NA
,NA,NA
,NA,NA
,NA,NA
,NA,NA
,NA,NA
,NA,NA
,NA,NA
,NA,NA
,NA,NA
,NA,NA
,NA,NA
,NA,NA
,NA,NA
,NA,NA
,NA,NA
,NA,NA
,NA,NA
,NA,NA
,NA,NA
,NA,NA
,NA,NA
,NA,NA
,NA,NA
,NA,NA
,NA,NA
,NA,NA
,NA,NA
,NA,NA
,NA,NA
,NA,NA
,NA,NA
,NA,NA
,NA,NA
,NA,NA
,NA,NA
,NA,NA
,NA,NA
,NA,NA
,NA,NA
,NA,NA
,NA,NA
,NA,NA
,NA,NA
,NA,NA
,NA,NA
,NA,NA
,NA,NA
,NA,NA
,NA,NA
,NA,NA
,NA,NA
,NA,NA
,NA,NA
,NA,NA
,NA,NA
,NA,NA
,NA,NA
,NA,NA
,NA,NA
,NA,NA
,NA,NA
,NA,NA
,NA,NA
,NA,NA
,NA,NA
,NA,NA
,NA,NA
,NA,NA
,NA,NA
,NA,NA
,NA,NA
,NA,NA
,NA,NA
,NA,NA
,NA,NA
,NA,NA
,NA,NA
,NA,NA
,NA,NA
,NA,NA
,NA,NA
,NA,NA
,NA,NA
,NA,NA
,NA,NA
,NA,NA
,NA,NA
,NA,NA
,NA,NA
,NA,NA
,NA,NA
,NA,NA
,NA,NA
,NA,NA
,NA,NA
,NA,NA
,NA,NA
,NA,NA
,NA,NA
,NA,NA
,NA,NA
,NA,NA
,NA,NA
,NA,NA
,NA,NA
,NA,NA
,NA,NA
,NA,NA
,NA,NA
,NA,NA
,NA,NA
,NA,NA
,NA,NA
,NA,NA
,NA,NA
,NA,NA
,NA,NA
,NA,NA
,NA,NA
,NA,NA
,NA,NA
,NA,NA
,NA,NA
,NA,NA
,NA,NA
,NA,NA
,NA,NA
,NA,NA
,NA,NA
,NA,NA
,NA,NA
,NA,NA
,NA,NA
,NA,NA
,NA,NA
,NA,NA
,NA,NA
,NA,NA
,NA,NA
,NA,NA
,NA,NA
,NA,NA
,NA,NA
,NA,NA
,NA,NA
,NA,NA
,NA,NA
,NA,NA
,NA,NA
,NA,NA
,NA,NA
,NA,NA
,NA,NA
,NA,NA
,NA,NA
,NA,NA
,NA,NA
,NA,NA
,NA,NA
,NA,NA
,NA,NA
,NA,NA
,NA,NA
,NA,NA
,NA,NA
,NA,NA
,NA,NA
,NA,NA
,NA,NA
,NA,NA
,NA,NA
,NA,NA
,NA,NA
,NA,NA
,NA,NA
,NA,NA
,NA,NA
,NA,NA
,NA,NA
,NA,NA
,NA,NA
,NA,NA
,NA,NA
,NA,NA
,NA,NA
,NA,NA
,NA,NA
,NA,NA
,NA,NA
,NA,NA
,NA,NA
,NA,NA
,NA,NA
,NA,NA
,NA,NA
,NA,NA
,NA,NA
,NA,NA
,NA,NA
,NA,NA
,NA,NA
,NA,NA
,NA,NA
,NA,NA
,NA,NA
,NA,NA
,NA,NA
,NA,NA
,NA,NA
,NA,NA
,NA,NA
,NA,NA
,NA,NA
,NA,NA
,NA,NA
,NA,NA
,NA,NA
,NA,NA
,NA,NA
,NA,NA
,NA,NA
,NA,NA
,NA,NA
,NA,NA
,NA,NA
,NA,NA
,NA,NA
,NA,NA
,NA,NA
,NA,NA
,NA,NA
,NA,NA
,NA,NA
,NA,NA
,NA,NA
,NA,NA
,NA,NA
,NA,NA
,NA,NA
,NA,NA
,NA,NA
,NA,NA
,NA,NA
,NA,NA
,NA,NA
,NA,NA
,NA,NA
,NA,NA
,NA,NA
,NA,NA
,NA,NA
,NA,NA
,NA,NA
,NA,NA
,NA,NA
,NA,NA
,NA,NA
,NA,NA
,NA,NA
,NA,NA
,NA,NA
,NA,NA
,NA,NA
,NA,NA
,NA,NA
,NA,NA
,NA,NA
,NA,NA
,NA,NA
,NA,NA
,NA,NA
,NA,NA
,NA,NA
,NA,NA
,NA,NA
,NA,NA
,NA,NA
,NA,NA
,NA,NA
,NA,NA
,NA,NA
,NA,NA
,NA,NA
,NA,NA
,NA,NA
,NA,NA
,NA,NA
,NA,NA
,NA,NA
,NA,NA
,NA,NA
,NA,NA
,NA,NA
,NA,NA
,NA,NA
,NA,NA
,NA,NA
,NA,NA
,NA,NA
,NA,NA
,NA,NA
,NA,NA
,NA,NA
,NA,NA
,NA,NA
,NA,NA
,NA,NA
,NA,NA
,NA,NA
,NA,NA
,NA,NA
,NA,NA
,NA,NA
,NA,NA
,NA,NA
,NA,NA
,NA,NA
,NA,NA
,NA,NA
,NA,NA
,NA,NA
,NA,NA
,NA,NA
,NA,NA
,NA,NA
,NA,NA
,NA,NA
,NA,NA
,NA,NA
,NA,NA
,NA,NA
,NA,NA
,NA,NA
,NA,NA
,NA,NA
,NA,NA
,NA,NA
,NA,NA
,NA,NA
,NA,NA
,NA,NA
,NA,NA
,NA,NA
,NA,NA
,NA,NA
,NA,NA
,NA,NA
,NA,NA
,NA,NA
,NA,NA
,NA,NA
,NA,NA
,NA,NA
,NA,NA
,NA,NA
,NA,NA
,NA,NA
,NA,NA
,NA,NA
,NA,NA
,NA,NA
,NA,NA
,NA,NA
,NA,NA
,NA,NA
,NA,NA
,NA,NA
,NA,NA
,NA,NA
,NA,NA
,NA,NA
,NA,NA
,NA,NA
,NA,NA
,NA,NA
,NA,NA
,NA,NA
,NA,NA
,NA,NA
,NA,NA
,NA,NA
,NA,NA
,NA,NA
,NA,NA
,NA,NA
,NA,NA
,NA,NA
,NA,NA
,NA,NA
,NA,NA
,NA,NA
,NA,NA
,NA,NA
,NA,NA
,NA,NA
,NA,NA
,NA,NA
,NA,NA
,NA,NA
,NA,NA
,NA,NA
,NA,NA
,NA,NA
,NA,NA
,NA,NA
,NA,NA
,NA,NA
,NA,NA
,NA,NA
,NA,NA
,NA,NA
,NA,NA
,NA,NA
,NA,NA
,NA,NA
,NA,NA
,NA,NA
,NA,NA
,NA,NA
,NA,NA
,NA,NA
,NA,NA
,NA,NA
,NA,NA
,NA,NA
,NA,NA
,NA,NA
,NA,NA
,NA,NA
,NA,NA
,NA,NA
,NA,NA
,NA,NA
,NA,NA
,NA,NA
,NA,NA
,NA,NA
,NA,NA
,NA,NA
,NA,NA
,NA,NA
,NA,NA
,NA,NA
,NA,NA
,NA,NA
,NA,NA
,NA,NA
,NA,NA
,NA,NA
,NA,NA
,NA,NA
,NA,NA
,NA,NA
,NA,NA
,NA,NA
,NA,NA
,NA,NA
,NA,NA
,NA,NA
,NA,NA
,NA,NA
,NA,NA
,NA,NA
,NA,NA
,NA,NA
,NA,NA
,NA,NA
,NA,NA
,NA,NA
,NA,NA
,NA,NA
,NA,NA
,NA,NA
,NA,NA
,NA,NA
,NA,NA
,NA,NA
,NA,NA
,NA,NA
,NA,NA
,NA,NA
,NA,NA
,NA,NA
,NA,NA
,NA,NA
,NA,NA
,NA,NA
,NA,NA
,NA,NA
,NA,NA
,NA,NA
,NA,NA
,NA,NA
,NA,NA
,NA,NA
,NA,NA
,NA,NA
,NA,NA
,NA,NA
,NA,NA
,NA,NA
,NA,NA
,NA,NA
,NA,NA
,NA,NA
,NA,NA
,NA,NA
,NA,NA
,NA,NA
,NA,NA
,NA,NA
,NA,NA
,NA,NA
,NA,NA
,NA,NA
,NA,NA
,NA,NA
,NA,NA
,NA,NA
,NA,NA
,NA,NA
,NA,NA
,NA,NA
,NA,NA
,NA,NA
,NA,NA
,NA,NA
,NA,NA
,NA,NA
,NA,NA
,NA,NA
,NA,NA
,NA,NA
,NA,NA
,NA,NA
,NA,NA
,NA,NA
,NA,NA
,NA,NA
,NA,NA
,NA,NA
,NA,NA
,NA,NA
,NA,NA
,NA,NA
,NA,NA
,NA,NA
,NA,NA
,NA,NA
,NA,NA
,NA,NA
,NA,NA
,NA,NA
,NA,NA
,NA,NA
,NA,NA
,NA,NA
,NA,NA
,NA,NA
,NA,NA
,NA,NA
,NA,NA
,NA,NA
,NA,NA
,NA,NA
,NA,NA
,NA,NA
,NA,NA
,NA,NA
,NA,NA
,NA,NA
,NA,NA
,NA,NA
,NA,NA
,NA,NA
,NA,NA
,NA,NA
,NA,NA
,NA,NA
,NA,NA
,NA,NA
,NA,NA
,NA,NA
,NA,NA
,NA,NA
,NA,NA
,NA,NA
,NA,NA
,NA,NA
,NA,NA
,NA,NA
,NA,NA
,NA,NA
,NA,NA
,NA,NA
,NA,NA
,NA,NA
,NA,NA
,NA,NA
,NA,NA
,NA,NA
,NA,NA
,NA,NA
,NA,NA
,NA,NA
,NA,NA
,NA,NA
,NA,NA
,NA,NA
,NA,NA
,NA,NA
,NA,NA
,NA,NA
,NA,NA
,NA,NA
,NA,NA
,NA,NA
,NA,NA
,NA,NA
,NA,NA
,NA,NA
,NA,NA
,NA,NA
,NA,NA
,NA,NA
,NA,NA
,NA,NA
,NA,NA
,NA,NA
,NA,NA
,NA,NA
,NA,NA
,NA,NA
,NA,NA
,NA,NA
,NA,NA
,NA,NA
,NA,NA
,NA,NA
,NA,NA
,NA,NA
,NA,NA
,NA,NA
,NA,NA
,NA,NA
,NA,NA
,NA,NA
,NA,NA
,NA,NA
,NA,NA
,NA,NA
,NA,NA
,NA,NA
,NA,NA
,NA,NA
,NA,NA
,NA,NA
,NA,NA
,NA,NA
,NA,NA
,NA,NA
,NA,NA
,NA,NA
,NA,NA
,NA,NA
,NA,NA
,NA,NA
,NA,NA
,NA,NA
,NA,NA
,NA,NA
,NA,NA
,NA,NA
,NA,NA
,NA,NA
,NA,NA
,NA,NA
,NA,NA
,NA,NA
,NA,NA
,NA,NA
,NA,NA
,NA,NA
,NA,NA
,NA,NA
,NA,NA
,NA,NA
,NA,NA
,NA,NA
,NA,NA
,NA,NA
,NA,NA
,NA,NA
,NA,NA
,NA,NA
,NA,NA
,NA,NA
,NA,NA
,NA,NA
,NA,NA
,NA,NA
,NA,NA
,NA,NA
,NA,NA
,NA,NA
,NA,NA
,NA,NA
,NA,NA
,NA,NA
,NA,NA
,NA,NA
,NA,NA
,NA,NA
,NA,NA
,NA,NA
,NA,NA
,NA,NA
,NA,NA
,NA,NA
,NA,NA
,NA,NA
,NA,NA
,NA,NA
,NA,NA
,NA,NA
,NA,NA
,NA,NA
,NA,NA
,NA,NA
,NA,NA
,NA,NA
,NA,NA
,NA,NA
,NA,NA
,NA,NA
,NA,NA
,NA,NA
,NA,NA
,NA,NA
,NA,NA
,NA,NA
,NA,NA
,NA,NA
,NA,NA
,NA,NA
,NA,NA
,NA,NA
,NA,NA
,NA,NA
,NA,NA
,NA,NA
,NA,NA
,NA,NA
,NA,NA
,NA,NA
,NA,NA
,NA,NA
,NA,NA
,NA,NA
,NA,NA
,NA,NA
,NA,NA
,NA,NA
,NA,NA
,NA,NA
,NA,NA
,NA,NA
,NA,NA
,NA,NA
,NA,NA
,NA,NA
,NA,NA
,NA,NA
,NA,NA
,NA,NA
,NA,NA
,NA,NA
,NA,NA
,NA,NA
,NA,NA
,NA,NA
,NA,NA
,NA,NA
,NA,NA
,NA,NA
,NA,NA
,NA,NA
,NA,NA
,NA,NA
,NA,NA
,NA,NA
,NA,NA
,NA,NA
,NA,NA
,NA,NA
,NA,NA
,NA,NA
,NA,NA
,NA,NA
,NA,NA
,NA,NA
,NA,NA
,NA,NA
,NA,NA
,NA,NA
,NA,NA
,NA,NA
,NA,NA
,NA,NA
,NA,NA
,NA,NA
,NA,NA
,NA,NA
,NA,NA
,NA,NA
,NA,NA
,NA,NA
,NA,NA
,NA,NA
,NA,NA
,NA,NA
,NA,NA
,NA,NA
,NA,NA
,NA,NA
,NA,NA
,NA,NA
,NA,NA
,NA,NA
,NA,NA
,NA,NA
,NA,NA
,NA,NA
,NA,NA
,NA,NA
,NA,NA
,NA,NA
,NA,NA
,NA,NA
,NA,NA
,NA,NA
,NA,NA
,NA,NA
,NA,NA
,NA,NA
,NA,NA
,NA,NA
,NA,NA
,NA,NA
,NA,NA
,NA,NA
,NA,NA
,NA,NA
,NA,NA
,NA,NA
,NA,NA
,NA,NA
,NA,NA
,NA,NA
,NA,NA
,NA,NA
,NA,NA
,NA,NA
,NA,NA
,NA,NA
,NA,NA
,NA,NA
,NA,NA
,NA,NA
,NA,NA
,NA,NA
,NA,NA
,NA,NA
,NA,NA
,NA,NA
,NA,NA
,NA,NA
,NA,NA
,NA,NA
,NA,NA
,NA,NA
,NA,NA
,NA,NA
,NA,NA
,NA,NA
,NA,NA
,NA,NA
,NA,NA
,NA,NA
,NA,NA
,NA,NA
,NA,NA
,NA,NA
,NA,NA
,NA,NA
,NA,NA
,NA,NA
,NA,NA
,NA,NA
,NA,NA
,NA,NA
,NA,NA
,NA,NA
,NA,NA
,NA,NA
,NA,NA
,NA,NA
,NA,NA
,NA,NA
,NA,NA
,NA,NA
,NA,NA
,NA,NA
,NA,NA
,NA,NA
,NA,NA
,NA,NA
,NA,NA
,NA,NA
,NA,NA
,NA,NA
,NA,NA
,NA,NA
,NA,NA
,NA,NA
,NA,NA
,NA,NA
,NA,NA
,NA,NA
,NA,NA
,NA,NA
,NA,NA
,NA,NA
,NA,NA
,NA,NA
,NA,NA
,NA,NA
,NA,NA
,NA,NA
,NA,NA
,NA,NA
,NA,NA
,NA,NA
,NA,NA
,NA,NA
,NA,NA
,NA,NA
,NA,NA
,NA,NA
,NA,NA
,NA,NA
,NA,NA
,NA,NA
,NA,NA
,NA,NA
,NA,NA
,NA,NA
,NA,NA
,NA,NA
,NA,NA
,NA,NA
,NA,NA
,NA,NA
,NA,NA
,NA,NA
,NA,NA
,NA,NA
,NA,NA
,NA,NA
,NA,NA
,NA,NA
,NA,NA
,NA,NA
,NA,NA
,NA,NA
,NA,NA
,NA,NA
,NA,NA
,NA,NA
,NA,NA
,NA,NA
,NA,NA
,NA,NA
,NA,NA
,NA,NA
,NA,NA
,NA,NA
,NA,NA
,NA,NA
,NA,NA
,NA,NA
,NA,NA
,NA,NA
,NA,NA
,NA,NA
,NA,NA
,NA,NA
,NA,NA
,NA,NA
,NA,NA
,NA,NA
,NA,NA
,NA,NA
,NA,NA
,NA,NA
,NA,NA
,NA,NA
,NA,NA
